{
  "analysis": {
    "actuator_rate_hz": 231.90238351141176,
    "actuator_total_counts": {
      "allocator_value_residual": 1059,
      "neural_value": 13486,
      "unknown": 127
    },
    "allocator_fraction_critical_actuator": {
      "count": 8,
      "fraction": 0.10256410256410256,
      "total": 78
    },
    "allocator_fraction_critical_output": {
      "count": 6,
      "fraction": 0.08,
      "total": 75
    },
    "allocator_fraction_full_actuator": {
      "count": 1059,
      "fraction": 0.0721782988004362,
      "total": 14672
    },
    "allocator_fraction_full_output": {
      "count": 925,
      "fraction": 0.06327815022574908,
      "total": 14618
    },
    "exact_switch_state": {
      "angular_rate_norm_rad_s": 2.740845398830502,
      "angular_rate_xyz_rad_s": [
        1.4564940929412842,
        -2.0064070224761963,
        1.1684131622314453
      ],
      "angular_velocity_dt_ms": 0.0,
      "angular_velocity_timestamp_us": 27096000,
      "angular_velocity_topic": "vehicle_angular_velocity_groundtruth",
      "attitude_dt_ms": 0.0,
      "attitude_timestamp_us": 27096000,
      "attitude_topic": "vehicle_attitude_groundtruth",
      "local_position_dt_ms": 0.0,
      "local_position_timestamp_us": 27096000,
      "local_position_topic": "vehicle_local_position_groundtruth",
      "pitch_deg": 23.022075966700246,
      "pitch_rate_abs_rad_s": 2.0064070224761963,
      "position_ned_m": [
        -9.898974418640137,
        -2.8690102100372314,
        -2.5374755859375
      ],
      "roll_deg": 48.70876751469108,
      "roll_pitch_abs_deg": 48.70876751469108,
      "roll_rate_abs_rad_s": 1.4564940929412842,
      "switch_us": 27096000,
      "velocity_ned_m_s": [
        -6.210186958312988,
        -0.6767191886901855,
        -0.26710325479507446
      ],
      "velocity_norm_m_s": 6.252656640681971,
      "yaw_rate_abs_rad_s": 1.1684131622314453
    },
    "first_loss_us": 27452000,
    "loss_dt_s": 0.34,
    "loss_reason": "tilt>90",
    "mcnn_value_selfcheck": {
      "actuator_samples": 14672,
      "all_allocator_signature_residuals": 1059,
      "exact_neural_value_matches": 13486,
      "no_simultaneous_neural_timestamp_allocator_signature_residuals": 409,
      "simultaneous_neural_timestamp_nonmatches_with_allocator_signature": 650,
      "with_simultaneous_neural_control_timestamp": 14136
    },
    "nav23_duration_s": 63.268,
    "nav23_end_us": 90380000,
    "nav23_start_us": 27112000,
    "output_rate_hz": 231.04887146740847,
    "output_total_counts": {
      "allocator_value_residual": 925,
      "neural_value": 13568,
      "unknown": 125
    },
    "severity": {
      "controlled": false,
      "evidence": {
        "active_motor_nonfinite": {
          "first_nonfinite": null,
          "nan_count": 0,
          "neginf_count": 0,
          "nonfinite_count": 0,
          "posinf_count": 0,
          "samples": 14696
        },
        "active_motor_saturation_count": 58141,
        "active_motor_saturation_ratio": 0.9890616494284159,
        "analysis_start_us": 27112000,
        "angular_velocity_topic": "vehicle_angular_velocity_groundtruth",
        "attitude_quaternion_finite": true,
        "attitude_topic": "vehicle_attitude_groundtruth",
        "console": {
          "fault": false,
          "matches": [],
          "px4_timeout_rc": false
        },
        "controller": "mcnn",
        "controller_active_us": 27112000,
        "final_error_to_hover_m": 15.390606566314373,
        "last_angular_rate_norm_rad_s": 21.158739315643434,
        "last_pitch_deg": 5.844149842328555,
        "last_position_ned_m": [
          -15.07341480255127,
          -1.8010146617889404,
          0.03363037109375
        ],
        "last_roll_deg": 113.57411498414417,
        "last_window_angular_rate_max_rad_s": 22.788096842839213,
        "last_window_roll_pitch_max_deg": 179.57279827530894,
        "local_position_topic": "vehicle_local_position_groundtruth",
        "mission_end_reached": true,
        "mission_end_us": 90476000,
        "mode_confirmed": true,
        "network_output_nonfinite": {
          "first_nonfinite": null,
          "nan_count": 0,
          "neginf_count": 0,
          "nonfinite_count": 0,
          "posinf_count": 0,
          "samples": 14182
        },
        "neural_control_samples": 14182,
        "observation_nonfinite": {
          "first_nonfinite": null,
          "nan_count": 0,
          "neginf_count": 0,
          "nonfinite_count": 0,
          "posinf_count": 0,
          "samples": 14182
        },
        "post_switch_angular_rate_max_rad_s": 24.677192389719174,
        "post_switch_disarmed": false,
        "post_switch_error_to_hover_max_m": 15.390608899745864,
        "post_switch_failsafe": false,
        "post_switch_hover_ned": [
          0.0,
          0.0,
          -2.5
        ],
        "post_switch_min_altitude_agl_m": -0.03369140625,
        "post_switch_nav_states": [
          14,
          23
        ],
        "post_switch_roll_pitch_max_deg": 179.9806767595934,
        "switch_us": 27096000,
        "task_exit_code": 0
      },
      "reasons": [
        "angular_rate_loss_of_control",
        "attitude_tumble_over_90deg"
      ],
      "severity": 3,
      "severity_label": "S3_uncontrolled_tumble_or_loc",
      "thresholds": {
        "method_a_rate_tolerance_rad_s": 0.45,
        "method_a_roll_pitch_tolerance_deg": 8.0,
        "s0_angular_rate_rad_s": 1.0,
        "s0_final_error_m": 1.5,
        "s0_last_window_s": 2.0,
        "s0_min_altitude_agl_m": 1.0,
        "s0_roll_pitch_deg": 40.0,
        "s2_ground_contact_agl_m": 0.25,
        "s3_angular_rate_rad_s": 8.0,
        "s3_roll_pitch_deg": 90.0
      },
      "uncontrolled": true
    },
    "state_trigger": {
      "event": {
        "detail": {
          "controller_switch_s": 19.538164,
          "state": {
            "angular_rate_norm_rad_s": 2.740845398830502,
            "angular_rate_xyz_rad_s": [
              1.4564940929412842,
              -2.0064070224761963,
              1.1684131622314453
            ],
            "angular_velocity_timestamp_us": 1783849266885220,
            "attitude_timestamp_us": 1783849266885220,
            "elapsed_s": 19.538164,
            "pitch_deg": 23.022075966700246,
            "pitch_rate_abs_rad_s": 2.0064070224761963,
            "roll_deg": 48.70876751469108,
            "roll_pitch_abs_deg": 48.70876751469108,
            "roll_rate_abs_rad_s": 1.4564940929412842,
            "timestamp_us": 1783849266885220,
            "yaw_deg": -10.781807621112183,
            "yaw_rate_abs_rad_s": 1.1684131622314453
          },
          "trigger": {
            "angular_rate_norm_max_rad_s": 2.9,
            "angular_rate_norm_min_rad_s": 2.45,
            "deadline_s": 54.0,
            "enabled": true,
            "max_topic_age_s": 0.25,
            "method": "SIH groundtruth threshold crossing",
            "roll_pitch_abs_max_deg": 62.0,
            "roll_pitch_abs_min_deg": 48.0,
            "start_s": 18.0
          }
        },
        "elapsed_s": 19.538164,
        "name": "state_trigger",
        "timestamp_us": 1783849266885220
      },
      "fired": true,
      "match": {
        "angular_rate_error_norm_rad_s": 0.0,
        "matched": true,
        "pitch_error_deg": 0.0,
        "roll_error_deg": 0.0,
        "score": 0.0,
        "switch_us": 27096000
      },
      "task_exit_code": 0
    },
    "task": "tier05_fork_20260712T090728Z/stage1_smoke_hardened/evals/pair1_A_rep01_route_a_addendum3_diag_20260629_rp48_62_rate2p45_2p90_w6_r6_f045_s20262001/mcnn_gate3_route_a_addendum3_diag_20260629_rp48_62_rate2p45_2p90_w6_r6_f045_s20262001_mcnn_task.json",
    "ulog": "tier05_fork_20260712T090728Z/stage1_smoke_hardened/evals/pair1_A_rep01_route_a_addendum3_diag_20260629_rp48_62_rate2p45_2p90_w6_r6_f045_s20262001/mcnn_gate3_route_a_addendum3_diag_20260629_rp48_62_rate2p45_2p90_w6_r6_f045_s20262001_mcnn.ulg"
  },