{
  "analysis": {
    "actuator_rate_hz": 241.1764705882353,
    "actuator_total_counts": {
      "allocator_value_residual": 1414,
      "neural_value": 13724,
      "unknown": 196
    },
    "allocator_fraction_critical_actuator": {
      "count": 22,
      "fraction": 0.08396946564885496,
      "total": 262
    },
    "allocator_fraction_critical_output": {
      "count": 21,
      "fraction": 0.07894736842105263,
      "total": 266
    },
    "allocator_fraction_full_actuator": {
      "count": 1414,
      "fraction": 0.09221338202686839,
      "total": 15334
    },
    "allocator_fraction_full_output": {
      "count": 1282,
      "fraction": 0.08454233711421788,
      "total": 15164
    },
    "exact_switch_state": {
      "angular_rate_norm_rad_s": 0.8443543664863649,
      "angular_rate_xyz_rad_s": [
        0.2778890132904053,
        -0.7710471153259277,
        0.20297373831272125
      ],
      "angular_velocity_dt_ms": 0.0,
      "angular_velocity_timestamp_us": 26628000,
      "angular_velocity_topic": "vehicle_angular_velocity_groundtruth",
      "attitude_dt_ms": 0.0,
      "attitude_timestamp_us": 26628000,
      "attitude_topic": "vehicle_attitude_groundtruth",
      "local_position_dt_ms": 0.0,
      "local_position_timestamp_us": 26628000,
      "local_position_topic": "vehicle_local_position_groundtruth",
      "pitch_deg": 9.506866299968296,
      "pitch_rate_abs_rad_s": 0.7710471153259277,
      "position_ned_m": [
        -0.9152228832244873,
        -2.919248580932617,
        -2.439056396484375
      ],
      "roll_deg": 34.64136175971346,
      "roll_pitch_abs_deg": 34.64136175971346,
      "roll_rate_abs_rad_s": 0.2778890132904053,
      "switch_us": 26628000,
      "velocity_ned_m_s": [
        -3.0112016201019287,
        1.3064591884613037,
        0.00416690343990922
      ],
      "velocity_norm_m_s": 3.2824058510646923,
      "yaw_rate_abs_rad_s": 0.20297373831272125
    },
    "first_loss_us": 27848000,
    "loss_dt_s": 1.096,
    "loss_reason": "rate>8",
    "mcnn_value_selfcheck": {
      "actuator_samples": 15334,
      "all_allocator_signature_residuals": 1414,
      "exact_neural_value_matches": 13724,
      "no_simultaneous_neural_timestamp_allocator_signature_residuals": 420,
      "simultaneous_neural_timestamp_nonmatches_with_allocator_signature": 994,
      "with_simultaneous_neural_control_timestamp": 14718
    },
    "nav23_duration_s": 63.58,
    "nav23_end_us": 90332000,
    "nav23_start_us": 26752000,
    "output_rate_hz": 238.50267379679144,
    "output_total_counts": {
      "allocator_value_residual": 1282,
      "neural_value": 13683,
      "unknown": 199
    },
    "severity": {
      "controlled": false,
      "evidence": {
        "active_motor_nonfinite": {
          "first_nonfinite": null,
          "nan_count": 0,
          "neginf_count": 0,
          "nonfinite_count": 0,
          "posinf_count": 0,
          "samples": 15353
        },
        "active_motor_saturation_count": 45143,
        "active_motor_saturation_ratio": 0.7350843483358301,
        "analysis_start_us": 26752000,
        "angular_velocity_topic": "vehicle_angular_velocity_groundtruth",
        "attitude_quaternion_finite": true,
        "attitude_topic": "vehicle_attitude_groundtruth",
        "console": {
          "fault": false,
          "matches": [],
          "px4_timeout_rc": false
        },
        "controller": "mcnn",
        "controller_active_us": 26752000,
        "final_error_to_hover_m": 6.703980398695446,
        "last_angular_rate_norm_rad_s": 7.681983693084454,
        "last_pitch_deg": 23.631663788903893,
        "last_position_ned_m": [
          -5.913788318634033,
          1.9242526292800903,
          0.0035400390625
        ],
        "last_roll_deg": 110.79339776220954,
        "last_window_angular_rate_max_rad_s": 22.326170082788693,
        "last_window_roll_pitch_max_deg": 179.96277461816126,
        "local_position_topic": "vehicle_local_position_groundtruth",
        "mission_end_reached": true,
        "mission_end_us": 90408000,
        "mode_confirmed": true,
        "network_output_nonfinite": {
          "first_nonfinite": null,
          "nan_count": 0,
          "neginf_count": 0,
          "nonfinite_count": 0,
          "posinf_count": 0,
          "samples": 14728
        },
        "neural_control_samples": 14728,
        "observation_nonfinite": {
          "first_nonfinite": null,
          "nan_count": 0,
          "neginf_count": 0,
          "nonfinite_count": 0,
          "posinf_count": 0,
          "samples": 14728
        },
        "post_switch_angular_rate_max_rad_s": 24.205166592431087,
        "post_switch_disarmed": false,
        "post_switch_error_to_hover_max_m": 6.703983641045414,
        "post_switch_failsafe": false,
        "post_switch_hover_ned": [
          0.0,
          0.0,
          -2.5
        ],
        "post_switch_min_altitude_agl_m": -0.03045654296875,
        "post_switch_nav_states": [
          14,
          23
        ],
        "post_switch_roll_pitch_max_deg": 179.997444758465,
        "switch_us": 26628000,
        "task_exit_code": 0
      },
      "reasons": [
        "angular_rate_loss_of_control",
        "attitude_tumble_over_90deg"
      ],
      "severity": 3,
      "severity_label": "S3_uncontrolled_tumble_or_loc",
      "thresholds": {
        "method_a_rate_tolerance_rad_s": 0.45,
        "method_a_roll_pitch_tolerance_deg": 8.0,
        "s0_angular_rate_rad_s": 1.0,
        "s0_final_error_m": 1.5,
        "s0_last_window_s": 2.0,
        "s0_min_altitude_agl_m": 1.0,
        "s0_roll_pitch_deg": 40.0,
        "s2_ground_contact_agl_m": 0.25,
        "s3_angular_rate_rad_s": 8.0,
        "s3_roll_pitch_deg": 90.0
      },
      "uncontrolled": true
    },
    "state_trigger": {
      "event": {
        "detail": {
          "controller_switch_s": 18.345277,
          "state": {
            "angular_rate_norm_rad_s": 0.8443543664863649,
            "angular_rate_xyz_rad_s": [
              0.2778890132904053,
              -0.7710471153259277,
              0.20297373831272125
            ],
            "angular_velocity_timestamp_us": 1783856406951847,
            "attitude_timestamp_us": 1783856406951847,
            "elapsed_s": 18.255277,
            "pitch_deg": 9.506866299968296,
            "pitch_rate_abs_rad_s": 0.7710471153259277,
            "roll_deg": 34.64136175971346,
            "roll_pitch_abs_deg": 34.64136175971346,
            "roll_rate_abs_rad_s": 0.2778890132904053,
            "timestamp_us": 1783856406951847,
            "yaw_deg": -8.108621609763455,
            "yaw_rate_abs_rad_s": 0.20297373831272125
          },
          "trigger": {
            "angular_rate_norm_max_rad_s": 1.3278,
            "angular_rate_norm_min_rad_s": 0.6278,
            "deadline_s": 54.0,
            "enabled": true,
            "max_topic_age_s": 0.25,
            "method": "SIH groundtruth threshold crossing",
            "roll_pitch_abs_max_deg": 42.5,
            "roll_pitch_abs_min_deg": 34.5,
            "start_s": 18.0,
            "switch_delay_s": 0.09
          }
        },
        "elapsed_s": 18.255277,
        "name": "state_trigger",
        "timestamp_us": 1783856406951847
      },
      "fired": true,
      "match": {
        "angular_rate_error_norm_rad_s": 0.0,
        "matched": true,
        "pitch_error_deg": 0.0,
        "roll_error_deg": 0.0,
        "score": 0.0,
        "switch_us": 26628000
      },
      "task_exit_code": 0
    },
    "task": "tier05_fork_20260712T090728Z/stage3_adaptive_dense_21_40/evals/dense_low_modal_H_rep23_switch_severity_dense_sweep_20260630_wind_m_s_0_s2026062942/mcnn_gate3_switch_severity_dense_sweep_20260630_wind_m_s_0_s2026062942_mcnn_task.json",