{
  "analysis": {
    "actuator_rate_hz": 240.45055438056784,
    "actuator_total_counts": {
      "allocator_value_residual": 1363,
      "neural_value": 13493,
      "unknown": 151
    },
    "allocator_fraction_critical_actuator": {
      "count": 26,
      "fraction": 0.14054054054054055,
      "total": 185
    },
    "allocator_fraction_critical_output": {
      "count": 25,
      "fraction": 0.1358695652173913,
      "total": 184
    },
    "allocator_fraction_full_actuator": {
      "count": 1363,
      "fraction": 0.09082428200173252,
      "total": 15007
    },
    "allocator_fraction_full_output": {
      "count": 1232,
      "fraction": 0.08299649690110482,
      "total": 14844
    },
    "exact_switch_state": {
      "angular_rate_norm_rad_s": 2.62365254879467,
      "angular_rate_xyz_rad_s": [
        1.4695367813110352,
        -1.8467165231704712,
        1.1461467742919922
      ],
      "angular_velocity_dt_ms": 0.0,
      "angular_velocity_timestamp_us": 27900000,
      "angular_velocity_topic": "vehicle_angular_velocity_groundtruth",
      "attitude_dt_ms": 0.0,
      "attitude_timestamp_us": 27900000,
      "attitude_topic": "vehicle_attitude_groundtruth",
      "local_position_dt_ms": 0.0,
      "local_position_timestamp_us": 27900000,
      "local_position_topic": "vehicle_local_position_groundtruth",
      "pitch_deg": 25.411290172408837,
      "pitch_rate_abs_rad_s": 1.8467165231704712,
      "position_ned_m": [
        -9.033303260803223,
        -5.246070861816406,
        -2.366485595703125
      ],
      "roll_deg": 48.235836058882235,
      "roll_pitch_abs_deg": 48.235836058882235,
      "roll_rate_abs_rad_s": 1.4695367813110352,
      "switch_us": 27900000,
      "velocity_ned_m_s": [
        -6.240110874176025,
        -1.1183735132217407,
        -0.0761563703417778
      ],
      "velocity_norm_m_s": 6.339995491309868,
      "yaw_rate_abs_rad_s": 1.1461467742919922
    },
    "first_loss_us": 28680000,
    "loss_dt_s": 0.752,
    "loss_reason": "tilt>90",
    "mcnn_value_selfcheck": {
      "actuator_samples": 15007,
      "all_allocator_signature_residuals": 1363,
      "exact_neural_value_matches": 13493,
      "no_simultaneous_neural_timestamp_allocator_signature_residuals": 430,
      "simultaneous_neural_timestamp_nonmatches_with_allocator_signature": 933,
      "with_simultaneous_neural_control_timestamp": 14426
    },
    "nav23_duration_s": 62.412,
    "nav23_end_us": 90340000,
    "nav23_start_us": 27928000,
    "output_rate_hz": 237.83887713901174,
    "output_total_counts": {
      "allocator_value_residual": 1232,
      "neural_value": 13463,
      "unknown": 149
    },
    "severity": {
      "controlled": false,
      "evidence": {
        "active_motor_nonfinite": {
          "first_nonfinite": null,
          "nan_count": 0,
          "neginf_count": 0,
          "nonfinite_count": 0,
          "posinf_count": 0,
          "samples": 15011
        },
        "active_motor_saturation_count": 50960,
        "active_motor_saturation_ratio": 0.848710945306775,
        "analysis_start_us": 27928000,
        "angular_velocity_topic": "vehicle_angular_velocity_groundtruth",
        "attitude_quaternion_finite": true,
        "attitude_topic": "vehicle_attitude_groundtruth",
        "console": {
          "fault": false,
          "matches": [],
          "px4_timeout_rc": false
        },
        "controller": "mcnn",
        "controller_active_us": 27928000,
        "final_error_to_hover_m": 15.272748821856382,
        "last_angular_rate_norm_rad_s": 19.667482140765713,
        "last_pitch_deg": -26.22486456710979,
        "last_position_ned_m": [
          -14.39687442779541,
          -4.441845893859863,
          0.001373291015625
        ],
        "last_roll_deg": 152.5245127273518,
        "last_window_angular_rate_max_rad_s": 20.410612207874216,
        "last_window_roll_pitch_max_deg": 178.1993167161031,
        "local_position_topic": "vehicle_local_position_groundtruth",
        "mission_end_reached": true,
        "mission_end_us": 90356000,
        "mode_confirmed": true,
        "network_output_nonfinite": {
          "first_nonfinite": null,
          "nan_count": 0,
          "neginf_count": 0,
          "nonfinite_count": 0,
          "posinf_count": 0,
          "samples": 14435
        },
        "neural_control_samples": 14435,
        "observation_nonfinite": {
          "first_nonfinite": null,
          "nan_count": 0,
          "neginf_count": 0,
          "nonfinite_count": 0,
          "posinf_count": 0,
          "samples": 14435
        },
        "post_switch_angular_rate_max_rad_s": 23.68701548263482,
        "post_switch_disarmed": false,
        "post_switch_error_to_hover_max_m": 15.272748821856382,
        "post_switch_failsafe": false,
        "post_switch_hover_ned": [
          0.0,
          0.0,
          -2.5
        ],
        "post_switch_min_altitude_agl_m": -0.033935546875,
        "post_switch_nav_states": [
          14,
          23
        ],
        "post_switch_roll_pitch_max_deg": 179.9790738007171,
        "switch_us": 27900000,
        "task_exit_code": 0
      },
      "reasons": [
        "angular_rate_loss_of_control",
        "attitude_tumble_over_90deg"
      ],
      "severity": 3,
      "severity_label": "S3_uncontrolled_tumble_or_loc",
      "thresholds": {
        "method_a_rate_tolerance_rad_s": 0.45,
        "method_a_roll_pitch_tolerance_deg": 8.0,
        "s0_angular_rate_rad_s": 1.0,
        "s0_final_error_m": 1.5,
        "s0_last_window_s": 2.0,
        "s0_min_altitude_agl_m": 1.0,
        "s0_roll_pitch_deg": 40.0,
        "s2_ground_contact_agl_m": 0.25,
        "s3_angular_rate_rad_s": 8.0,
        "s3_roll_pitch_deg": 90.0
      },
      "uncontrolled": true
    },
    "state_trigger": {
      "event": {
        "detail": {
          "controller_switch_s": 19.529069,
          "state": {
            "angular_rate_norm_rad_s": 2.62365254879467,
            "angular_rate_xyz_rad_s": [
              1.4695367813110352,
              -1.8467165231704712,
              1.1461467742919922
            ],
            "angular_velocity_timestamp_us": 1783851067697832,
            "attitude_timestamp_us": 1783851067697832,
            "elapsed_s": 19.529069,
            "pitch_deg": 25.411290172408837,
            "pitch_rate_abs_rad_s": 1.8467165231704712,
            "roll_deg": 48.235836058882235,
            "roll_pitch_abs_deg": 48.235836058882235,
            "roll_rate_abs_rad_s": 1.4695367813110352,
            "timestamp_us": 1783851067697832,
            "yaw_deg": -11.950110997543351,
            "yaw_rate_abs_rad_s": 1.1461467742919922
          },
          "trigger": {
            "angular_rate_norm_max_rad_s": 2.9,
            "angular_rate_norm_min_rad_s": 2.45,
            "deadline_s": 54.0,
            "enabled": true,
            "max_topic_age_s": 0.25,
            "method": "SIH groundtruth threshold crossing",
            "roll_pitch_abs_max_deg": 62.0,
            "roll_pitch_abs_min_deg": 48.0,
            "start_s": 18.0
          }
        },
        "elapsed_s": 19.529069,
        "name": "state_trigger",
        "timestamp_us": 1783851067697832
      },
      "fired": true,
      "match": {
        "angular_rate_error_norm_rad_s": 0.0,
        "matched": true,
        "pitch_error_deg": 0.0,
        "roll_error_deg": 6.3611093629270335e-15,
        "score": 6.3611093629270335e-15,
        "switch_us": 27900000
      },
      "task_exit_code": 0
    },
    "task": "tier05_fork_20260712T090728Z/stage2_gate_a/evals/pair1_A_rep08_route_a_addendum3_diag_20260629_rp48_62_rate2p45_2p90_w6_r6_f045_s20262001/mcnn_gate3_route_a_addendum3_diag_20260629_rp48_62_rate2p45_2p90_w6_r6_f045_s20262001_mcnn_task.json",