{
  "analysis": {
    "actuator_rate_hz": 241.28037443098032,
    "actuator_total_counts": {
      "allocator_value_residual": 1379,
      "neural_value": 13518,
      "unknown": 156
    },
    "allocator_fraction_critical_actuator": {
      "count": 17,
      "fraction": 0.10059171597633136,
      "total": 169
    },
    "allocator_fraction_critical_output": {
      "count": 15,
      "fraction": 0.09202453987730061,
      "total": 163
    },
    "allocator_fraction_full_actuator": {
      "count": 1379,
      "fraction": 0.09160964591775726,
      "total": 15053
    },
    "allocator_fraction_full_output": {
      "count": 1258,
      "fraction": 0.08458848843464228,
      "total": 14872
    },
    "exact_switch_state": {
      "angular_rate_norm_rad_s": 2.629711887219197,
      "angular_rate_xyz_rad_s": [
        1.4737837314605713,
        -1.8390412330627441,
        1.1667362451553345
      ],
      "angular_velocity_dt_ms": 0.0,
      "angular_velocity_timestamp_us": 27896000,
      "angular_velocity_topic": "vehicle_angular_velocity_groundtruth",
      "attitude_dt_ms": 0.0,
      "attitude_timestamp_us": 27896000,
      "attitude_topic": "vehicle_attitude_groundtruth",
      "local_position_dt_ms": 0.0,
      "local_position_timestamp_us": 27896000,
      "local_position_topic": "vehicle_local_position_groundtruth",
      "pitch_deg": 25.064445229117755,
      "pitch_rate_abs_rad_s": 1.8390412330627441,
      "position_ned_m": [
        -9.416491508483887,
        -5.171801567077637,
        -2.28692626953125
      ],
      "roll_deg": 48.13669286366201,
      "roll_pitch_abs_deg": 48.13669286366201,
      "roll_rate_abs_rad_s": 1.4737837314605713,
      "switch_us": 27896000,
      "velocity_ned_m_s": [
        -6.257558822631836,
        -1.107060432434082,
        -0.08092391490936279
      ],
      "velocity_norm_m_s": 6.355247744955575,
      "yaw_rate_abs_rad_s": 1.1667362451553345
    },
    "first_loss_us": 28628000,
    "loss_dt_s": 0.7,
    "loss_reason": "tilt>90",
    "mcnn_value_selfcheck": {
      "actuator_samples": 15053,
      "all_allocator_signature_residuals": 1379,
      "exact_neural_value_matches": 13518,
      "no_simultaneous_neural_timestamp_allocator_signature_residuals": 412,
      "simultaneous_neural_timestamp_nonmatches_with_allocator_signature": 967,
      "with_simultaneous_neural_control_timestamp": 14485
    },
    "nav23_duration_s": 62.388,
    "nav23_end_us": 90316000,
    "nav23_start_us": 27928000,
    "output_rate_hz": 238.37917548246457,
    "output_total_counts": {
      "allocator_value_residual": 1258,
      "neural_value": 13460,
      "unknown": 154
    },
    "severity": {
      "controlled": false,
      "evidence": {
        "active_motor_nonfinite": {
          "first_nonfinite": null,
          "nan_count": 0,
          "neginf_count": 0,
          "nonfinite_count": 0,
          "posinf_count": 0,
          "samples": 15068
        },
        "active_motor_saturation_count": 51245,
        "active_motor_saturation_ratio": 0.8502289620387576,
        "analysis_start_us": 27928000,
        "angular_velocity_topic": "vehicle_angular_velocity_groundtruth",
        "attitude_quaternion_finite": true,
        "attitude_topic": "vehicle_attitude_groundtruth",
        "console": {
          "fault": false,
          "matches": [],
          "px4_timeout_rc": false
        },
        "controller": "mcnn",
        "controller_active_us": 27928000,
        "final_error_to_hover_m": 14.739985964988266,
        "last_angular_rate_norm_rad_s": 21.480303969786146,
        "last_pitch_deg": 28.965408777140485,
        "last_position_ned_m": [
          -13.89313793182373,
          -4.241908073425293,
          0.000823974609375
        ],
        "last_roll_deg": 102.41398315000261,
        "last_window_angular_rate_max_rad_s": 22.72276198065982,
        "last_window_roll_pitch_max_deg": 142.10577836636904,
        "local_position_topic": "vehicle_local_position_groundtruth",
        "mission_end_reached": true,
        "mission_end_us": 90376000,
        "mode_confirmed": true,
        "network_output_nonfinite": {
          "first_nonfinite": null,
          "nan_count": 0,
          "neginf_count": 0,
          "nonfinite_count": 0,
          "posinf_count": 0,
          "samples": 14513
        },
        "neural_control_samples": 14513,
        "observation_nonfinite": {
          "first_nonfinite": null,
          "nan_count": 0,
          "neginf_count": 0,
          "nonfinite_count": 0,
          "posinf_count": 0,
          "samples": 14513
        },
        "post_switch_angular_rate_max_rad_s": 22.761514958187878,
        "post_switch_disarmed": false,
        "post_switch_error_to_hover_max_m": 14.739985964988266,
        "post_switch_failsafe": false,
        "post_switch_hover_ned": [
          0.0,
          0.0,
          -2.5
        ],
        "post_switch_min_altitude_agl_m": -0.029205322265625,
        "post_switch_nav_states": [
          14,
          23
        ],
        "post_switch_roll_pitch_max_deg": 179.9714339816915,
        "switch_us": 27896000,
        "task_exit_code": 0
      },
      "reasons": [
        "angular_rate_loss_of_control",
        "attitude_tumble_over_90deg"
      ],
      "severity": 3,
      "severity_label": "S3_uncontrolled_tumble_or_loc",
      "thresholds": {
        "method_a_rate_tolerance_rad_s": 0.45,
        "method_a_roll_pitch_tolerance_deg": 8.0,
        "s0_angular_rate_rad_s": 1.0,
        "s0_final_error_m": 1.5,
        "s0_last_window_s": 2.0,
        "s0_min_altitude_agl_m": 1.0,
        "s0_roll_pitch_deg": 40.0,
        "s2_ground_contact_agl_m": 0.25,
        "s3_angular_rate_rad_s": 8.0,
        "s3_roll_pitch_deg": 90.0
      },
      "uncontrolled": true
    },
    "state_trigger": {
      "event": {
        "detail": {
          "controller_switch_s": 19.527249,
          "state": {
            "angular_rate_norm_rad_s": 2.629711887219197,
            "angular_rate_xyz_rad_s": [
              1.4737837314605713,
              -1.8390412330627441,
              1.1667362451553345
            ],
            "angular_velocity_timestamp_us": 1783855513907724,
            "attitude_timestamp_us": 1783855513907724,
            "elapsed_s": 19.527249,
            "pitch_deg": 25.064445229117755,
            "pitch_rate_abs_rad_s": 1.8390412330627441,
            "roll_deg": 48.13669286366201,
            "roll_pitch_abs_deg": 48.13669286366201,
            "roll_rate_abs_rad_s": 1.4737837314605713,
            "timestamp_us": 1783855513907724,
            "yaw_deg": -12.509283594196814,
            "yaw_rate_abs_rad_s": 1.1667362451553345
          },
          "trigger": {
            "angular_rate_norm_max_rad_s": 2.9,
            "angular_rate_norm_min_rad_s": 2.45,
            "deadline_s": 54.0,
            "enabled": true,
            "max_topic_age_s": 0.25,
            "method": "SIH groundtruth threshold crossing",
            "roll_pitch_abs_max_deg": 62.0,
            "roll_pitch_abs_min_deg": 48.0,
            "start_s": 18.0
          }
        },
        "elapsed_s": 19.527249,
        "name": "state_trigger",
        "timestamp_us": 1783855513907724
      },
      "fired": true,
      "match": {
        "angular_rate_error_norm_rad_s": 0.0,
        "matched": true,
        "pitch_error_deg": 3.1805546814635168e-15,
        "roll_error_deg": 6.3611093629270335e-15,
        "score": 9.54166404439055e-15,
        "switch_us": 27896000
      },
      "task_exit_code": 0
    },
    "task": "tier05_fork_20260712T090728Z/stage3_initial/evals/pair1_H_rep12_route_a_addendum3_diag_20260629_rp48_62_rate2p45_2p90_w6_r6_f045_s20262001/mcnn_gate3_route_a_addendum3_diag_20260629_rp48_62_rate2p45_2p90_w6_r6_f045_s20262001_mcnn_task.json",