{
  "analysis": {
    "actuator_rate_hz": 234.44908021998862,
    "actuator_total_counts": {
      "allocator_value_residual": 1776,
      "neural_value": 12942,
      "unknown": 117
    },
    "allocator_fraction_critical_actuator": {
      "count": 43,
      "fraction": 0.24157303370786518,
      "total": 178
    },
    "allocator_fraction_critical_output": {
      "count": 40,
      "fraction": 0.23255813953488372,
      "total": 172
    },
    "allocator_fraction_full_actuator": {
      "count": 1776,
      "fraction": 0.11971688574317492,
      "total": 14835
    },
    "allocator_fraction_full_output": {
      "count": 1676,
      "fraction": 0.1145982905982906,
      "total": 14625
    },
    "exact_switch_state": {
      "angular_rate_norm_rad_s": 2.5092552476607195,
      "angular_rate_xyz_rad_s": [
        1.1697404384613037,
        -1.9239906072616577,
        1.1073975563049316
      ],
      "angular_velocity_dt_ms": 0.0,
      "angular_velocity_timestamp_us": 27156000,
      "angular_velocity_topic": "vehicle_angular_velocity_groundtruth",
      "attitude_dt_ms": 0.0,
      "attitude_timestamp_us": 27156000,
      "attitude_topic": "vehicle_attitude_groundtruth",
      "local_position_dt_ms": 0.0,
      "local_position_timestamp_us": 27156000,
      "local_position_topic": "vehicle_local_position_groundtruth",
      "pitch_deg": 19.1898533212916,
      "pitch_rate_abs_rad_s": 1.9239906072616577,
      "position_ned_m": [
        -10.076153755187988,
        -4.311425685882568,
        -3.31634521484375
      ],
      "roll_deg": 48.32457896107668,
      "roll_pitch_abs_deg": 48.32457896107668,
      "roll_rate_abs_rad_s": 1.1697404384613037,
      "switch_us": 27156000,
      "velocity_ned_m_s": [
        -6.502999305725098,
        -0.5519426465034485,
        -0.563466489315033
      ],
      "velocity_norm_m_s": 6.550659137817456,
      "yaw_rate_abs_rad_s": 1.1073975563049316
    },
    "first_loss_us": 27956000,
    "loss_dt_s": 0.772,
    "loss_reason": "rate>8",
    "mcnn_value_selfcheck": {
      "actuator_samples": 14835,
      "all_allocator_signature_residuals": 1776,
      "exact_neural_value_matches": 12942,
      "no_simultaneous_neural_timestamp_allocator_signature_residuals": 196,
      "simultaneous_neural_timestamp_nonmatches_with_allocator_signature": 1580,
      "with_simultaneous_neural_control_timestamp": 14522
    },
    "nav23_duration_s": 63.276,
    "nav23_end_us": 90460000,
    "nav23_start_us": 27184000,
    "output_rate_hz": 231.13028636449837,
    "output_total_counts": {
      "allocator_value_residual": 1676,
      "neural_value": 12838,
      "unknown": 111
    },
    "severity": {
      "controlled": false,
      "evidence": {
        "active_motor_nonfinite": {
          "first_nonfinite": null,
          "nan_count": 0,
          "neginf_count": 0,
          "nonfinite_count": 0,
          "posinf_count": 0,
          "samples": 14847
        },
        "active_motor_saturation_count": 58211,
        "active_motor_saturation_ratio": 0.9801811813834445,
        "analysis_start_us": 27184000,
        "angular_velocity_topic": "vehicle_angular_velocity_groundtruth",
        "attitude_quaternion_finite": true,
        "attitude_topic": "vehicle_attitude_groundtruth",
        "console": {
          "fault": false,
          "matches": [],
          "px4_timeout_rc": false
        },
        "controller": "mcnn",
        "controller_active_us": 27184000,
        "final_error_to_hover_m": 16.430866083578195,
        "last_angular_rate_norm_rad_s": 22.70063452998591,
        "last_pitch_deg": 4.907601829647372,
        "last_position_ned_m": [
          -16.069469451904297,
          -2.315011739730835,
          0.027099609375
        ],
        "last_roll_deg": 35.83229822994301,
        "last_window_angular_rate_max_rad_s": 24.168152252273966,
        "last_window_roll_pitch_max_deg": 179.79483120213618,
        "local_position_topic": "vehicle_local_position_groundtruth",
        "mission_end_reached": true,
        "mission_end_us": 90512000,
        "mode_confirmed": true,
        "network_output_nonfinite": {
          "first_nonfinite": null,
          "nan_count": 0,
          "neginf_count": 0,
          "nonfinite_count": 0,
          "posinf_count": 0,
          "samples": 14518
        },
        "neural_control_samples": 14518,
        "observation_nonfinite": {
          "first_nonfinite": null,
          "nan_count": 0,
          "neginf_count": 0,
          "nonfinite_count": 0,
          "posinf_count": 0,
          "samples": 14518
        },
        "post_switch_angular_rate_max_rad_s": 24.741712661065414,
        "post_switch_disarmed": false,
        "post_switch_error_to_hover_max_m": 16.43086655386325,
        "post_switch_failsafe": false,
        "post_switch_hover_ned": [
          0.0,
          0.0,
          -2.5
        ],
        "post_switch_min_altitude_agl_m": -0.027130126953125,
        "post_switch_nav_states": [
          14,
          23
        ],
        "post_switch_roll_pitch_max_deg": 179.99663142995516,
        "switch_us": 27156000,
        "task_exit_code": 0
      },
      "reasons": [
        "angular_rate_loss_of_control",
        "attitude_tumble_over_90deg"
      ],
      "severity": 3,
      "severity_label": "S3_uncontrolled_tumble_or_loc",
      "thresholds": {
        "method_a_rate_tolerance_rad_s": 0.45,
        "method_a_roll_pitch_tolerance_deg": 8.0,
        "s0_angular_rate_rad_s": 1.0,
        "s0_final_error_m": 1.5,
        "s0_last_window_s": 2.0,
        "s0_min_altitude_agl_m": 1.0,
        "s0_roll_pitch_deg": 40.0,
        "s2_ground_contact_agl_m": 0.25,
        "s3_angular_rate_rad_s": 8.0,
        "s3_roll_pitch_deg": 90.0
      },
      "uncontrolled": true
    },
    "state_trigger": {
      "event": {
        "detail": {
          "controller_switch_s": 19.564722,
          "state": {
            "angular_rate_norm_rad_s": 2.5092552476607195,
            "angular_rate_xyz_rad_s": [
              1.1697404384613037,
              -1.9239906072616577,
              1.1073975563049316
            ],
            "angular_velocity_timestamp_us": 1783609613141591,
            "attitude_timestamp_us": 1783609613141591,
            "elapsed_s": 19.564722,
            "pitch_deg": 19.1898533212916,
            "pitch_rate_abs_rad_s": 1.9239906072616577,
            "roll_deg": 48.32457896107668,
            "roll_pitch_abs_deg": 48.32457896107668,
            "roll_rate_abs_rad_s": 1.1697404384613037,
            "timestamp_us": 1783609613141591,
            "yaw_deg": -11.222074560515155,
            "yaw_rate_abs_rad_s": 1.1073975563049316
          },
          "trigger": {
            "angular_rate_norm_max_rad_s": 2.9,
            "angular_rate_norm_min_rad_s": 2.45,
            "deadline_s": 54.0,
            "enabled": true,
            "max_topic_age_s": 0.25,
            "method": "SIH groundtruth threshold crossing",
            "roll_pitch_abs_max_deg": 62.0,
            "roll_pitch_abs_min_deg": 48.0,
            "start_s": 18.0
          }
        },
        "elapsed_s": 19.564722,
        "name": "state_trigger",
        "timestamp_us": 1783609613141591
      },
      "fired": true,
      "match": {
        "angular_rate_error_norm_rad_s": 0.0,
        "matched": true,
        "pitch_error_deg": 0.0,
        "roll_error_deg": 0.0,
        "score": 0.0,
        "switch_us": 27156000
      },
      "task_exit_code": 0
    },
    "task": "docs/px4_race_r4_gate_20260709/evals/pair1_A_rep02_route_a_addendum3_diag_20260629_rp48_62_rate2p45_2p90_w6_r6_f045_s20262001/mcnn_gate3_route_a_addendum3_diag_20260629_rp48_62_rate2p45_2p90_w6_r6_f045_s20262001_mcnn_task.json",
    "ulog": "docs/px4_race_r4_gate_20260709/evals/pair1_A_rep02_route_a_addendum3_diag_20260629_rp48_62_rate2p45_2p90_w6_r6_f045_s20262001/mcnn_gate3_route_a_addendum3_diag_20260629_rp48_62_rate2p45_2p90_w6_r6_f045_s20262001_mcnn.ulg"
  },
  "arm": "A",