{
  "analysis": {
    "actuator_rate_hz": 240.51139272913466,
    "actuator_total_counts": {
      "allocator_value_residual": 1343,
      "neural_value": 13525,
      "unknown": 163
    },
    "allocator_fraction_critical_actuator": {
      "count": 15,
      "fraction": 0.09933774834437085,
      "total": 151
    },
    "allocator_fraction_critical_output": {
      "count": 12,
      "fraction": 0.08053691275167785,
      "total": 149
    },
    "allocator_fraction_full_actuator": {
      "count": 1343,
      "fraction": 0.0893486793959151,
      "total": 15031
    },
    "allocator_fraction_full_output": {
      "count": 1198,
      "fraction": 0.08091314332027556,
      "total": 14806
    },
    "exact_switch_state": {
      "angular_rate_norm_rad_s": 2.608571757837752,
      "angular_rate_xyz_rad_s": [
        1.4753025770187378,
        -1.8138761520385742,
        1.1567118167877197
      ],
      "angular_velocity_dt_ms": 0.0,
      "angular_velocity_timestamp_us": 27884000,
      "angular_velocity_topic": "vehicle_angular_velocity_groundtruth",
      "attitude_dt_ms": 0.0,
      "attitude_timestamp_us": 27884000,
      "attitude_topic": "vehicle_attitude_groundtruth",
      "local_position_dt_ms": 0.0,
      "local_position_timestamp_us": 27884000,
      "local_position_topic": "vehicle_local_position_groundtruth",
      "pitch_deg": 25.174041594464747,
      "pitch_rate_abs_rad_s": 1.8138761520385742,
      "position_ned_m": [
        -9.05191707611084,
        -5.809349536895752,
        -2.36572265625
      ],
      "roll_deg": 48.31776836467832,
      "roll_pitch_abs_deg": 48.31776836467832,
      "roll_rate_abs_rad_s": 1.4753025770187378,
      "switch_us": 27884000,
      "velocity_ned_m_s": [
        -6.2519659996032715,
        -1.1113311052322388,
        -0.09097953140735626
      ],
      "velocity_norm_m_s": 6.350623037213525,
      "yaw_rate_abs_rad_s": 1.1567118167877197
    },
    "first_loss_us": 28536000,
    "loss_dt_s": 0.632,
    "loss_reason": "tilt>90",
    "mcnn_value_selfcheck": {
      "actuator_samples": 15031,
      "all_allocator_signature_residuals": 1343,
      "exact_neural_value_matches": 13525,
      "no_simultaneous_neural_timestamp_allocator_signature_residuals": 434,
      "simultaneous_neural_timestamp_nonmatches_with_allocator_signature": 909,
      "with_simultaneous_neural_control_timestamp": 14434
    },
    "nav23_duration_s": 62.496,
    "nav23_end_us": 90400000,
    "nav23_start_us": 27904000,
    "output_rate_hz": 236.91116231438812,
    "output_total_counts": {
      "allocator_value_residual": 1198,
      "neural_value": 13454,
      "unknown": 154
    },
    "severity": {
      "controlled": false,
      "evidence": {
        "active_motor_nonfinite": {
          "first_nonfinite": null,
          "nan_count": 0,
          "neginf_count": 0,
          "nonfinite_count": 0,
          "posinf_count": 0,
          "samples": 15031
        },
        "active_motor_saturation_count": 48021,
        "active_motor_saturation_ratio": 0.7986993546670215,
        "analysis_start_us": 27904000,
        "angular_velocity_topic": "vehicle_angular_velocity_groundtruth",
        "attitude_quaternion_finite": true,
        "attitude_topic": "vehicle_attitude_groundtruth",
        "console": {
          "fault": false,
          "matches": [],
          "px4_timeout_rc": false
        },
        "controller": "mcnn",
        "controller_active_us": 27904000,
        "final_error_to_hover_m": 15.081520395899952,
        "last_angular_rate_norm_rad_s": 12.39200683520749,
        "last_pitch_deg": -2.819967329679985,
        "last_position_ned_m": [
          -14.03376293182373,
          -4.924439907073975,
          0.001129150390625
        ],
        "last_roll_deg": 76.66019062405164,
        "last_window_angular_rate_max_rad_s": 20.27741888893796,
        "last_window_roll_pitch_max_deg": 121.10926639573978,
        "local_position_topic": "vehicle_local_position_groundtruth",
        "mission_end_reached": true,
        "mission_end_us": 90400000,
        "mode_confirmed": true,
        "network_output_nonfinite": {
          "first_nonfinite": null,
          "nan_count": 0,
          "neginf_count": 0,
          "nonfinite_count": 0,
          "posinf_count": 0,
          "samples": 14437
        },
        "neural_control_samples": 14437,
        "observation_nonfinite": {
          "first_nonfinite": null,
          "nan_count": 0,
          "neginf_count": 0,
          "nonfinite_count": 0,
          "posinf_count": 0,
          "samples": 14437
        },
        "post_switch_angular_rate_max_rad_s": 21.78211100697232,
        "post_switch_disarmed": false,
        "post_switch_error_to_hover_max_m": 15.081520395899952,
        "post_switch_failsafe": false,
        "post_switch_hover_ned": [
          0.0,
          0.0,
          -2.5
        ],
        "post_switch_min_altitude_agl_m": -0.0177001953125,
        "post_switch_nav_states": [
          14,
          23
        ],
        "post_switch_roll_pitch_max_deg": 179.99329977242718,
        "switch_us": 27884000,
        "task_exit_code": 0
      },
      "reasons": [
        "angular_rate_loss_of_control",
        "attitude_tumble_over_90deg"
      ],
      "severity": 3,
      "severity_label": "S3_uncontrolled_tumble_or_loc",
      "thresholds": {
        "method_a_rate_tolerance_rad_s": 0.45,
        "method_a_roll_pitch_tolerance_deg": 8.0,
        "s0_angular_rate_rad_s": 1.0,
        "s0_final_error_m": 1.5,
        "s0_last_window_s": 2.0,
        "s0_min_altitude_agl_m": 1.0,
        "s0_roll_pitch_deg": 40.0,
        "s2_ground_contact_agl_m": 0.25,
        "s3_angular_rate_rad_s": 8.0,
        "s3_roll_pitch_deg": 90.0
      },
      "uncontrolled": true
    },
    "state_trigger": {
      "event": {
        "detail": {
          "controller_switch_s": 19.529863,
          "state": {
            "angular_rate_norm_rad_s": 2.608571757837752,
            "angular_rate_xyz_rad_s": [
              1.4753025770187378,
              -1.8138761520385742,
              1.1567118167877197
            ],
            "angular_velocity_timestamp_us": 1783856142107979,
            "attitude_timestamp_us": 1783856142107979,
            "elapsed_s": 19.529863,
            "pitch_deg": 25.174041594464747,
            "pitch_rate_abs_rad_s": 1.8138761520385742,
            "roll_deg": 48.31776836467832,
            "roll_pitch_abs_deg": 48.31776836467832,
            "roll_rate_abs_rad_s": 1.4753025770187378,
            "timestamp_us": 1783856142107979,
            "yaw_deg": -12.280351625995827,
            "yaw_rate_abs_rad_s": 1.1567118167877197
          },
          "trigger": {
            "angular_rate_norm_max_rad_s": 2.9,
            "angular_rate_norm_min_rad_s": 2.45,
            "deadline_s": 54.0,
            "enabled": true,
            "max_topic_age_s": 0.25,
            "method": "SIH groundtruth threshold crossing",
            "roll_pitch_abs_max_deg": 62.0,
            "roll_pitch_abs_min_deg": 48.0,
            "start_s": 18.0
          }
        },
        "elapsed_s": 19.529863,
        "name": "state_trigger",
        "timestamp_us": 1783856142107979
      },
      "fired": true,
      "match": {
        "angular_rate_error_norm_rad_s": 0.0,
        "matched": true,
        "pitch_error_deg": 3.1805546814635168e-15,
        "roll_error_deg": 0.0,
        "score": 3.1805546814635168e-15,
        "switch_us": 27884000
      },
      "task_exit_code": 0
    },
    "task": "tier05_fork_20260712T090728Z/stage3_initial/evals/pair1_H_rep20_route_a_addendum3_diag_20260629_rp48_62_rate2p45_2p90_w6_r6_f045_s20262001/mcnn_gate3_route_a_addendum3_diag_20260629_rp48_62_rate2p45_2p90_w6_r6_f045_s20262001_mcnn_task.json",