{
  "analysis": {
    "actuator_rate_hz": 229.00835866261397,
    "actuator_total_counts": {
      "allocator_value_residual": 949,
      "neural_value": 13355,
      "unknown": 162
    },
    "allocator_fraction_critical_actuator": {
      "count": 11,
      "fraction": 0.062146892655367235,
      "total": 177
    },
    "allocator_fraction_critical_output": {
      "count": 10,
      "fraction": 0.056179775280898875,
      "total": 178
    },
    "allocator_fraction_full_actuator": {
      "count": 949,
      "fraction": 0.06560210147933085,
      "total": 14466
    },
    "allocator_fraction_full_output": {
      "count": 838,
      "fraction": 0.057868931703611626,
      "total": 14481
    },
    "exact_switch_state": {
      "angular_rate_norm_rad_s": 2.622846925134302,
      "angular_rate_xyz_rad_s": [
        1.516434669494629,
        -1.8939590454101562,
        0.9963287711143494
      ],
      "angular_velocity_dt_ms": 0.0,
      "angular_velocity_timestamp_us": 26968000,
      "angular_velocity_topic": "vehicle_angular_velocity_groundtruth",
      "attitude_dt_ms": 0.0,
      "attitude_timestamp_us": 26968000,
      "attitude_topic": "vehicle_attitude_groundtruth",
      "local_position_dt_ms": 0.0,
      "local_position_timestamp_us": 26968000,
      "local_position_topic": "vehicle_local_position_groundtruth",
      "pitch_deg": 22.35792724726641,
      "pitch_rate_abs_rad_s": 1.8939590454101562,
      "position_ned_m": [
        -8.840826988220215,
        -4.940436363220215,
        -2.27410888671875
      ],
      "roll_deg": 48.96754954468519,
      "roll_pitch_abs_deg": 48.96754954468519,
      "roll_rate_abs_rad_s": 1.516434669494629,
      "switch_us": 26968000,
      "velocity_ned_m_s": [
        -5.891755104064941,
        -0.7902644276618958,
        -0.4838981330394745
      ],
      "velocity_norm_m_s": 5.964180872094856,
      "yaw_rate_abs_rad_s": 0.9963287711143494
    },
    "first_loss_us": 27756000,
    "loss_dt_s": 0.76,
    "loss_reason": "tilt>90",
    "mcnn_value_selfcheck": {
      "actuator_samples": 14466,
      "all_allocator_signature_residuals": 949,
      "exact_neural_value_matches": 13355,
      "no_simultaneous_neural_timestamp_allocator_signature_residuals": 321,
      "simultaneous_neural_timestamp_nonmatches_with_allocator_signature": 628,
      "with_simultaneous_neural_control_timestamp": 13983
    },
    "nav23_duration_s": 63.168,
    "nav23_end_us": 90164000,
    "nav23_start_us": 26996000,
    "output_rate_hz": 229.245820668693,
    "output_total_counts": {
      "allocator_value_residual": 838,
      "neural_value": 13479,
      "unknown": 164
    },
    "severity": {
      "controlled": false,
      "evidence": {
        "active_motor_nonfinite": {
          "first_nonfinite": null,
          "nan_count": 0,
          "neginf_count": 0,
          "nonfinite_count": 0,
          "posinf_count": 0,
          "samples": 14548
        },
        "active_motor_saturation_count": 48210,
        "active_motor_saturation_ratio": 0.828464393731097,
        "analysis_start_us": 26996000,
        "angular_velocity_topic": "vehicle_angular_velocity_groundtruth",
        "attitude_quaternion_finite": true,
        "attitude_topic": "vehicle_attitude_groundtruth",
        "console": {
          "fault": false,
          "matches": [],
          "px4_timeout_rc": false
        },
        "controller": "mcnn",
        "controller_active_us": 26996000,
        "final_error_to_hover_m": 14.123347560756828,
        "last_angular_rate_norm_rad_s": 13.221983577505432,
        "last_pitch_deg": -53.61442696034793,
        "last_position_ned_m": [
          -13.217524528503418,
          -4.302506923675537,
          0.000885009765625
        ],
        "last_roll_deg": -32.70380688079146,
        "last_window_angular_rate_max_rad_s": 15.418307516141745,
        "last_window_roll_pitch_max_deg": 179.87308912000697,
        "local_position_topic": "vehicle_local_position_groundtruth",
        "mission_end_reached": true,
        "mission_end_us": 90516000,
        "mode_confirmed": true,
        "network_output_nonfinite": {
          "first_nonfinite": null,
          "nan_count": 0,
          "neginf_count": 0,
          "nonfinite_count": 0,
          "posinf_count": 0,
          "samples": 14081
        },
        "neural_control_samples": 14081,
        "observation_nonfinite": {
          "first_nonfinite": null,
          "nan_count": 0,
          "neginf_count": 0,
          "nonfinite_count": 0,
          "posinf_count": 0,
          "samples": 14081
        },
        "post_switch_angular_rate_max_rad_s": 23.030101898049658,
        "post_switch_disarmed": false,
        "post_switch_error_to_hover_max_m": 14.13829822765292,
        "post_switch_failsafe": false,
        "post_switch_hover_ned": [
          0.0,
          0.0,
          -2.5
        ],
        "post_switch_min_altitude_agl_m": -0.029083251953125,
        "post_switch_nav_states": [
          14,
          23
        ],
        "post_switch_roll_pitch_max_deg": 179.98388770781284,
        "switch_us": 26968000,
        "task_exit_code": 0
      },
      "reasons": [
        "angular_rate_loss_of_control",
        "attitude_tumble_over_90deg"
      ],
      "severity": 3,
      "severity_label": "S3_uncontrolled_tumble_or_loc",
      "thresholds": {
        "method_a_rate_tolerance_rad_s": 0.45,
        "method_a_roll_pitch_tolerance_deg": 8.0,
        "s0_angular_rate_rad_s": 1.0,
        "s0_final_error_m": 1.5,
        "s0_last_window_s": 2.0,
        "s0_min_altitude_agl_m": 1.0,
        "s0_roll_pitch_deg": 40.0,
        "s2_ground_contact_agl_m": 0.25,
        "s3_angular_rate_rad_s": 8.0,
        "s3_roll_pitch_deg": 90.0
      },
      "uncontrolled": true
    },
    "state_trigger": {
      "event": {
        "detail": {
          "controller_switch_s": 19.540437,
          "state": {
            "angular_rate_norm_rad_s": 2.622846925134302,
            "angular_rate_xyz_rad_s": [
              1.516434669494629,
              -1.8939590454101562,
              0.9963287711143494
            ],
            "angular_velocity_timestamp_us": 1783848802149750,
            "attitude_timestamp_us": 1783848802149750,
            "elapsed_s": 19.540437,
            "pitch_deg": 22.35792724726641,
            "pitch_rate_abs_rad_s": 1.8939590454101562,
            "roll_deg": 48.96754954468519,
            "roll_pitch_abs_deg": 48.96754954468519,
            "roll_rate_abs_rad_s": 1.516434669494629,
            "timestamp_us": 1783848802149750,
            "yaw_deg": -9.439177799960278,
            "yaw_rate_abs_rad_s": 0.9963287711143494
          },
          "trigger": {
            "angular_rate_norm_max_rad_s": 2.9,
            "angular_rate_norm_min_rad_s": 2.45,
            "deadline_s": 54.0,
            "enabled": true,
            "max_topic_age_s": 0.25,
            "method": "SIH groundtruth threshold crossing",
            "roll_pitch_abs_max_deg": 62.0,
            "roll_pitch_abs_min_deg": 48.0,
            "start_s": 18.0
          }
        },
        "elapsed_s": 19.540437,
        "name": "state_trigger",
        "timestamp_us": 1783848802149750
      },
      "fired": true,
      "match": {
        "angular_rate_error_norm_rad_s": 0.0,
        "matched": true,
        "pitch_error_deg": 3.1805546814635168e-15,
        "roll_error_deg": 0.0,
        "score": 3.1805546814635168e-15,
        "switch_us": 26968000
      },
      "task_exit_code": 0
    },
    "task": "tier05_fork_20260712T090728Z/stage0_legacy/evals/pair1_A_rep08_route_a_addendum3_diag_20260629_rp48_62_rate2p45_2p90_w6_r6_f045_s20262001/mcnn_gate3_route_a_addendum3_diag_20260629_rp48_62_rate2p45_2p90_w6_r6_f045_s20262001_mcnn_task.json",