{
  "analysis": {
    "actuator_rate_hz": 234.64116597995204,
    "actuator_total_counts": {
      "allocator_value_residual": 1072,
      "neural_value": 13901,
      "unknown": 289
    },
    "allocator_fraction_critical_actuator": {
      "count": 6,
      "fraction": 0.075,
      "total": 80
    },
    "allocator_fraction_critical_output": {
      "count": 6,
      "fraction": 0.0759493670886076,
      "total": 79
    },
    "allocator_fraction_full_actuator": {
      "count": 1072,
      "fraction": 0.07023981129602935,
      "total": 15262
    },
    "allocator_fraction_full_output": {
      "count": 947,
      "fraction": 0.06247113925720694,
      "total": 15159
    },
    "exact_switch_state": {
      "angular_rate_norm_rad_s": 1.9048477043999483,
      "angular_rate_xyz_rad_s": [
        -0.8836764693260193,
        -1.0399360656738281,
        1.3289445638656616
      ],
      "angular_velocity_dt_ms": 0.0,
      "angular_velocity_timestamp_us": 25284000,
      "angular_velocity_topic": "vehicle_angular_velocity_groundtruth",
      "attitude_dt_ms": 0.0,
      "attitude_timestamp_us": 25284000,
      "attitude_topic": "vehicle_attitude_groundtruth",
      "local_position_dt_ms": 0.0,
      "local_position_timestamp_us": 25284000,
      "local_position_topic": "vehicle_local_position_groundtruth",
      "pitch_deg": -36.28058209966239,
      "pitch_rate_abs_rad_s": 1.0399360656738281,
      "position_ned_m": [
        -4.827890396118164,
        -2.318856716156006,
        -2.29638671875
      ],
      "roll_deg": 32.50493746821411,
      "roll_pitch_abs_deg": 36.28058209966239,
      "roll_rate_abs_rad_s": 0.8836764693260193,
      "switch_us": 25284000,
      "velocity_ned_m_s": [
        -3.100426435470581,
        4.222602367401123,
        -0.05932271480560303
      ],
      "velocity_norm_m_s": 5.2389439794140085,
      "yaw_rate_abs_rad_s": 1.3289445638656616
    },
    "first_loss_us": 25644000,
    "loss_dt_s": 0.336,
    "loss_reason": "rate>8",
    "mcnn_value_selfcheck": {
      "actuator_samples": 15262,
      "all_allocator_signature_residuals": 1072,
      "exact_neural_value_matches": 13901,
      "no_simultaneous_neural_timestamp_allocator_signature_residuals": 380,
      "simultaneous_neural_timestamp_nonmatches_with_allocator_signature": 692,
      "with_simultaneous_neural_control_timestamp": 14593
    },
    "nav23_duration_s": 65.044,
    "nav23_end_us": 90352000,
    "nav23_start_us": 25308000,
    "output_rate_hz": 233.05762253243958,
    "output_total_counts": {
      "allocator_value_residual": 947,
      "neural_value": 13930,
      "unknown": 282
    },
    "severity": {
      "controlled": false,
      "evidence": {
        "active_motor_nonfinite": {
          "first_nonfinite": null,
          "nan_count": 0,
          "neginf_count": 0,
          "nonfinite_count": 0,
          "posinf_count": 0,
          "samples": 15278
        },
        "active_motor_saturation_count": 49238,
        "active_motor_saturation_ratio": 0.8057010079853384,
        "analysis_start_us": 25308000,
        "angular_velocity_topic": "vehicle_angular_velocity_groundtruth",
        "attitude_quaternion_finite": true,
        "attitude_topic": "vehicle_attitude_groundtruth",
        "console": {
          "fault": false,
          "matches": [],
          "px4_timeout_rc": false
        },
        "controller": "mcnn",
        "controller_active_us": 25308000,
        "final_error_to_hover_m": 8.10566600198534,
        "last_angular_rate_norm_rad_s": 22.465316368716326,
        "last_pitch_deg": -68.95868063038716,
        "last_position_ned_m": [
          -7.541374683380127,
          1.5776028633117676,
          0.01806640625
        ],
        "last_roll_deg": 149.1276306888778,
        "last_window_angular_rate_max_rad_s": 23.15416080658318,
        "last_window_roll_pitch_max_deg": 179.87331340029158,
        "local_position_topic": "vehicle_local_position_groundtruth",
        "mission_end_reached": true,
        "mission_end_us": 90424000,
        "mode_confirmed": true,
        "network_output_nonfinite": {
          "first_nonfinite": null,
          "nan_count": 0,
          "neginf_count": 0,
          "nonfinite_count": 0,
          "posinf_count": 0,
          "samples": 14621
        },
        "neural_control_samples": 14621,
        "observation_nonfinite": {
          "first_nonfinite": null,
          "nan_count": 0,
          "neginf_count": 0,
          "nonfinite_count": 0,
          "posinf_count": 0,
          "samples": 14621
        },
        "post_switch_angular_rate_max_rad_s": 24.95258183341003,
        "post_switch_disarmed": false,
        "post_switch_error_to_hover_max_m": 8.105753515388795,
        "post_switch_failsafe": false,
        "post_switch_hover_ned": [
          0.0,
          0.0,
          -2.5
        ],
        "post_switch_min_altitude_agl_m": -0.018310546875,
        "post_switch_nav_states": [
          14,
          23
        ],
        "post_switch_roll_pitch_max_deg": 179.97161955472257,
        "switch_us": 25284000,
        "task_exit_code": 0
      },
      "reasons": [
        "angular_rate_loss_of_control",
        "attitude_tumble_over_90deg"
      ],
      "severity": 3,
      "severity_label": "S3_uncontrolled_tumble_or_loc",
      "thresholds": {
        "method_a_rate_tolerance_rad_s": 0.45,
        "method_a_roll_pitch_tolerance_deg": 8.0,
        "s0_angular_rate_rad_s": 1.0,
        "s0_final_error_m": 1.5,
        "s0_last_window_s": 2.0,
        "s0_min_altitude_agl_m": 1.0,
        "s0_roll_pitch_deg": 40.0,
        "s2_ground_contact_agl_m": 0.25,
        "s3_angular_rate_rad_s": 8.0,
        "s3_roll_pitch_deg": 90.0
      },
      "uncontrolled": true
    },
    "state_trigger": {
      "event": {
        "detail": {
          "controller_switch_s": 18.005981,
          "state": {
            "angular_rate_norm_rad_s": 1.9048477043999483,
            "angular_rate_xyz_rad_s": [
              -0.8836764693260193,
              -1.0399360656738281,
              1.3289445638656616
            ],
            "angular_velocity_timestamp_us": 1783850022027765,
            "attitude_timestamp_us": 1783850022027765,
            "elapsed_s": 18.005981,
            "pitch_deg": -36.28058209966239,
            "pitch_rate_abs_rad_s": 1.0399360656738281,
            "roll_deg": 32.50493746821411,
            "roll_pitch_abs_deg": 36.28058209966239,
            "roll_rate_abs_rad_s": 0.8836764693260193,
            "timestamp_us": 1783850022027765,
            "yaw_deg": -10.268462031387106,
            "yaw_rate_abs_rad_s": 1.3289445638656616
          },
          "trigger": {
            "angular_rate_norm_max_rad_s": 2.15,
            "angular_rate_norm_min_rad_s": 1.55,
            "deadline_s": 54.0,
            "enabled": true,
            "max_topic_age_s": 0.25,
            "method": "SIH groundtruth threshold crossing",
            "roll_pitch_abs_max_deg": 44.0,
            "roll_pitch_abs_min_deg": 36.0,
            "start_s": 18.0
          }
        },
        "elapsed_s": 18.005981,
        "name": "state_trigger",
        "timestamp_us": 1783850022027765
      },
      "fired": true,
      "match": {
        "angular_rate_error_norm_rad_s": 0.0,
        "matched": true,
        "pitch_error_deg": 0.0,
        "roll_error_deg": 0.0,
        "score": 0.0,
        "switch_us": 25284000
      },
      "task_exit_code": 0
    },
    "task": "tier05_fork_20260712T090728Z/stage2_gate_a/evals/pair4_A_rep05_route_a_addendum3_diag_20260629_rp36_44_rate1p55_2p15_w3_r4_f038_s20261902/mcnn_gate3_route_a_addendum3_diag_20260629_rp36_44_rate1p55_2p15_w3_r4_f038_s20261902_mcnn_task.json",
    "ulog": "tier05_fork_20260712T090728Z/stage2_gate_a/evals/pair4_A_rep05_route_a_addendum3_diag_20260629_rp36_44_rate1p55_2p15_w3_r4_f038_s20261902/mcnn_gate3_route_a_addendum3_diag_20260629_rp36_44_rate1p55_2p15_w3_r4_f038_s20261902_mcnn.ulg"
  },
  "arm": "A",