{
  "analysis": {
    "actuator_rate_hz": 240.63363537047746,
    "actuator_total_counts": {
      "allocator_value_residual": 1337,
      "neural_value": 13473,
      "unknown": 168
    },
    "allocator_fraction_critical_actuator": {
      "count": 5,
      "fraction": 0.03731343283582089,
      "total": 134
    },
    "allocator_fraction_critical_output": {
      "count": 5,
      "fraction": 0.03759398496240601,
      "total": 133
    },
    "allocator_fraction_full_actuator": {
      "count": 1337,
      "fraction": 0.08926425423955134,
      "total": 14978
    },
    "allocator_fraction_full_output": {
      "count": 1242,
      "fraction": 0.08382263616116623,
      "total": 14817
    },
    "exact_switch_state": {
      "angular_rate_norm_rad_s": 2.7072842766668526,
      "angular_rate_xyz_rad_s": [
        1.5814919471740723,
        -1.8794363737106323,
        1.1384156942367554
      ],
      "angular_velocity_dt_ms": 0.0,
      "angular_velocity_timestamp_us": 27876000,
      "angular_velocity_topic": "vehicle_angular_velocity_groundtruth",
      "attitude_dt_ms": 0.0,
      "attitude_timestamp_us": 27876000,
      "attitude_topic": "vehicle_attitude_groundtruth",
      "local_position_dt_ms": 0.0,
      "local_position_timestamp_us": 27876000,
      "local_position_topic": "vehicle_local_position_groundtruth",
      "pitch_deg": 25.486509214768105,
      "pitch_rate_abs_rad_s": 1.8794363737106323,
      "position_ned_m": [
        -9.193622589111328,
        -4.456270217895508,
        -2.238433837890625
      ],
      "roll_deg": 48.70581396248084,
      "roll_pitch_abs_deg": 48.70581396248084,
      "roll_rate_abs_rad_s": 1.5814919471740723,
      "switch_us": 27876000,
      "velocity_ned_m_s": [
        -6.241673946380615,
        -0.9939634799957275,
        -0.07759001851081848
      ],
      "velocity_norm_m_s": 6.320797201577052,
      "yaw_rate_abs_rad_s": 1.1384156942367554
    },
    "first_loss_us": 28440000,
    "loss_dt_s": 0.536,
    "loss_reason": "tilt>90",
    "mcnn_value_selfcheck": {
      "actuator_samples": 14978,
      "all_allocator_signature_residuals": 1337,
      "exact_neural_value_matches": 13473,
      "no_simultaneous_neural_timestamp_allocator_signature_residuals": 450,
      "simultaneous_neural_timestamp_nonmatches_with_allocator_signature": 887,
      "with_simultaneous_neural_control_timestamp": 14360
    },
    "nav23_duration_s": 62.244,
    "nav23_end_us": 90148000,
    "nav23_start_us": 27904000,
    "output_rate_hz": 238.04704067861962,
    "output_total_counts": {
      "allocator_value_residual": 1242,
      "neural_value": 13408,
      "unknown": 167
    },
    "severity": {
      "controlled": false,
      "evidence": {
        "active_motor_nonfinite": {
          "first_nonfinite": null,
          "nan_count": 0,
          "neginf_count": 0,
          "nonfinite_count": 0,
          "posinf_count": 0,
          "samples": 15037
        },
        "active_motor_saturation_count": 55629,
        "active_motor_saturation_ratio": 0.9248686573119638,
        "analysis_start_us": 27904000,
        "angular_velocity_topic": "vehicle_angular_velocity_groundtruth",
        "attitude_quaternion_finite": true,
        "attitude_topic": "vehicle_attitude_groundtruth",
        "console": {
          "fault": false,
          "matches": [],
          "px4_timeout_rc": false
        },
        "controller": "mcnn",
        "controller_active_us": 27904000,
        "final_error_to_hover_m": 14.244153759151411,
        "last_angular_rate_norm_rad_s": 17.127987747922838,
        "last_pitch_deg": -1.0921172107750496,
        "last_position_ned_m": [
          -13.61231803894043,
          -3.34256911277771,
          0.03533935546875
        ],
        "last_roll_deg": -91.00833273607543,
        "last_window_angular_rate_max_rad_s": 17.379119554815183,
        "last_window_roll_pitch_max_deg": 179.71717491771793,
        "local_position_topic": "vehicle_local_position_groundtruth",
        "mission_end_reached": true,
        "mission_end_us": 90384000,
        "mode_confirmed": true,
        "network_output_nonfinite": {
          "first_nonfinite": null,
          "nan_count": 0,
          "neginf_count": 0,
          "nonfinite_count": 0,
          "posinf_count": 0,
          "samples": 14441
        },
        "neural_control_samples": 14441,
        "observation_nonfinite": {
          "first_nonfinite": null,
          "nan_count": 0,
          "neginf_count": 0,
          "nonfinite_count": 0,
          "posinf_count": 0,
          "samples": 14441
        },
        "post_switch_angular_rate_max_rad_s": 24.481170360252666,
        "post_switch_disarmed": false,
        "post_switch_error_to_hover_max_m": 14.244153759151411,
        "post_switch_failsafe": false,
        "post_switch_hover_ned": [
          0.0,
          0.0,
          -2.5
        ],
        "post_switch_min_altitude_agl_m": -0.035491943359375,
        "post_switch_nav_states": [
          14,
          23
        ],
        "post_switch_roll_pitch_max_deg": 179.9862366456802,
        "switch_us": 27876000,
        "task_exit_code": 0
      },
      "reasons": [
        "angular_rate_loss_of_control",
        "attitude_tumble_over_90deg"
      ],
      "severity": 3,
      "severity_label": "S3_uncontrolled_tumble_or_loc",
      "thresholds": {
        "method_a_rate_tolerance_rad_s": 0.45,
        "method_a_roll_pitch_tolerance_deg": 8.0,
        "s0_angular_rate_rad_s": 1.0,
        "s0_final_error_m": 1.5,
        "s0_last_window_s": 2.0,
        "s0_min_altitude_agl_m": 1.0,
        "s0_roll_pitch_deg": 40.0,
        "s2_ground_contact_agl_m": 0.25,
        "s3_angular_rate_rad_s": 8.0,
        "s3_roll_pitch_deg": 90.0
      },
      "uncontrolled": true
    },
    "state_trigger": {
      "event": {
        "detail": {
          "controller_switch_s": 19.525864,
          "state": {
            "angular_rate_norm_rad_s": 2.7072842766668526,
            "angular_rate_xyz_rad_s": [
              1.5814919471740723,
              -1.8794363737106323,
              1.1384156942367554
            ],
            "angular_velocity_timestamp_us": 1783855042988676,
            "attitude_timestamp_us": 1783855042988676,
            "elapsed_s": 19.525864,
            "pitch_deg": 25.486509214768105,
            "pitch_rate_abs_rad_s": 1.8794363737106323,
            "roll_deg": 48.70581396248084,
            "roll_pitch_abs_deg": 48.70581396248084,
            "roll_rate_abs_rad_s": 1.5814919471740723,
            "timestamp_us": 1783855042988676,
            "yaw_deg": -11.824843935886845,
            "yaw_rate_abs_rad_s": 1.1384156942367554
          },
          "trigger": {
            "angular_rate_norm_max_rad_s": 2.9,
            "angular_rate_norm_min_rad_s": 2.45,
            "deadline_s": 54.0,
            "enabled": true,
            "max_topic_age_s": 0.25,
            "method": "SIH groundtruth threshold crossing",
            "roll_pitch_abs_max_deg": 62.0,
            "roll_pitch_abs_min_deg": 48.0,
            "start_s": 18.0
          }
        },
        "elapsed_s": 19.525864,
        "name": "state_trigger",
        "timestamp_us": 1783855042988676
      },
      "fired": true,
      "match": {
        "angular_rate_error_norm_rad_s": 0.0,
        "matched": true,
        "pitch_error_deg": 0.0,
        "roll_error_deg": 0.0,
        "score": 0.0,
        "switch_us": 27876000
      },
      "task_exit_code": 0
    },
    "task": "tier05_fork_20260712T090728Z/stage3_initial/evals/pair1_H_rep06_route_a_addendum3_diag_20260629_rp48_62_rate2p45_2p90_w6_r6_f045_s20262001/mcnn_gate3_route_a_addendum3_diag_20260629_rp48_62_rate2p45_2p90_w6_r6_f045_s20262001_mcnn_task.json",