{
  "analysis": {
    "actuator_rate_hz": 229.12590722625433,
    "actuator_total_counts": {
      "allocator_value_residual": 1161,
      "neural_value": 13198,
      "unknown": 163
    },
    "allocator_fraction_critical_actuator": {
      "count": 12,
      "fraction": 0.07142857142857142,
      "total": 168
    },
    "allocator_fraction_critical_output": {
      "count": 11,
      "fraction": 0.06666666666666667,
      "total": 165
    },
    "allocator_fraction_full_actuator": {
      "count": 1161,
      "fraction": 0.07994766561079741,
      "total": 14522
    },
    "allocator_fraction_full_output": {
      "count": 1025,
      "fraction": 0.07090481460985058,
      "total": 14456
    },
    "exact_switch_state": {
      "angular_rate_norm_rad_s": 2.677259627493326,
      "angular_rate_xyz_rad_s": [
        1.5258644819259644,
        -1.8739560842514038,
        1.1522783041000366
      ],
      "angular_velocity_dt_ms": 0.0,
      "angular_velocity_timestamp_us": 26908000,
      "angular_velocity_topic": "vehicle_angular_velocity_groundtruth",
      "attitude_dt_ms": 0.0,
      "attitude_timestamp_us": 26908000,
      "attitude_topic": "vehicle_attitude_groundtruth",
      "local_position_dt_ms": 0.0,
      "local_position_timestamp_us": 26908000,
      "local_position_topic": "vehicle_local_position_groundtruth",
      "pitch_deg": 27.266795826473565,
      "pitch_rate_abs_rad_s": 1.8739560842514038,
      "position_ned_m": [
        -9.669730186462402,
        -4.488504409790039,
        -2.82342529296875
      ],
      "roll_deg": 49.066522677655584,
      "roll_pitch_abs_deg": 49.066522677655584,
      "roll_rate_abs_rad_s": 1.5258644819259644,
      "switch_us": 26908000,
      "velocity_ned_m_s": [
        -6.486775875091553,
        -0.7036742568016052,
        -0.30292004346847534
      ],
      "velocity_norm_m_s": 6.531858791040266,
      "yaw_rate_abs_rad_s": 1.1522783041000366
    },
    "first_loss_us": 27692000,
    "loss_dt_s": 0.76,
    "loss_reason": "rate>8",
    "mcnn_value_selfcheck": {
      "actuator_samples": 14522,
      "all_allocator_signature_residuals": 1161,
      "exact_neural_value_matches": 13198,
      "no_simultaneous_neural_timestamp_allocator_signature_residuals": 409,
      "simultaneous_neural_timestamp_nonmatches_with_allocator_signature": 752,
      "with_simultaneous_neural_control_timestamp": 13950
    },
    "nav23_duration_s": 63.38,
    "nav23_end_us": 90312000,
    "nav23_start_us": 26932000,
    "output_rate_hz": 228.08456926475228,
    "output_total_counts": {
      "allocator_value_residual": 1025,
      "neural_value": 13269,
      "unknown": 162
    },
    "severity": {
      "controlled": false,
      "evidence": {
        "active_motor_nonfinite": {
          "first_nonfinite": null,
          "nan_count": 0,
          "neginf_count": 0,
          "nonfinite_count": 0,
          "posinf_count": 0,
          "samples": 14560
        },
        "active_motor_saturation_count": 56328,
        "active_motor_saturation_ratio": 0.9671703296703297,
        "analysis_start_us": 26932000,
        "angular_velocity_topic": "vehicle_angular_velocity_groundtruth",
        "attitude_quaternion_finite": true,
        "attitude_topic": "vehicle_attitude_groundtruth",
        "console": {
          "fault": false,
          "matches": [],
          "px4_timeout_rc": false
        },
        "controller": "mcnn",
        "controller_active_us": 26932000,
        "final_error_to_hover_m": 15.443678134504546,
        "last_angular_rate_norm_rad_s": 21.867562022865464,
        "last_pitch_deg": 17.251534615378883,
        "last_position_ned_m": [
          -14.977578163146973,
          -2.7935197353363037,
          0.024993896484375
        ],
        "last_roll_deg": 108.15705357404677,
        "last_window_angular_rate_max_rad_s": 22.012048579641398,
        "last_window_roll_pitch_max_deg": 178.11255329324007,
        "local_position_topic": "vehicle_local_position_groundtruth",
        "mission_end_reached": true,
        "mission_end_us": 90468000,
        "mode_confirmed": true,
        "network_output_nonfinite": {
          "first_nonfinite": null,
          "nan_count": 0,
          "neginf_count": 0,
          "nonfinite_count": 0,
          "posinf_count": 0,
          "samples": 14009
        },
        "neural_control_samples": 14009,
        "observation_nonfinite": {
          "first_nonfinite": null,
          "nan_count": 0,
          "neginf_count": 0,
          "nonfinite_count": 0,
          "posinf_count": 0,
          "samples": 14009
        },
        "post_switch_angular_rate_max_rad_s": 24.026218398216578,
        "post_switch_disarmed": false,
        "post_switch_error_to_hover_max_m": 15.443678177630739,
        "post_switch_failsafe": false,
        "post_switch_hover_ned": [
          0.0,
          0.0,
          -2.5
        ],
        "post_switch_min_altitude_agl_m": -0.0250244140625,
        "post_switch_nav_states": [
          14,
          23
        ],
        "post_switch_roll_pitch_max_deg": 179.9709058056425,
        "switch_us": 26908000,
        "task_exit_code": 0
      },
      "reasons": [
        "angular_rate_loss_of_control",
        "attitude_tumble_over_90deg"
      ],
      "severity": 3,
      "severity_label": "S3_uncontrolled_tumble_or_loc",
      "thresholds": {
        "method_a_rate_tolerance_rad_s": 0.45,
        "method_a_roll_pitch_tolerance_deg": 8.0,
        "s0_angular_rate_rad_s": 1.0,
        "s0_final_error_m": 1.5,
        "s0_last_window_s": 2.0,
        "s0_min_altitude_agl_m": 1.0,
        "s0_roll_pitch_deg": 40.0,
        "s2_ground_contact_agl_m": 0.25,
        "s3_angular_rate_rad_s": 8.0,
        "s3_roll_pitch_deg": 90.0
      },
      "uncontrolled": true
    },
    "state_trigger": {
      "event": {
        "detail": {
          "controller_switch_s": 19.521419,
          "state": {
            "angular_rate_norm_rad_s": 2.677259627493326,
            "angular_rate_xyz_rad_s": [
              1.5258644819259644,
              -1.8739560842514038,
              1.1522783041000366
            ],
            "angular_velocity_timestamp_us": 1783848537046267,
            "attitude_timestamp_us": 1783848537046267,
            "elapsed_s": 19.521419,
            "pitch_deg": 27.266795826473565,
            "pitch_rate_abs_rad_s": 1.8739560842514038,
            "roll_deg": 49.066522677655584,
            "roll_pitch_abs_deg": 49.066522677655584,
            "roll_rate_abs_rad_s": 1.5258644819259644,
            "timestamp_us": 1783848537046267,
            "yaw_deg": -11.26159951101346,
            "yaw_rate_abs_rad_s": 1.1522783041000366
          },
          "trigger": {
            "angular_rate_norm_max_rad_s": 2.9,
            "angular_rate_norm_min_rad_s": 2.45,
            "deadline_s": 54.0,
            "enabled": true,
            "max_topic_age_s": 0.25,
            "method": "SIH groundtruth threshold crossing",
            "roll_pitch_abs_max_deg": 62.0,
            "roll_pitch_abs_min_deg": 48.0,
            "start_s": 18.0
          }
        },
        "elapsed_s": 19.521419,
        "name": "state_trigger",
        "timestamp_us": 1783848537046267
      },
      "fired": true,
      "match": {
        "angular_rate_error_norm_rad_s": 0.0,
        "matched": true,
        "pitch_error_deg": 0.0,
        "roll_error_deg": 0.0,
        "score": 0.0,
        "switch_us": 26908000
      },
      "task_exit_code": 0
    },
    "task": "tier05_fork_20260712T090728Z/stage0_legacy/evals/pair1_A_rep05_route_a_addendum3_diag_20260629_rp48_62_rate2p45_2p90_w6_r6_f045_s20262001/mcnn_gate3_route_a_addendum3_diag_20260629_rp48_62_rate2p45_2p90_w6_r6_f045_s20262001_mcnn_task.json",