{
  "analysis": {
    "actuator_rate_hz": 231.80360226992352,
    "actuator_total_counts": {
      "allocator_value_residual": 1137,
      "neural_value": 13624,
      "unknown": 271
    },
    "allocator_fraction_critical_actuator": {
      "count": 2,
      "fraction": 0.05405405405405406,
      "total": 37
    },
    "allocator_fraction_critical_output": {
      "count": 2,
      "fraction": 0.05555555555555555,
      "total": 36
    },
    "allocator_fraction_full_actuator": {
      "count": 1137,
      "fraction": 0.07563863757317722,
      "total": 15032
    },
    "allocator_fraction_full_output": {
      "count": 995,
      "fraction": 0.06654628143392188,
      "total": 14952
    },
    "exact_switch_state": {
      "angular_rate_norm_rad_s": 1.9412755892999711,
      "angular_rate_xyz_rad_s": [
        -0.8425174355506897,
        -1.217207908630371,
        1.2558344602584839
      ],
      "angular_velocity_dt_ms": 0.0,
      "angular_velocity_timestamp_us": 25412000,
      "angular_velocity_topic": "vehicle_angular_velocity_groundtruth",
      "attitude_dt_ms": 0.0,
      "attitude_timestamp_us": 25412000,
      "attitude_topic": "vehicle_attitude_groundtruth",
      "local_position_dt_ms": 0.0,
      "local_position_timestamp_us": 25412000,
      "local_position_topic": "vehicle_local_position_groundtruth",
      "pitch_deg": -40.509140982865134,
      "pitch_rate_abs_rad_s": 1.217207908630371,
      "position_ned_m": [
        -5.1511454582214355,
        -2.0725059509277344,
        -2.3201904296875
      ],
      "roll_deg": 30.711135229948773,
      "roll_pitch_abs_deg": 40.509140982865134,
      "roll_rate_abs_rad_s": 0.8425174355506897,
      "switch_us": 25412000,
      "velocity_ned_m_s": [
        -2.6626293659210205,
        4.107955455780029,
        -0.37949156761169434
      ],
      "velocity_norm_m_s": 4.910082180251799,
      "yaw_rate_abs_rad_s": 1.2558344602584839
    },
    "first_loss_us": 25584000,
    "loss_dt_s": 0.156,
    "loss_reason": "rate>8",
    "mcnn_value_selfcheck": {
      "actuator_samples": 15032,
      "all_allocator_signature_residuals": 1137,
      "exact_neural_value_matches": 13624,
      "no_simultaneous_neural_timestamp_allocator_signature_residuals": 435,
      "simultaneous_neural_timestamp_nonmatches_with_allocator_signature": 702,
      "with_simultaneous_neural_control_timestamp": 14326
    },
    "nav23_duration_s": 64.848,
    "nav23_end_us": 90276000,
    "nav23_start_us": 25428000,
    "output_rate_hz": 230.5699481865285,
    "output_total_counts": {
      "allocator_value_residual": 995,
      "neural_value": 13689,
      "unknown": 268
    },
    "severity": {
      "controlled": false,
      "evidence": {
        "active_motor_nonfinite": {
          "first_nonfinite": null,
          "nan_count": 0,
          "neginf_count": 0,
          "nonfinite_count": 0,
          "posinf_count": 0,
          "samples": 15070
        },
        "active_motor_saturation_count": 45175,
        "active_motor_saturation_ratio": 0.7494193762441937,
        "analysis_start_us": 25428000,
        "angular_velocity_topic": "vehicle_angular_velocity_groundtruth",
        "attitude_quaternion_finite": true,
        "attitude_topic": "vehicle_attitude_groundtruth",
        "console": {
          "fault": false,
          "matches": [],
          "px4_timeout_rc": false
        },
        "controller": "mcnn",
        "controller_active_us": 25428000,
        "final_error_to_hover_m": 8.471881280189212,
        "last_angular_rate_norm_rad_s": 13.094032204997175,
        "last_pitch_deg": 5.828643156761144,
        "last_position_ned_m": [
          -8.056384086608887,
          0.7492147088050842,
          0.011199951171875
        ],
        "last_roll_deg": 78.02078585878527,
        "last_window_angular_rate_max_rad_s": 21.057840292764908,
        "last_window_roll_pitch_max_deg": 131.33023533002043,
        "local_position_topic": "vehicle_local_position_groundtruth",
        "mission_end_reached": true,
        "mission_end_us": 90440000,
        "mode_confirmed": true,
        "network_output_nonfinite": {
          "first_nonfinite": null,
          "nan_count": 0,
          "neginf_count": 0,
          "nonfinite_count": 0,
          "posinf_count": 0,
          "samples": 14371
        },
        "neural_control_samples": 14371,
        "observation_nonfinite": {
          "first_nonfinite": null,
          "nan_count": 0,
          "neginf_count": 0,
          "nonfinite_count": 0,
          "posinf_count": 0,
          "samples": 14371
        },
        "post_switch_angular_rate_max_rad_s": 24.336387214728376,
        "post_switch_disarmed": false,
        "post_switch_error_to_hover_max_m": 8.471887512808891,
        "post_switch_failsafe": false,
        "post_switch_hover_ned": [
          0.0,
          0.0,
          -2.5
        ],
        "post_switch_min_altitude_agl_m": -0.023529052734375,
        "post_switch_nav_states": [
          14,
          23
        ],
        "post_switch_roll_pitch_max_deg": 179.99922606805947,
        "switch_us": 25412000,
        "task_exit_code": 0
      },
      "reasons": [
        "angular_rate_loss_of_control",
        "attitude_tumble_over_90deg"
      ],
      "severity": 3,
      "severity_label": "S3_uncontrolled_tumble_or_loc",
      "thresholds": {
        "method_a_rate_tolerance_rad_s": 0.45,
        "method_a_roll_pitch_tolerance_deg": 8.0,
        "s0_angular_rate_rad_s": 1.0,
        "s0_final_error_m": 1.5,
        "s0_last_window_s": 2.0,
        "s0_min_altitude_agl_m": 1.0,
        "s0_roll_pitch_deg": 40.0,
        "s2_ground_contact_agl_m": 0.25,
        "s3_angular_rate_rad_s": 8.0,
        "s3_roll_pitch_deg": 90.0
      },
      "uncontrolled": true
    },
    "state_trigger": {
      "event": {
        "detail": {
          "controller_switch_s": 18.023739,
          "state": {
            "angular_rate_norm_rad_s": 1.9412755892999711,
            "angular_rate_xyz_rad_s": [
              -0.8425174355506897,
              -1.217207908630371,
              1.2558344602584839
            ],
            "angular_velocity_timestamp_us": 1783847394946064,
            "attitude_timestamp_us": 1783847394946064,
            "elapsed_s": 18.023739,
            "pitch_deg": -40.509140982865134,
            "pitch_rate_abs_rad_s": 1.217207908630371,
            "roll_deg": 30.711135229948773,
            "roll_pitch_abs_deg": 40.509140982865134,
            "roll_rate_abs_rad_s": 0.8425174355506897,
            "timestamp_us": 1783847394946064,
            "yaw_deg": -9.589675219621178,
            "yaw_rate_abs_rad_s": 1.2558344602584839
          },
          "trigger": {
            "angular_rate_norm_max_rad_s": 2.15,
            "angular_rate_norm_min_rad_s": 1.55,
            "deadline_s": 54.0,
            "enabled": true,
            "max_topic_age_s": 0.25,
            "method": "SIH groundtruth threshold crossing",
            "roll_pitch_abs_max_deg": 44.0,
            "roll_pitch_abs_min_deg": 36.0,
            "start_s": 18.0
          }
        },
        "elapsed_s": 18.023739,
        "name": "state_trigger",
        "timestamp_us": 1783847394946064
      },
      "fired": true,
      "match": {
        "angular_rate_error_norm_rad_s": 0.0,
        "matched": true,
        "pitch_error_deg": 0.0,
        "roll_error_deg": 0.0,
        "score": 0.0,
        "switch_us": 25412000
      },
      "task_exit_code": 0
    },
    "task": "tier05_fork_20260712T090728Z/stage0_legacy/evals/pair4_A_rep02_route_a_addendum3_diag_20260629_rp36_44_rate1p55_2p15_w3_r4_f038_s20261902/mcnn_gate3_route_a_addendum3_diag_20260629_rp36_44_rate1p55_2p15_w3_r4_f038_s20261902_mcnn_task.json",
    "ulog": "tier05_fork_20260712T090728Z/stage0_legacy/evals/pair4_A_rep02_route_a_addendum3_diag_20260629_rp36_44_rate1p55_2p15_w3_r4_f038_s20261902/mcnn_gate3_route_a_addendum3_diag_20260629_rp36_44_rate1p55_2p15_w3_r4_f038_s20261902_mcnn.ulg"
  },