{
  "analysis": {
    "actuator_rate_hz": 239.67594382167246,
    "actuator_total_counts": {
      "allocator_value_residual": 1394,
      "neural_value": 13319,
      "unknown": 168
    },
    "allocator_fraction_critical_actuator": {
      "count": 21,
      "fraction": 0.1206896551724138,
      "total": 174
    },
    "allocator_fraction_critical_output": {
      "count": 20,
      "fraction": 0.11494252873563218,
      "total": 174
    },
    "allocator_fraction_full_actuator": {
      "count": 1394,
      "fraction": 0.09367650023519924,
      "total": 14881
    },
    "allocator_fraction_full_output": {
      "count": 1253,
      "fraction": 0.08486859929558385,
      "total": 14764
    },
    "exact_switch_state": {
      "angular_rate_norm_rad_s": 2.6431469699635737,
      "angular_rate_xyz_rad_s": [
        1.493563175201416,
        -1.8605825901031494,
        1.1374213695526123
      ],
      "angular_velocity_dt_ms": 0.0,
      "angular_velocity_timestamp_us": 27888000,
      "angular_velocity_topic": "vehicle_angular_velocity_groundtruth",
      "attitude_dt_ms": 0.0,
      "attitude_timestamp_us": 27888000,
      "attitude_topic": "vehicle_attitude_groundtruth",
      "local_position_dt_ms": 0.0,
      "local_position_timestamp_us": 27888000,
      "local_position_topic": "vehicle_local_position_groundtruth",
      "pitch_deg": 25.182450178020225,
      "pitch_rate_abs_rad_s": 1.8605825901031494,
      "position_ned_m": [
        -8.890177726745605,
        -5.0987935066223145,
        -2.25848388671875
      ],
      "roll_deg": 48.435242317570264,
      "roll_pitch_abs_deg": 48.435242317570264,
      "roll_rate_abs_rad_s": 1.493563175201416,
      "switch_us": 27888000,
      "velocity_ned_m_s": [
        -6.209981441497803,
        -1.0414175987243652,
        -0.08170204609632492
      ],
      "velocity_norm_m_s": 6.297229179807281,
      "yaw_rate_abs_rad_s": 1.1374213695526123
    },
    "first_loss_us": 28632000,
    "loss_dt_s": 0.716,
    "loss_reason": "tilt>90",
    "mcnn_value_selfcheck": {
      "actuator_samples": 14881,
      "all_allocator_signature_residuals": 1394,
      "exact_neural_value_matches": 13319,
      "no_simultaneous_neural_timestamp_allocator_signature_residuals": 463,
      "simultaneous_neural_timestamp_nonmatches_with_allocator_signature": 931,
      "with_simultaneous_neural_control_timestamp": 14250
    },
    "nav23_duration_s": 62.088,
    "nav23_end_us": 90004000,
    "nav23_start_us": 27916000,
    "output_rate_hz": 237.79152171111969,
    "output_total_counts": {
      "allocator_value_residual": 1253,
      "neural_value": 13347,
      "unknown": 164
    },
    "severity": {
      "controlled": false,
      "evidence": {
        "active_motor_nonfinite": {
          "first_nonfinite": null,
          "nan_count": 0,
          "neginf_count": 0,
          "nonfinite_count": 0,
          "posinf_count": 0,
          "samples": 14979
        },
        "active_motor_saturation_count": 51388,
        "active_motor_saturation_ratio": 0.857667401028106,
        "analysis_start_us": 27916000,
        "angular_velocity_topic": "vehicle_angular_velocity_groundtruth",
        "attitude_quaternion_finite": true,
        "attitude_topic": "vehicle_attitude_groundtruth",
        "console": {
          "fault": false,
          "matches": [],
          "px4_timeout_rc": false
        },
        "controller": "mcnn",
        "controller_active_us": 27916000,
        "final_error_to_hover_m": 14.354957395823195,
        "last_angular_rate_norm_rad_s": 14.240875789837052,
        "last_pitch_deg": 16.452142656492587,
        "last_position_ned_m": [
          -13.422895431518555,
          -4.431660175323486,
          0.000213623046875
        ],
        "last_roll_deg": 155.01565290960465,
        "last_window_angular_rate_max_rad_s": 19.909793827655765,
        "last_window_roll_pitch_max_deg": 155.01565290960465,
        "local_position_topic": "vehicle_local_position_groundtruth",
        "mission_end_reached": true,
        "mission_end_us": 90404000,
        "mode_confirmed": true,
        "network_output_nonfinite": {
          "first_nonfinite": null,
          "nan_count": 0,
          "neginf_count": 0,
          "nonfinite_count": 0,
          "posinf_count": 0,
          "samples": 14357
        },
        "neural_control_samples": 14357,
        "observation_nonfinite": {
          "first_nonfinite": null,
          "nan_count": 0,
          "neginf_count": 0,
          "nonfinite_count": 0,
          "posinf_count": 0,
          "samples": 14357
        },
        "post_switch_angular_rate_max_rad_s": 24.2353796211697,
        "post_switch_disarmed": false,
        "post_switch_error_to_hover_max_m": 14.354957395823195,
        "post_switch_failsafe": false,
        "post_switch_hover_ned": [
          0.0,
          0.0,
          -2.5
        ],
        "post_switch_min_altitude_agl_m": -0.034759521484375,
        "post_switch_nav_states": [
          14,
          23
        ],
        "post_switch_roll_pitch_max_deg": 179.98662485416148,
        "switch_us": 27888000,
        "task_exit_code": 0
      },
      "reasons": [
        "angular_rate_loss_of_control",
        "attitude_tumble_over_90deg"
      ],
      "severity": 3,
      "severity_label": "S3_uncontrolled_tumble_or_loc",
      "thresholds": {
        "method_a_rate_tolerance_rad_s": 0.45,
        "method_a_roll_pitch_tolerance_deg": 8.0,
        "s0_angular_rate_rad_s": 1.0,
        "s0_final_error_m": 1.5,
        "s0_last_window_s": 2.0,
        "s0_min_altitude_agl_m": 1.0,
        "s0_roll_pitch_deg": 40.0,
        "s2_ground_contact_agl_m": 0.25,
        "s3_angular_rate_rad_s": 8.0,
        "s3_roll_pitch_deg": 90.0
      },
      "uncontrolled": true
    },
    "state_trigger": {
      "event": {
        "detail": {
          "controller_switch_s": 19.528969,
          "state": {
            "angular_rate_norm_rad_s": 2.6431469699635737,
            "angular_rate_xyz_rad_s": [
              1.493563175201416,
              -1.8605825901031494,
              1.1374213695526123
            ],
            "angular_velocity_timestamp_us": 1783850910822677,
            "attitude_timestamp_us": 1783850910822677,
            "elapsed_s": 19.528969,
            "pitch_deg": 25.182450178020225,
            "pitch_rate_abs_rad_s": 1.8605825901031494,
            "roll_deg": 48.435242317570264,
            "roll_pitch_abs_deg": 48.435242317570264,
            "roll_rate_abs_rad_s": 1.493563175201416,
            "timestamp_us": 1783850910822677,
            "yaw_deg": -12.08866126116046,
            "yaw_rate_abs_rad_s": 1.1374213695526123
          },
          "trigger": {
            "angular_rate_norm_max_rad_s": 2.9,
            "angular_rate_norm_min_rad_s": 2.45,
            "deadline_s": 54.0,
            "enabled": true,
            "max_topic_age_s": 0.25,
            "method": "SIH groundtruth threshold crossing",
            "roll_pitch_abs_max_deg": 62.0,
            "roll_pitch_abs_min_deg": 48.0,
            "start_s": 18.0
          }
        },
        "elapsed_s": 19.528969,
        "name": "state_trigger",
        "timestamp_us": 1783850910822677
      },
      "fired": true,
      "match": {
        "angular_rate_error_norm_rad_s": 0.0,
        "matched": true,
        "pitch_error_deg": 0.0,
        "roll_error_deg": 0.0,
        "score": 0.0,
        "switch_us": 27888000
      },
      "task_exit_code": 0
    },
    "task": "tier05_fork_20260712T090728Z/stage2_gate_a/evals/pair1_A_rep06_route_a_addendum3_diag_20260629_rp48_62_rate2p45_2p90_w6_r6_f045_s20262001/mcnn_gate3_route_a_addendum3_diag_20260629_rp48_62_rate2p45_2p90_w6_r6_f045_s20262001_mcnn_task.json",