{
  "analysis": {
    "actuator_rate_hz": 241.51264279296623,
    "actuator_total_counts": {
      "allocator_value_residual": 1277,
      "neural_value": 13607,
      "unknown": 169
    },
    "allocator_fraction_critical_actuator": {
      "count": 17,
      "fraction": 0.10559006211180125,
      "total": 161
    },
    "allocator_fraction_critical_output": {
      "count": 15,
      "fraction": 0.09554140127388536,
      "total": 157
    },
    "allocator_fraction_full_actuator": {
      "count": 1277,
      "fraction": 0.08483358798910516,
      "total": 15053
    },
    "allocator_fraction_full_output": {
      "count": 1155,
      "fraction": 0.07772020725388601,
      "total": 14861
    },
    "exact_switch_state": {
      "angular_rate_norm_rad_s": 2.520083383475254,
      "angular_rate_xyz_rad_s": [
        1.199825644493103,
        -1.9126543998718262,
        1.1193711757659912
      ],
      "angular_velocity_dt_ms": 0.0,
      "angular_velocity_timestamp_us": 27920000,
      "angular_velocity_topic": "vehicle_angular_velocity_groundtruth",
      "attitude_dt_ms": 0.0,
      "attitude_timestamp_us": 27920000,
      "attitude_topic": "vehicle_attitude_groundtruth",
      "local_position_dt_ms": 0.0,
      "local_position_timestamp_us": 27920000,
      "local_position_topic": "vehicle_local_position_groundtruth",
      "pitch_deg": 19.48587648882854,
      "pitch_rate_abs_rad_s": 1.9126543998718262,
      "position_ned_m": [
        -9.337571144104004,
        -5.824191570281982,
        -2.26995849609375
      ],
      "roll_deg": 48.5869168062805,
      "roll_pitch_abs_deg": 48.5869168062805,
      "roll_rate_abs_rad_s": 1.199825644493103,
      "switch_us": 27920000,
      "velocity_ned_m_s": [
        -6.154167175292969,
        -0.9131060242652893,
        -0.3584471046924591
      ],
      "velocity_norm_m_s": 6.2318553063967554,
      "yaw_rate_abs_rad_s": 1.1193711757659912
    },
    "first_loss_us": 28616000,
    "loss_dt_s": 0.672,
    "loss_reason": "tilt>90",
    "mcnn_value_selfcheck": {
      "actuator_samples": 15053,
      "all_allocator_signature_residuals": 1277,
      "exact_neural_value_matches": 13607,
      "no_simultaneous_neural_timestamp_allocator_signature_residuals": 383,
      "simultaneous_neural_timestamp_nonmatches_with_allocator_signature": 894,
      "with_simultaneous_neural_control_timestamp": 14501
    },
    "nav23_duration_s": 62.328,
    "nav23_end_us": 90272000,
    "nav23_start_us": 27944000,
    "output_rate_hz": 238.43216531895777,
    "output_total_counts": {
      "allocator_value_residual": 1155,
      "neural_value": 13541,
      "unknown": 165
    },
    "severity": {
      "controlled": false,
      "evidence": {
        "active_motor_nonfinite": {
          "first_nonfinite": null,
          "nan_count": 0,
          "neginf_count": 0,
          "nonfinite_count": 0,
          "posinf_count": 0,
          "samples": 15086
        },
        "active_motor_saturation_count": 48549,
        "active_motor_saturation_ratio": 0.8045373193689513,
        "analysis_start_us": 27944000,
        "angular_velocity_topic": "vehicle_angular_velocity_groundtruth",
        "attitude_quaternion_finite": true,
        "attitude_topic": "vehicle_attitude_groundtruth",
        "console": {
          "fault": false,
          "matches": [],
          "px4_timeout_rc": false
        },
        "controller": "mcnn",
        "controller_active_us": 27944000,
        "final_error_to_hover_m": 15.720788857579352,
        "last_angular_rate_norm_rad_s": 8.87747027592568,
        "last_pitch_deg": -46.88242743461544,
        "last_position_ned_m": [
          -14.392126083374023,
          -5.810143947601318,
          0.00042724609375
        ],
        "last_roll_deg": -78.19141186484889,
        "last_window_angular_rate_max_rad_s": 18.21367055603125,
        "last_window_roll_pitch_max_deg": 178.03134619974168,
        "local_position_topic": "vehicle_local_position_groundtruth",
        "mission_end_reached": true,
        "mission_end_us": 90408000,
        "mode_confirmed": true,
        "network_output_nonfinite": {
          "first_nonfinite": null,
          "nan_count": 0,
          "neginf_count": 0,
          "nonfinite_count": 0,
          "posinf_count": 0,
          "samples": 14522
        },
        "neural_control_samples": 14522,
        "observation_nonfinite": {
          "first_nonfinite": null,
          "nan_count": 0,
          "neginf_count": 0,
          "nonfinite_count": 0,
          "posinf_count": 0,
          "samples": 14522
        },
        "post_switch_angular_rate_max_rad_s": 21.138582557786233,
        "post_switch_disarmed": false,
        "post_switch_error_to_hover_max_m": 15.72288424744631,
        "post_switch_failsafe": false,
        "post_switch_hover_ned": [
          0.0,
          0.0,
          -2.5
        ],
        "post_switch_min_altitude_agl_m": -0.0360107421875,
        "post_switch_nav_states": [
          14,
          23
        ],
        "post_switch_roll_pitch_max_deg": 179.90886055933714,
        "switch_us": 27920000,
        "task_exit_code": 0
      },
      "reasons": [
        "angular_rate_loss_of_control",
        "attitude_tumble_over_90deg"
      ],
      "severity": 3,
      "severity_label": "S3_uncontrolled_tumble_or_loc",
      "thresholds": {
        "method_a_rate_tolerance_rad_s": 0.45,
        "method_a_roll_pitch_tolerance_deg": 8.0,
        "s0_angular_rate_rad_s": 1.0,
        "s0_final_error_m": 1.5,
        "s0_last_window_s": 2.0,
        "s0_min_altitude_agl_m": 1.0,
        "s0_roll_pitch_deg": 40.0,
        "s2_ground_contact_agl_m": 0.25,
        "s3_angular_rate_rad_s": 8.0,
        "s3_roll_pitch_deg": 90.0
      },
      "uncontrolled": true
    },
    "state_trigger": {
      "event": {
        "detail": {
          "controller_switch_s": 19.559398,
          "state": {
            "angular_rate_norm_rad_s": 2.520083383475254,
            "angular_rate_xyz_rad_s": [
              1.199825644493103,
              -1.9126543998718262,
              1.1193711757659912
            ],
            "angular_velocity_timestamp_us": 1783855592431335,
            "attitude_timestamp_us": 1783855592431335,
            "elapsed_s": 19.559398,
            "pitch_deg": 19.48587648882854,
            "pitch_rate_abs_rad_s": 1.9126543998718262,
            "roll_deg": 48.5869168062805,
            "roll_pitch_abs_deg": 48.5869168062805,
            "roll_rate_abs_rad_s": 1.199825644493103,
            "timestamp_us": 1783855592431335,
            "yaw_deg": -12.088932379780035,
            "yaw_rate_abs_rad_s": 1.1193711757659912
          },
          "trigger": {
            "angular_rate_norm_max_rad_s": 2.9,
            "angular_rate_norm_min_rad_s": 2.45,
            "deadline_s": 54.0,
            "enabled": true,
            "max_topic_age_s": 0.25,
            "method": "SIH groundtruth threshold crossing",
            "roll_pitch_abs_max_deg": 62.0,
            "roll_pitch_abs_min_deg": 48.0,
            "start_s": 18.0
          }
        },
        "elapsed_s": 19.559398,
        "name": "state_trigger",
        "timestamp_us": 1783855592431335
      },
      "fired": true,
      "match": {
        "angular_rate_error_norm_rad_s": 0.0,
        "matched": true,
        "pitch_error_deg": 0.0,
        "roll_error_deg": 6.3611093629270335e-15,
        "score": 6.3611093629270335e-15,
        "switch_us": 27920000
      },
      "task_exit_code": 0
    },
    "task": "tier05_fork_20260712T090728Z/stage3_initial/evals/pair1_H_rep13_route_a_addendum3_diag_20260629_rp48_62_rate2p45_2p90_w6_r6_f045_s20262001/mcnn_gate3_route_a_addendum3_diag_20260629_rp48_62_rate2p45_2p90_w6_r6_f045_s20262001_mcnn_task.json",