{
  "command": "python3 scripts/px4_mixer_fingerprint_round5.py",
  "fit": {
    "holdout_log_count": 15,
    "holdout_residual_rmse": {
      "max": 0.3223142764623707,
      "median": 0.01254127418451503,
      "min": 6.3493468556871e-05,
      "n": 30000,
      "p05": 0.0032965153391938825,
      "p25": 0.007723386354113808,
      "p75": 0.01918160153015556,
      "p95": 0.031424284456093216
    },
    "matrix": [
      [
        -0.16773906826250795,
        0.17515713702874353,
        0.19571868413408303,
        -0.18672106070605793
      ],
      [
        0.40170507802844746,
        -0.3382325522044194,
        0.45254355025076776,
        -0.39246559373683654
      ],
      [
        0.9519237062620223,
        0.9551054922318091,
        -0.9439296633911558,
        -0.9648131229351107
      ],
      [
        -2.275957200481571e-15,
        -1.0547118733938987e-15,
        4.440892098500626e-16,
        1.9984014443252818e-15
      ],
      [
        0.0,
        0.0,
        0.0,
        0.0
      ],
      [
        -0.9764475667930231,
        -0.9956816345472175,
        -0.9656275758767185,
        -1.01087057586061
      ],
      [
        0.013524920899130174,
        0.0025385803223935063,
        0.01986623554124929,
        -0.0063367917924118345
      ]
    ],
    "matrix_shape": [
      7,
      4
    ],
    "train_frame_count": 60000,
    "train_log_count": 30,
    "train_residual_rmse": {
      "max": 0.3095855175538383,
      "median": 0.012545923729455073,
      "min": 0.00012667514176956034,
      "n": 60000,
      "p05": 0.003279049072396672,
      "p25": 0.007653641409466498,
      "p75": 0.019174218810355408,
      "p95": 0.03156129415578897
    },
    "train_rows_per_log_limit": 2000
  },
  "mcnn_self_check": {
    "agreement": 0.8733694021288239,
    "best_threshold": 0.116,
    "confusion": {
      "allocator_as_allocator": 122,
      "allocator_as_neural": 28680,
      "neural_as_allocator": 15,
      "neural_as_neural": 197787
    },
    "log_count": 15,
    "method_valid_for_raptor": false,
    "residual_by_value_label": {
      "allocator_or_other": {
        "max": 2.2201041257515928,
        "median": 0.7712925648309344,
        "min": 0.013166215565226302,
        "n": 28802,
        "p05": 0.39223594600163564,
        "p25": 0.5754547066399508,
        "p75": 1.0289807080737292,
        "p95": 1.3973357624663494
      },
      "neural_value_match": {
        "max": 2.5506186542232814,
        "median": 1.1417332394832698,
        "min": 0.08230476070594574,
        "n": 197802,
        "p05": 0.6312443184072354,
        "p25": 0.8085318649263202,
        "p75": 1.4015695571539926,
        "p95": 1.8069944664428272
      }
    },
    "value_match_label_counts": {
      "allocator_or_other": 28802,
      "neural_value_match": 197802
    }
  },
  "queue_rate_probe": {
    "mcnn_logs": 15,
    "mcnn_timestamp_sample_allocator_rate_hz": {
      "max": 28.78600185816042,
      "median": 26.807247541895986,
      "min": 24.345549738219898,
      "n": 15,
      "p05": 25.296744506241055,
      "p25": 26.5092041595393,
      "p75": 27.372938249671787,
      "p95": 28.346257828812444
    },
    "mcnn_timestamp_sample_neural_rate_hz": {
      "max": 210.20942408376965,
      "median": 207.07506471095775,
      "min": 205.41746730304345,
      "n": 15,
      "p05": 205.44066292240885,
      "p25": 206.4747037926814,
      "p75": 207.6134105796192,
      "p95": 208.51049158499248
    },
    "raptor_logs": 0
  },
  "raptor_application": {
    "log_count": 0,
    "residual_rmse": {
      "max": null,
      "median": null,
      "min": null,
      "n": 0,
      "p05": null,
      "p25": null,
      "p75": null,
      "p95": null
    },
    "status": "not_run_self_check_agreement_below_95pct"
  }
}