{
  "analysis": {
    "actuator_rate_hz": 229.89768376122026,
    "actuator_total_counts": {
      "allocator_value_residual": 961,
      "neural_value": 13450,
      "unknown": 239
    },
    "allocator_fraction_critical_actuator": {
      "count": 9,
      "fraction": 0.05172413793103448,
      "total": 174
    },
    "allocator_fraction_critical_output": {
      "count": 8,
      "fraction": 0.045714285714285714,
      "total": 175
    },
    "allocator_fraction_full_actuator": {
      "count": 961,
      "fraction": 0.06559726962457338,
      "total": 14650
    },
    "allocator_fraction_full_output": {
      "count": 822,
      "fraction": 0.0562320426870981,
      "total": 14618
    },
    "exact_switch_state": {
      "angular_rate_norm_rad_s": 2.5203754986495466,
      "angular_rate_xyz_rad_s": [
        1.3942548036575317,
        -1.7980420589447021,
        1.084154486656189
      ],
      "angular_velocity_dt_ms": 0.0,
      "angular_velocity_timestamp_us": 26564000,
      "angular_velocity_topic": "vehicle_angular_velocity_groundtruth",
      "attitude_dt_ms": 0.0,
      "attitude_timestamp_us": 26564000,
      "attitude_topic": "vehicle_attitude_groundtruth",
      "local_position_dt_ms": 0.0,
      "local_position_timestamp_us": 26564000,
      "local_position_topic": "vehicle_local_position_groundtruth",
      "pitch_deg": 19.470323293126228,
      "pitch_rate_abs_rad_s": 1.7980420589447021,
      "position_ned_m": [
        -8.966582298278809,
        -6.0639472007751465,
        -2.446258544921875
      ],
      "roll_deg": 48.8814428193716,
      "roll_pitch_abs_deg": 48.8814428193716,
      "roll_rate_abs_rad_s": 1.3942548036575317,
      "switch_us": 26564000,
      "velocity_ned_m_s": [
        -5.916865348815918,
        -0.8635603785514832,
        -0.47984015941619873
      ],
      "velocity_norm_m_s": 5.998773096393216,
      "yaw_rate_abs_rad_s": 1.084154486656189
    },
    "first_loss_us": 27332000,
    "loss_dt_s": 0.748,
    "loss_reason": "tilt>90",
    "mcnn_value_selfcheck": {
      "actuator_samples": 14650,
      "all_allocator_signature_residuals": 961,
      "exact_neural_value_matches": 13450,
      "no_simultaneous_neural_timestamp_allocator_signature_residuals": 380,
      "simultaneous_neural_timestamp_nonmatches_with_allocator_signature": 581,
      "with_simultaneous_neural_control_timestamp": 14031
    },
    "nav23_duration_s": 63.724,
    "nav23_end_us": 90308000,
    "nav23_start_us": 26584000,
    "output_rate_hz": 229.39551817211728,
    "output_total_counts": {
      "allocator_value_residual": 822,
      "neural_value": 13555,
      "unknown": 241
    },
    "severity": {
      "controlled": false,
      "evidence": {
        "active_motor_nonfinite": {
          "first_nonfinite": null,
          "nan_count": 0,
          "neginf_count": 0,
          "nonfinite_count": 0,
          "posinf_count": 0,
          "samples": 14689
        },
        "active_motor_saturation_count": 50994,
        "active_motor_saturation_ratio": 0.8678943427054259,
        "analysis_start_us": 26584000,
        "angular_velocity_topic": "vehicle_angular_velocity_groundtruth",
        "attitude_quaternion_finite": true,
        "attitude_topic": "vehicle_attitude_groundtruth",
        "console": {
          "fault": false,
          "matches": [],
          "px4_timeout_rc": false
        },
        "controller": "mcnn",
        "controller_active_us": 26584000,
        "final_error_to_hover_m": 14.676549942784451,
        "last_angular_rate_norm_rad_s": 14.693047000521306,
        "last_pitch_deg": 28.195310742754376,
        "last_position_ned_m": [
          -13.773990631103516,
          -4.407287120819092,
          0.000823974609375
        ],
        "last_roll_deg": -113.79306382340373,
        "last_window_angular_rate_max_rad_s": 17.03492934206612,
        "last_window_roll_pitch_max_deg": 179.40249459418519,
        "local_position_topic": "vehicle_local_position_groundtruth",
        "mission_end_reached": true,
        "mission_end_us": 90480000,
        "mode_confirmed": true,
        "network_output_nonfinite": {
          "first_nonfinite": null,
          "nan_count": 0,
          "neginf_count": 0,
          "nonfinite_count": 0,
          "posinf_count": 0,
          "samples": 14081
        },
        "neural_control_samples": 14081,
        "observation_nonfinite": {
          "first_nonfinite": null,
          "nan_count": 0,
          "neginf_count": 0,
          "nonfinite_count": 0,
          "posinf_count": 0,
          "samples": 14081
        },
        "post_switch_angular_rate_max_rad_s": 23.79112846901631,
        "post_switch_disarmed": false,
        "post_switch_error_to_hover_max_m": 14.676773837090744,
        "post_switch_failsafe": false,
        "post_switch_hover_ned": [
          0.0,
          0.0,
          -2.5
        ],
        "post_switch_min_altitude_agl_m": -0.03515625,
        "post_switch_nav_states": [
          14,
          23
        ],
        "post_switch_roll_pitch_max_deg": 179.92738182702746,
        "switch_us": 26564000,
        "task_exit_code": 0
      },
      "reasons": [
        "angular_rate_loss_of_control",
        "attitude_tumble_over_90deg"
      ],
      "severity": 3,
      "severity_label": "S3_uncontrolled_tumble_or_loc",
      "thresholds": {
        "method_a_rate_tolerance_rad_s": 0.45,
        "method_a_roll_pitch_tolerance_deg": 8.0,
        "s0_angular_rate_rad_s": 1.0,
        "s0_final_error_m": 1.5,
        "s0_last_window_s": 2.0,
        "s0_min_altitude_agl_m": 1.0,
        "s0_roll_pitch_deg": 40.0,
        "s2_ground_contact_agl_m": 0.25,
        "s3_angular_rate_rad_s": 8.0,
        "s3_roll_pitch_deg": 90.0
      },
      "uncontrolled": true
    },
    "state_trigger": {
      "event": {
        "detail": {
          "controller_switch_s": 19.550329,
          "state": {
            "angular_rate_norm_rad_s": 2.5203754986495466,
            "angular_rate_xyz_rad_s": [
              1.3942548036575317,
              -1.7980420589447021,
              1.084154486656189
            ],
            "angular_velocity_timestamp_us": 1783848713467070,
            "attitude_timestamp_us": 1783848713467070,
            "elapsed_s": 19.550329,
            "pitch_deg": 19.470323293126228,
            "pitch_rate_abs_rad_s": 1.7980420589447021,
            "roll_deg": 48.8814428193716,
            "roll_pitch_abs_deg": 48.8814428193716,
            "roll_rate_abs_rad_s": 1.3942548036575317,
            "timestamp_us": 1783848713467070,
            "yaw_deg": -11.346600007397925,
            "yaw_rate_abs_rad_s": 1.084154486656189
          },
          "trigger": {
            "angular_rate_norm_max_rad_s": 2.9,
            "angular_rate_norm_min_rad_s": 2.45,
            "deadline_s": 54.0,
            "enabled": true,
            "max_topic_age_s": 0.25,
            "method": "SIH groundtruth threshold crossing",
            "roll_pitch_abs_max_deg": 62.0,
            "roll_pitch_abs_min_deg": 48.0,
            "start_s": 18.0
          }
        },
        "elapsed_s": 19.550329,
        "name": "state_trigger",
        "timestamp_us": 1783848713467070
      },
      "fired": true,
      "match": {
        "angular_rate_error_norm_rad_s": 0.0,
        "matched": true,
        "pitch_error_deg": 0.0,
        "roll_error_deg": 0.0,
        "score": 0.0,
        "switch_us": 26564000
      },
      "task_exit_code": 0
    },
    "task": "tier05_fork_20260712T090728Z/stage0_legacy/evals/pair1_A_rep07_route_a_addendum3_diag_20260629_rp48_62_rate2p45_2p90_w6_r6_f045_s20262001/mcnn_gate3_route_a_addendum3_diag_20260629_rp48_62_rate2p45_2p90_w6_r6_f045_s20262001_mcnn_task.json",
    "ulog": "tier05_fork_20260712T090728Z/stage0_legacy/evals/pair1_A_rep07_route_a_addendum3_diag_20260629_rp48_62_rate2p45_2p90_w6_r6_f045_s20262001/mcnn_gate3_route_a_addendum3_diag_20260629_rp48_62_rate2p45_2p90_w6_r6_f045_s20262001_mcnn.ulg"
  },
  "arm": "A",