{
  "analysis": {
    "actuator_rate_hz": 240.98839073824644,
    "actuator_total_counts": {
      "allocator_value_residual": 1297,
      "neural_value": 13574,
      "unknown": 158
    },
    "allocator_fraction_critical_actuator": {
      "count": 18,
      "fraction": 0.12,
      "total": 150
    },
    "allocator_fraction_critical_output": {
      "count": 17,
      "fraction": 0.11724137931034483,
      "total": 145
    },
    "allocator_fraction_full_actuator": {
      "count": 1297,
      "fraction": 0.0862998203473285,
      "total": 15029
    },
    "allocator_fraction_full_output": {
      "count": 1188,
      "fraction": 0.08005930318754632,
      "total": 14839
    },
    "exact_switch_state": {
      "angular_rate_norm_rad_s": 2.6540093526611437,
      "angular_rate_xyz_rad_s": [
        1.5120855569839478,
        -1.839270830154419,
        1.1723675727844238
      ],
      "angular_velocity_dt_ms": 0.0,
      "angular_velocity_timestamp_us": 27884000,
      "angular_velocity_topic": "vehicle_angular_velocity_groundtruth",
      "attitude_dt_ms": 0.0,
      "attitude_timestamp_us": 27884000,
      "attitude_topic": "vehicle_attitude_groundtruth",
      "local_position_dt_ms": 0.0,
      "local_position_timestamp_us": 27884000,
      "local_position_topic": "vehicle_local_position_groundtruth",
      "pitch_deg": 25.77050924638286,
      "pitch_rate_abs_rad_s": 1.839270830154419,
      "position_ned_m": [
        -9.08869457244873,
        -5.575354099273682,
        -2.24273681640625
      ],
      "roll_deg": 48.49863555426112,
      "roll_pitch_abs_deg": 48.49863555426112,
      "roll_rate_abs_rad_s": 1.5120855569839478,
      "switch_us": 27884000,
      "velocity_ned_m_s": [
        -6.272180557250977,
        -1.0761265754699707,
        -0.03163447976112366
      ],
      "velocity_norm_m_s": 6.363905883142809,
      "yaw_rate_abs_rad_s": 1.1723675727844238
    },
    "first_loss_us": 28568000,
    "loss_dt_s": 0.656,
    "loss_reason": "tilt>90",
    "mcnn_value_selfcheck": {
      "actuator_samples": 15029,
      "all_allocator_signature_residuals": 1297,
      "exact_neural_value_matches": 13574,
      "no_simultaneous_neural_timestamp_allocator_signature_residuals": 371,
      "simultaneous_neural_timestamp_nonmatches_with_allocator_signature": 926,
      "with_simultaneous_neural_control_timestamp": 14500
    },
    "nav23_duration_s": 62.364,
    "nav23_end_us": 90276000,
    "nav23_start_us": 27912000,
    "output_rate_hz": 237.94176127252902,
    "output_total_counts": {
      "allocator_value_residual": 1188,
      "neural_value": 13500,
      "unknown": 151
    },
    "severity": {
      "controlled": false,
      "evidence": {
        "active_motor_nonfinite": {
          "first_nonfinite": null,
          "nan_count": 0,
          "neginf_count": 0,
          "nonfinite_count": 0,
          "posinf_count": 0,
          "samples": 15053
        },
        "active_motor_saturation_count": 49705,
        "active_motor_saturation_ratio": 0.8254999003520893,
        "analysis_start_us": 27912000,
        "angular_velocity_topic": "vehicle_angular_velocity_groundtruth",
        "attitude_quaternion_finite": true,
        "attitude_topic": "vehicle_attitude_groundtruth",
        "console": {
          "fault": false,
          "matches": [],
          "px4_timeout_rc": false
        },
        "controller": "mcnn",
        "controller_active_us": 27912000,
        "final_error_to_hover_m": 14.303103192932785,
        "last_angular_rate_norm_rad_s": 16.931639772649508,
        "last_pitch_deg": 49.37347905778916,
        "last_position_ned_m": [
          -13.24837589263916,
          -4.775252819061279,
          0.001251220703125
        ],
        "last_roll_deg": 93.04313672765251,
        "last_window_angular_rate_max_rad_s": 20.77897398787343,
        "last_window_roll_pitch_max_deg": 99.72224581703739,
        "local_position_topic": "vehicle_local_position_groundtruth",
        "mission_end_reached": true,
        "mission_end_us": 90372000,
        "mode_confirmed": true,
        "network_output_nonfinite": {
          "first_nonfinite": null,
          "nan_count": 0,
          "neginf_count": 0,
          "nonfinite_count": 0,
          "posinf_count": 0,
          "samples": 14526
        },
        "neural_control_samples": 14526,
        "observation_nonfinite": {
          "first_nonfinite": null,
          "nan_count": 0,
          "neginf_count": 0,
          "nonfinite_count": 0,
          "posinf_count": 0,
          "samples": 14526
        },
        "post_switch_angular_rate_max_rad_s": 21.99658740380511,
        "post_switch_disarmed": false,
        "post_switch_error_to_hover_max_m": 14.4222169571388,
        "post_switch_failsafe": false,
        "post_switch_hover_ned": [
          0.0,
          0.0,
          -2.5
        ],
        "post_switch_min_altitude_agl_m": -0.037200927734375,
        "post_switch_nav_states": [
          14,
          23
        ],
        "post_switch_roll_pitch_max_deg": 179.96376865743628,
        "switch_us": 27884000,
        "task_exit_code": 0
      },
      "reasons": [
        "angular_rate_loss_of_control",
        "attitude_tumble_over_90deg"
      ],
      "severity": 3,
      "severity_label": "S3_uncontrolled_tumble_or_loc",
      "thresholds": {
        "method_a_rate_tolerance_rad_s": 0.45,
        "method_a_roll_pitch_tolerance_deg": 8.0,
        "s0_angular_rate_rad_s": 1.0,
        "s0_final_error_m": 1.5,
        "s0_last_window_s": 2.0,
        "s0_min_altitude_agl_m": 1.0,
        "s0_roll_pitch_deg": 40.0,
        "s2_ground_contact_agl_m": 0.25,
        "s3_angular_rate_rad_s": 8.0,
        "s3_roll_pitch_deg": 90.0
      },
      "uncontrolled": true
    },
    "state_trigger": {
      "event": {
        "detail": {
          "controller_switch_s": 19.527006,
          "state": {
            "angular_rate_norm_rad_s": 2.6540093526611437,
            "angular_rate_xyz_rad_s": [
              1.5120855569839478,
              -1.839270830154419,
              1.1723675727844238
            ],
            "angular_velocity_timestamp_us": 1783856063635363,
            "attitude_timestamp_us": 1783856063635363,
            "elapsed_s": 19.527006,
            "pitch_deg": 25.77050924638286,
            "pitch_rate_abs_rad_s": 1.839270830154419,
            "roll_deg": 48.49863555426112,
            "roll_pitch_abs_deg": 48.49863555426112,
            "roll_rate_abs_rad_s": 1.5120855569839478,
            "timestamp_us": 1783856063635363,
            "yaw_deg": -12.005789256304801,
            "yaw_rate_abs_rad_s": 1.1723675727844238
          },
          "trigger": {
            "angular_rate_norm_max_rad_s": 2.9,
            "angular_rate_norm_min_rad_s": 2.45,
            "deadline_s": 54.0,
            "enabled": true,
            "max_topic_age_s": 0.25,
            "method": "SIH groundtruth threshold crossing",
            "roll_pitch_abs_max_deg": 62.0,
            "roll_pitch_abs_min_deg": 48.0,
            "start_s": 18.0
          }
        },
        "elapsed_s": 19.527006,
        "name": "state_trigger",
        "timestamp_us": 1783856063635363
      },
      "fired": true,
      "match": {
        "angular_rate_error_norm_rad_s": 0.0,
        "matched": true,
        "pitch_error_deg": 0.0,
        "roll_error_deg": 0.0,
        "score": 0.0,
        "switch_us": 27884000
      },
      "task_exit_code": 0
    },
    "task": "tier05_fork_20260712T090728Z/stage3_initial/evals/pair1_H_rep19_route_a_addendum3_diag_20260629_rp48_62_rate2p45_2p90_w6_r6_f045_s20262001/mcnn_gate3_route_a_addendum3_diag_20260629_rp48_62_rate2p45_2p90_w6_r6_f045_s20262001_mcnn_task.json",
    "ulog": "tier05_fork_20260712T090728Z/stage3_initial/evals/pair1_H_rep19_route_a_addendum3_diag_20260629_rp48_62_rate2p45_2p90_w6_r6_f045_s20262001/mcnn_gate3_route_a_addendum3_diag_20260629_rp48_62_rate2p45_2p90_w6_r6_f045_s20262001_mcnn.ulg"
  },
  "arm": "H",