{
  "analysis": {
    "actuator_rate_hz": 240.65300896286814,
    "actuator_total_counts": {
      "allocator_value_residual": 1378,
      "neural_value": 13482,
      "unknown": 176
    },
    "allocator_fraction_critical_actuator": {
      "count": 10,
      "fraction": 0.058823529411764705,
      "total": 170
    },
    "allocator_fraction_critical_output": {
      "count": 10,
      "fraction": 0.059880239520958084,
      "total": 167
    },
    "allocator_fraction_full_actuator": {
      "count": 1378,
      "fraction": 0.09164671455174249,
      "total": 15036
    },
    "allocator_fraction_full_output": {
      "count": 1260,
      "fraction": 0.08494572911750826,
      "total": 14833
    },
    "exact_switch_state": {
      "angular_rate_norm_rad_s": 2.6548705132332038,
      "angular_rate_xyz_rad_s": [
        1.4928560256958008,
        -1.8690813779830933,
        1.1516306400299072
      ],
      "angular_velocity_dt_ms": 0.0,
      "angular_velocity_timestamp_us": 27888000,
      "angular_velocity_topic": "vehicle_angular_velocity_groundtruth",
      "attitude_dt_ms": 0.0,
      "attitude_timestamp_us": 27888000,
      "attitude_topic": "vehicle_attitude_groundtruth",
      "local_position_dt_ms": 0.0,
      "local_position_timestamp_us": 27888000,
      "local_position_topic": "vehicle_local_position_groundtruth",
      "pitch_deg": 24.99757215422618,
      "pitch_rate_abs_rad_s": 1.8690813779830933,
      "position_ned_m": [
        -9.1423921585083,
        -5.026951789855957,
        -2.355804443359375
      ],
      "roll_deg": 48.085340081877206,
      "roll_pitch_abs_deg": 48.085340081877206,
      "roll_rate_abs_rad_s": 1.4928560256958008,
      "switch_us": 27888000,
      "velocity_ned_m_s": [
        -6.28001070022583,
        -1.090889811515808,
        -0.09303819388151169
      ],
      "velocity_norm_m_s": 6.374733804743587,
      "yaw_rate_abs_rad_s": 1.1516306400299072
    },
    "first_loss_us": 28652000,
    "loss_dt_s": 0.736,
    "loss_reason": "tilt>90",
    "mcnn_value_selfcheck": {
      "actuator_samples": 15036,
      "all_allocator_signature_residuals": 1378,
      "exact_neural_value_matches": 13482,
      "no_simultaneous_neural_timestamp_allocator_signature_residuals": 436,
      "simultaneous_neural_timestamp_nonmatches_with_allocator_signature": 942,
      "with_simultaneous_neural_control_timestamp": 14424
    },
    "nav23_duration_s": 62.48,
    "nav23_end_us": 90396000,
    "nav23_start_us": 27916000,
    "output_rate_hz": 237.40396927016647,
    "output_total_counts": {
      "allocator_value_residual": 1260,
      "neural_value": 13404,
      "unknown": 169
    },
    "severity": {
      "controlled": false,
      "evidence": {
        "active_motor_nonfinite": {
          "first_nonfinite": null,
          "nan_count": 0,
          "neginf_count": 0,
          "nonfinite_count": 0,
          "posinf_count": 0,
          "samples": 15036
        },
        "active_motor_saturation_count": 51361,
        "active_motor_saturation_ratio": 0.8539671455174248,
        "analysis_start_us": 27916000,
        "angular_velocity_topic": "vehicle_angular_velocity_groundtruth",
        "attitude_quaternion_finite": true,
        "attitude_topic": "vehicle_attitude_groundtruth",
        "console": {
          "fault": false,
          "matches": [],
          "px4_timeout_rc": false
        },
        "controller": "mcnn",
        "controller_active_us": 27916000,
        "final_error_to_hover_m": 14.532845115052268,
        "last_angular_rate_norm_rad_s": 17.8748050083265,
        "last_pitch_deg": -48.95704594569303,
        "last_position_ned_m": [
          -13.685502052307129,
          -4.202199935913086,
          0.00042724609375
        ],
        "last_roll_deg": -142.95269103222475,
        "last_window_angular_rate_max_rad_s": 17.8748050083265,
        "last_window_roll_pitch_max_deg": 179.7735369728125,
        "local_position_topic": "vehicle_local_position_groundtruth",
        "mission_end_reached": true,
        "mission_end_us": 90396000,
        "mode_confirmed": true,
        "network_output_nonfinite": {
          "first_nonfinite": null,
          "nan_count": 0,
          "neginf_count": 0,
          "nonfinite_count": 0,
          "posinf_count": 0,
          "samples": 14435
        },
        "neural_control_samples": 14435,
        "observation_nonfinite": {
          "first_nonfinite": null,
          "nan_count": 0,
          "neginf_count": 0,
          "nonfinite_count": 0,
          "posinf_count": 0,
          "samples": 14435
        },
        "post_switch_angular_rate_max_rad_s": 23.117195702251735,
        "post_switch_disarmed": false,
        "post_switch_error_to_hover_max_m": 14.532846911192227,
        "post_switch_failsafe": false,
        "post_switch_hover_ned": [
          0.0,
          0.0,
          -2.5
        ],
        "post_switch_min_altitude_agl_m": -0.032379150390625,
        "post_switch_nav_states": [
          14,
          23
        ],
        "post_switch_roll_pitch_max_deg": 179.97340505227606,
        "switch_us": 27888000,
        "task_exit_code": 0
      },
      "reasons": [
        "angular_rate_loss_of_control",
        "attitude_tumble_over_90deg"
      ],
      "severity": 3,
      "severity_label": "S3_uncontrolled_tumble_or_loc",
      "thresholds": {
        "method_a_rate_tolerance_rad_s": 0.45,
        "method_a_roll_pitch_tolerance_deg": 8.0,
        "s0_angular_rate_rad_s": 1.0,
        "s0_final_error_m": 1.5,
        "s0_last_window_s": 2.0,
        "s0_min_altitude_agl_m": 1.0,
        "s0_roll_pitch_deg": 40.0,
        "s2_ground_contact_agl_m": 0.25,
        "s3_angular_rate_rad_s": 8.0,
        "s3_roll_pitch_deg": 90.0
      },
      "uncontrolled": true
    },
    "state_trigger": {
      "event": {
        "detail": {
          "controller_switch_s": 19.529412,
          "state": {
            "angular_rate_norm_rad_s": 2.6548705132332038,
            "angular_rate_xyz_rad_s": [
              1.4928560256958008,
              -1.8690813779830933,
              1.1516306400299072
            ],
            "angular_velocity_timestamp_us": 1783851224574040,
            "attitude_timestamp_us": 1783851224574040,
            "elapsed_s": 19.529412,
            "pitch_deg": 24.99757215422618,
            "pitch_rate_abs_rad_s": 1.8690813779830933,
            "roll_deg": 48.085340081877206,
            "roll_pitch_abs_deg": 48.085340081877206,
            "roll_rate_abs_rad_s": 1.4928560256958008,
            "timestamp_us": 1783851224574040,
            "yaw_deg": -11.907715080208481,
            "yaw_rate_abs_rad_s": 1.1516306400299072
          },
          "trigger": {
            "angular_rate_norm_max_rad_s": 2.9,
            "angular_rate_norm_min_rad_s": 2.45,
            "deadline_s": 54.0,
            "enabled": true,
            "max_topic_age_s": 0.25,
            "method": "SIH groundtruth threshold crossing",
            "roll_pitch_abs_max_deg": 62.0,
            "roll_pitch_abs_min_deg": 48.0,
            "start_s": 18.0
          }
        },
        "elapsed_s": 19.529412,
        "name": "state_trigger",
        "timestamp_us": 1783851224574040
      },
      "fired": true,
      "match": {
        "angular_rate_error_norm_rad_s": 0.0,
        "matched": true,
        "pitch_error_deg": 0.0,
        "roll_error_deg": 0.0,
        "score": 0.0,
        "switch_us": 27888000
      },
      "task_exit_code": 0
    },
    "task": "tier05_fork_20260712T090728Z/stage2_gate_a/evals/pair1_A_rep10_route_a_addendum3_diag_20260629_rp48_62_rate2p45_2p90_w6_r6_f045_s20262001/mcnn_gate3_route_a_addendum3_diag_20260629_rp48_62_rate2p45_2p90_w6_r6_f045_s20262001_mcnn_task.json",
    "ulog": "tier05_fork_20260712T090728Z/stage2_gate_a/evals/pair1_A_rep10_route_a_addendum3_diag_20260629_rp48_62_rate2p45_2p90_w6_r6_f045_s20262001/mcnn_gate3_route_a_addendum3_diag_20260629_rp48_62_rate2p45_2p90_w6_r6_f045_s20262001_mcnn.ulg"
  },