{
  "analysis": {
    "actuator_rate_hz": 233.9516079254367,
    "actuator_total_counts": {
      "allocator_value_residual": 1079,
      "neural_value": 13783,
      "unknown": 299
    },
    "allocator_fraction_critical_actuator": {
      "count": 4,
      "fraction": 0.08888888888888889,
      "total": 45
    },
    "allocator_fraction_critical_output": {
      "count": 3,
      "fraction": 0.06382978723404255,
      "total": 47
    },
    "allocator_fraction_full_actuator": {
      "count": 1079,
      "fraction": 0.07116944792559858,
      "total": 15161
    },
    "allocator_fraction_full_output": {
      "count": 945,
      "fraction": 0.06261595547309833,
      "total": 15092
    },
    "exact_switch_state": {
      "angular_rate_norm_rad_s": 1.902494542743369,
      "angular_rate_xyz_rad_s": [
        -0.8636801838874817,
        -1.053796410560608,
        1.3278008699417114
      ],
      "angular_velocity_dt_ms": 0.0,
      "angular_velocity_timestamp_us": 25284000,
      "angular_velocity_topic": "vehicle_angular_velocity_groundtruth",
      "attitude_dt_ms": 0.0,
      "attitude_timestamp_us": 25284000,
      "attitude_topic": "vehicle_attitude_groundtruth",
      "local_position_dt_ms": 0.0,
      "local_position_timestamp_us": 25284000,
      "local_position_topic": "vehicle_local_position_groundtruth",
      "pitch_deg": -37.147863069957765,
      "pitch_rate_abs_rad_s": 1.053796410560608,
      "position_ned_m": [
        -4.97261905670166,
        -2.0635275840759277,
        -2.344146728515625
      ],
      "roll_deg": 31.973334667402522,
      "roll_pitch_abs_deg": 37.147863069957765,
      "roll_rate_abs_rad_s": 0.8636801838874817,
      "switch_us": 25284000,
      "velocity_ned_m_s": [
        -3.0145816802978516,
        4.154820919036865,
        -0.15742209553718567
      ],
      "velocity_norm_m_s": 5.13566171905988,
      "yaw_rate_abs_rad_s": 1.3278008699417114
    },
    "first_loss_us": 25496000,
    "loss_dt_s": 0.192,
    "loss_reason": "rate>8",
    "mcnn_value_selfcheck": {
      "actuator_samples": 15161,
      "all_allocator_signature_residuals": 1079,
      "exact_neural_value_matches": 13783,
      "no_simultaneous_neural_timestamp_allocator_signature_residuals": 391,
      "simultaneous_neural_timestamp_nonmatches_with_allocator_signature": 688,
      "with_simultaneous_neural_control_timestamp": 14471
    },
    "nav23_duration_s": 64.804,
    "nav23_end_us": 90108000,
    "nav23_start_us": 25304000,
    "output_rate_hz": 232.88685883587434,
    "output_total_counts": {
      "allocator_value_residual": 945,
      "neural_value": 13843,
      "unknown": 304
    },
    "severity": {
      "controlled": false,
      "evidence": {
        "active_motor_nonfinite": {
          "first_nonfinite": null,
          "nan_count": 0,
          "neginf_count": 0,
          "nonfinite_count": 0,
          "posinf_count": 0,
          "samples": 15246
        },
        "active_motor_saturation_count": 45589,
        "active_motor_saturation_ratio": 0.7475567361930998,
        "analysis_start_us": 25304000,
        "angular_velocity_topic": "vehicle_angular_velocity_groundtruth",
        "attitude_quaternion_finite": true,
        "attitude_topic": "vehicle_attitude_groundtruth",
        "console": {
          "fault": false,
          "matches": [],
          "px4_timeout_rc": false
        },
        "controller": "mcnn",
        "controller_active_us": 25304000,
        "final_error_to_hover_m": 7.756054709547317,
        "last_angular_rate_norm_rad_s": 19.271133325427225,
        "last_pitch_deg": -50.19517395575719,
        "last_position_ned_m": [
          -7.146144390106201,
          1.6456518173217773,
          0.026031494140625
        ],
        "last_roll_deg": -33.50088774085171,
        "last_window_angular_rate_max_rad_s": 20.366875904525564,
        "last_window_roll_pitch_max_deg": 179.71592781786163,
        "local_position_topic": "vehicle_local_position_groundtruth",
        "mission_end_reached": true,
        "mission_end_us": 90452000,
        "mode_confirmed": true,
        "network_output_nonfinite": {
          "first_nonfinite": null,
          "nan_count": 0,
          "neginf_count": 0,
          "nonfinite_count": 0,
          "posinf_count": 0,
          "samples": 14567
        },
        "neural_control_samples": 14567,
        "observation_nonfinite": {
          "first_nonfinite": null,
          "nan_count": 0,
          "neginf_count": 0,
          "nonfinite_count": 0,
          "posinf_count": 0,
          "samples": 14567
        },
        "post_switch_angular_rate_max_rad_s": 23.961090438045076,
        "post_switch_disarmed": false,
        "post_switch_error_to_hover_max_m": 7.756054709547317,
        "post_switch_failsafe": false,
        "post_switch_hover_ned": [
          0.0,
          0.0,
          -2.5
        ],
        "post_switch_min_altitude_agl_m": -0.026092529296875,
        "post_switch_nav_states": [
          14,
          23
        ],
        "post_switch_roll_pitch_max_deg": 179.98727437057448,
        "switch_us": 25284000,
        "task_exit_code": 0
      },
      "reasons": [
        "angular_rate_loss_of_control",
        "attitude_tumble_over_90deg"
      ],
      "severity": 3,
      "severity_label": "S3_uncontrolled_tumble_or_loc",
      "thresholds": {
        "method_a_rate_tolerance_rad_s": 0.45,
        "method_a_roll_pitch_tolerance_deg": 8.0,
        "s0_angular_rate_rad_s": 1.0,
        "s0_final_error_m": 1.5,
        "s0_last_window_s": 2.0,
        "s0_min_altitude_agl_m": 1.0,
        "s0_roll_pitch_deg": 40.0,
        "s2_ground_contact_agl_m": 0.25,
        "s3_angular_rate_rad_s": 8.0,
        "s3_roll_pitch_deg": 90.0
      },
      "uncontrolled": true
    },
    "state_trigger": {
      "event": {
        "detail": {
          "controller_switch_s": 18.004907,
          "state": {
            "angular_rate_norm_rad_s": 1.902494542743369,
            "angular_rate_xyz_rad_s": [
              -0.8636801838874817,
              -1.053796410560608,
              1.3278008699417114
            ],
            "angular_velocity_timestamp_us": 1783847482951161,
            "attitude_timestamp_us": 1783847482951161,
            "elapsed_s": 18.004907,
            "pitch_deg": -37.147863069957765,
            "pitch_rate_abs_rad_s": 1.053796410560608,
            "roll_deg": 31.973334667402522,
            "roll_pitch_abs_deg": 37.147863069957765,
            "roll_rate_abs_rad_s": 0.8636801838874817,
            "timestamp_us": 1783847482951161,
            "yaw_deg": -10.02973909711305,
            "yaw_rate_abs_rad_s": 1.3278008699417114
          },
          "trigger": {
            "angular_rate_norm_max_rad_s": 2.15,
            "angular_rate_norm_min_rad_s": 1.55,
            "deadline_s": 54.0,
            "enabled": true,
            "max_topic_age_s": 0.25,
            "method": "SIH groundtruth threshold crossing",
            "roll_pitch_abs_max_deg": 44.0,
            "roll_pitch_abs_min_deg": 36.0,
            "start_s": 18.0
          }
        },
        "elapsed_s": 18.004907,
        "name": "state_trigger",
        "timestamp_us": 1783847482951161
      },
      "fired": true,
      "match": {
        "angular_rate_error_norm_rad_s": 0.0,
        "matched": true,
        "pitch_error_deg": 0.0,
        "roll_error_deg": 0.0,
        "score": 0.0,
        "switch_us": 25284000
      },
      "task_exit_code": 0
    },
    "task": "tier05_fork_20260712T090728Z/stage0_legacy/evals/pair4_A_rep03_route_a_addendum3_diag_20260629_rp36_44_rate1p55_2p15_w3_r4_f038_s20261902/mcnn_gate3_route_a_addendum3_diag_20260629_rp36_44_rate1p55_2p15_w3_r4_f038_s20261902_mcnn_task.json",
    "ulog": "tier05_fork_20260712T090728Z/stage0_legacy/evals/pair4_A_rep03_route_a_addendum3_diag_20260629_rp36_44_rate1p55_2p15_w3_r4_f038_s20261902/mcnn_gate3_route_a_addendum3_diag_20260629_rp36_44_rate1p55_2p15_w3_r4_f038_s20261902_mcnn.ulg"
  },