{
  "analysis": {
    "actuator_rate_hz": 241.32293762575452,
    "actuator_total_counts": {
      "allocator_value_residual": 1391,
      "neural_value": 13679,
      "unknown": 282
    },
    "allocator_fraction_critical_actuator": {
      "count": 13,
      "fraction": 0.11206896551724138,
      "total": 116
    },
    "allocator_fraction_critical_output": {
      "count": 12,
      "fraction": 0.10619469026548672,
      "total": 113
    },
    "allocator_fraction_full_actuator": {
      "count": 1391,
      "fraction": 0.09060708702449193,
      "total": 15352
    },
    "allocator_fraction_full_output": {
      "count": 1272,
      "fraction": 0.08378342774338032,
      "total": 15182
    },
    "exact_switch_state": {
      "angular_rate_norm_rad_s": 1.978619747512033,
      "angular_rate_xyz_rad_s": [
        -0.9708923697471619,
        -1.067270040512085,
        1.3539714813232422
      ],
      "angular_velocity_dt_ms": 0.0,
      "angular_velocity_timestamp_us": 26380000,
      "angular_velocity_topic": "vehicle_angular_velocity_groundtruth",
      "attitude_dt_ms": 0.0,
      "attitude_timestamp_us": 26380000,
      "attitude_topic": "vehicle_attitude_groundtruth",
      "local_position_dt_ms": 0.0,
      "local_position_timestamp_us": 26380000,
      "local_position_topic": "vehicle_local_position_groundtruth",
      "pitch_deg": -36.98563238422991,
      "pitch_rate_abs_rad_s": 1.067270040512085,
      "position_ned_m": [
        -4.759283542633057,
        -2.5317914485931396,
        -2.699798583984375
      ],
      "roll_deg": 36.3329698623691,
      "roll_pitch_abs_deg": 36.98563238422991,
      "roll_rate_abs_rad_s": 0.9708923697471619,
      "switch_us": 26380000,
      "velocity_ned_m_s": [
        -2.9316842555999756,
        4.219682216644287,
        -0.3235927224159241
      ],
      "velocity_norm_m_s": 5.148320389602552,
      "yaw_rate_abs_rad_s": 1.3539714813232422
    },
    "first_loss_us": 26864000,
    "loss_dt_s": 0.464,
    "loss_reason": "tilt>90",
    "mcnn_value_selfcheck": {
      "actuator_samples": 15352,
      "all_allocator_signature_residuals": 1391,
      "exact_neural_value_matches": 13679,
      "no_simultaneous_neural_timestamp_allocator_signature_residuals": 409,
      "simultaneous_neural_timestamp_nonmatches_with_allocator_signature": 982,
      "with_simultaneous_neural_control_timestamp": 14661
    },
    "nav23_duration_s": 63.616,
    "nav23_end_us": 90016000,
    "nav23_start_us": 26400000,
    "output_rate_hz": 238.65065392354126,
    "output_total_counts": {
      "allocator_value_residual": 1272,
      "neural_value": 13635,
      "unknown": 275
    },
    "severity": {
      "controlled": false,
      "evidence": {
        "active_motor_nonfinite": {
          "first_nonfinite": null,
          "nan_count": 0,
          "neginf_count": 0,
          "nonfinite_count": 0,
          "posinf_count": 0,
          "samples": 15452
        },
        "active_motor_saturation_count": 58094,
        "active_motor_saturation_ratio": 0.9399106911726637,
        "analysis_start_us": 26400000,
        "angular_velocity_topic": "vehicle_angular_velocity_groundtruth",
        "attitude_quaternion_finite": true,
        "attitude_topic": "vehicle_attitude_groundtruth",
        "console": {
          "fault": false,
          "matches": [],
          "px4_timeout_rc": false
        },
        "controller": "mcnn",
        "controller_active_us": 26400000,
        "final_error_to_hover_m": 8.721882020575583,
        "last_angular_rate_norm_rad_s": 22.0037308450453,
        "last_pitch_deg": -44.934990482268425,
        "last_position_ned_m": [
          -8.19536304473877,
          1.5668398141860962,
          0.040130615234375
        ],
        "last_roll_deg": 56.874968032457375,
        "last_window_angular_rate_max_rad_s": 22.9774003902306,
        "last_window_roll_pitch_max_deg": 179.52755888015506,
        "local_position_topic": "vehicle_local_position_groundtruth",
        "mission_end_reached": true,
        "mission_end_us": 90436000,
        "mode_confirmed": true,
        "network_output_nonfinite": {
          "first_nonfinite": null,
          "nan_count": 0,
          "neginf_count": 0,
          "nonfinite_count": 0,
          "posinf_count": 0,
          "samples": 14774
        },
        "neural_control_samples": 14774,
        "observation_nonfinite": {
          "first_nonfinite": null,
          "nan_count": 0,
          "neginf_count": 0,
          "nonfinite_count": 0,
          "posinf_count": 0,
          "samples": 14774
        },
        "post_switch_angular_rate_max_rad_s": 24.542377488733994,
        "post_switch_disarmed": false,
        "post_switch_error_to_hover_max_m": 8.721882341805502,
        "post_switch_failsafe": false,
        "post_switch_hover_ned": [
          0.0,
          0.0,
          -2.5
        ],
        "post_switch_min_altitude_agl_m": -0.0404052734375,
        "post_switch_nav_states": [
          14,
          23
        ],
        "post_switch_roll_pitch_max_deg": 179.94915533564236,
        "switch_us": 26380000,
        "task_exit_code": 0
      },
      "reasons": [
        "angular_rate_loss_of_control",
        "attitude_tumble_over_90deg"
      ],
      "severity": 3,
      "severity_label": "S3_uncontrolled_tumble_or_loc",
      "thresholds": {
        "method_a_rate_tolerance_rad_s": 0.45,
        "method_a_roll_pitch_tolerance_deg": 8.0,
        "s0_angular_rate_rad_s": 1.0,
        "s0_final_error_m": 1.5,
        "s0_last_window_s": 2.0,
        "s0_min_altitude_agl_m": 1.0,
        "s0_roll_pitch_deg": 40.0,
        "s2_ground_contact_agl_m": 0.25,
        "s3_angular_rate_rad_s": 8.0,
        "s3_roll_pitch_deg": 90.0
      },
      "uncontrolled": true
    },
    "state_trigger": {
      "event": {
        "detail": {
          "controller_switch_s": 18.004278,
          "state": {
            "angular_rate_norm_rad_s": 1.978619747512033,
            "angular_rate_xyz_rad_s": [
              -0.9708923697471619,
              -1.067270040512085,
              1.3539714813232422
            ],
            "angular_velocity_timestamp_us": 1783850437975649,
            "attitude_timestamp_us": 1783850437975649,
            "elapsed_s": 18.004278,
            "pitch_deg": -36.98563238422991,
            "pitch_rate_abs_rad_s": 1.067270040512085,
            "roll_deg": 36.3329698623691,
            "roll_pitch_abs_deg": 36.98563238422991,
            "roll_rate_abs_rad_s": 0.9708923697471619,
            "timestamp_us": 1783850437975649,
            "yaw_deg": -10.889910481159871,
            "yaw_rate_abs_rad_s": 1.3539714813232422
          },
          "trigger": {
            "angular_rate_norm_max_rad_s": 2.15,
            "angular_rate_norm_min_rad_s": 1.55,
            "deadline_s": 54.0,
            "enabled": true,
            "max_topic_age_s": 0.25,
            "method": "SIH groundtruth threshold crossing",
            "roll_pitch_abs_max_deg": 44.0,
            "roll_pitch_abs_min_deg": 36.0,
            "start_s": 18.0
          }
        },
        "elapsed_s": 18.004278,
        "name": "state_trigger",
        "timestamp_us": 1783850437975649
      },
      "fired": true,
      "match": {
        "angular_rate_error_norm_rad_s": 0.0,
        "matched": true,
        "pitch_error_deg": 0.0,
        "roll_error_deg": 0.0,
        "score": 0.0,
        "switch_us": 26380000
      },
      "task_exit_code": 0
    },
    "task": "tier05_fork_20260712T090728Z/stage2_gate_a/evals/pair4_A_rep10_route_a_addendum3_diag_20260629_rp36_44_rate1p55_2p15_w3_r4_f038_s20261902/mcnn_gate3_route_a_addendum3_diag_20260629_rp36_44_rate1p55_2p15_w3_r4_f038_s20261902_mcnn_task.json",
    "ulog": "tier05_fork_20260712T090728Z/stage2_gate_a/evals/pair4_A_rep10_route_a_addendum3_diag_20260629_rp36_44_rate1p55_2p15_w3_r4_f038_s20261902/mcnn_gate3_route_a_addendum3_diag_20260629_rp36_44_rate1p55_2p15_w3_r4_f038_s20261902_mcnn.ulg"
  },