{
  "analysis": {
    "actuator_rate_hz": 240.4940587867417,
    "actuator_total_counts": {
      "allocator_value_residual": 1424,
      "neural_value": 13674,
      "unknown": 284
    },
    "allocator_fraction_critical_actuator": {
      "count": 7,
      "fraction": 0.045454545454545456,
      "total": 154
    },
    "allocator_fraction_critical_output": {
      "count": 6,
      "fraction": 0.0392156862745098,
      "total": 153
    },
    "allocator_fraction_full_actuator": {
      "count": 1424,
      "fraction": 0.09257573787543882,
      "total": 15382
    },
    "allocator_fraction_full_output": {
      "count": 1289,
      "fraction": 0.08454676636494818,
      "total": 15246
    },
    "exact_switch_state": {
      "angular_rate_norm_rad_s": 1.964941866296548,
      "angular_rate_xyz_rad_s": [
        -0.9650819301605225,
        -1.1047215461730957,
        1.3073651790618896
      ],
      "angular_velocity_dt_ms": 0.0,
      "angular_velocity_timestamp_us": 26360000,
      "angular_velocity_topic": "vehicle_angular_velocity_groundtruth",
      "attitude_dt_ms": 0.0,
      "attitude_timestamp_us": 26360000,
      "attitude_topic": "vehicle_attitude_groundtruth",
      "local_position_dt_ms": 0.0,
      "local_position_timestamp_us": 26360000,
      "local_position_topic": "vehicle_local_position_groundtruth",
      "pitch_deg": -37.44049144569697,
      "pitch_rate_abs_rad_s": 1.1047215461730957,
      "position_ned_m": [
        -4.8380537033081055,
        -3.4012837409973145,
        -2.70050048828125
      ],
      "roll_deg": 35.713033642106346,
      "roll_pitch_abs_deg": 37.44049144569697,
      "roll_rate_abs_rad_s": 0.9650819301605225,
      "switch_us": 26360000,
      "velocity_ned_m_s": [
        -3.1761622428894043,
        3.9211573600769043,
        -0.4682096540927887
      ],
      "velocity_norm_m_s": 5.067810366995515,
      "yaw_rate_abs_rad_s": 1.3073651790618896
    },
    "first_loss_us": 27016000,
    "loss_dt_s": 0.64,
    "loss_reason": "tilt>90",
    "mcnn_value_selfcheck": {
      "actuator_samples": 15382,
      "all_allocator_signature_residuals": 1424,
      "exact_neural_value_matches": 13674,
      "no_simultaneous_neural_timestamp_allocator_signature_residuals": 420,
      "simultaneous_neural_timestamp_nonmatches_with_allocator_signature": 1004,
      "with_simultaneous_neural_control_timestamp": 14678
    },
    "nav23_duration_s": 63.96,
    "nav23_end_us": 90336000,
    "nav23_start_us": 26376000,
    "output_rate_hz": 238.36772983114446,
    "output_total_counts": {
      "allocator_value_residual": 1289,
      "neural_value": 13675,
      "unknown": 282
    },
    "severity": {
      "controlled": false,
      "evidence": {
        "active_motor_nonfinite": {
          "first_nonfinite": null,
          "nan_count": 0,
          "neginf_count": 0,
          "nonfinite_count": 0,
          "posinf_count": 0,
          "samples": 15389
        },
        "active_motor_saturation_count": 57198,
        "active_motor_saturation_ratio": 0.9292026772369875,
        "analysis_start_us": 26376000,
        "angular_velocity_topic": "vehicle_angular_velocity_groundtruth",
        "attitude_quaternion_finite": true,
        "attitude_topic": "vehicle_attitude_groundtruth",
        "console": {
          "fault": false,
          "matches": [],
          "px4_timeout_rc": false
        },
        "controller": "mcnn",
        "controller_active_us": 26376000,
        "final_error_to_hover_m": 9.835881173981175,
        "last_angular_rate_norm_rad_s": 22.689723121483024,
        "last_pitch_deg": 51.84949679203328,
        "last_position_ned_m": [
          -9.502814292907715,
          0.21992440521717072,
          0.02838134765625
        ],
        "last_roll_deg": 88.70038158763516,
        "last_window_angular_rate_max_rad_s": 22.727182052937533,
        "last_window_roll_pitch_max_deg": 89.94636155059123,
        "local_position_topic": "vehicle_local_position_groundtruth",
        "mission_end_reached": true,
        "mission_end_us": 90372000,
        "mode_confirmed": true,
        "network_output_nonfinite": {
          "first_nonfinite": null,
          "nan_count": 0,
          "neginf_count": 0,
          "nonfinite_count": 0,
          "posinf_count": 0,
          "samples": 14682
        },
        "neural_control_samples": 14682,
        "observation_nonfinite": {
          "first_nonfinite": null,
          "nan_count": 0,
          "neginf_count": 0,
          "nonfinite_count": 0,
          "posinf_count": 0,
          "samples": 14682
        },
        "post_switch_angular_rate_max_rad_s": 24.525006029845358,
        "post_switch_disarmed": false,
        "post_switch_error_to_hover_max_m": 9.835881173981175,
        "post_switch_failsafe": false,
        "post_switch_hover_ned": [
          0.0,
          0.0,
          -2.5
        ],
        "post_switch_min_altitude_agl_m": -0.028411865234375,
        "post_switch_nav_states": [
          14,
          23
        ],
        "post_switch_roll_pitch_max_deg": 179.98538169821654,
        "switch_us": 26360000,
        "task_exit_code": 0
      },
      "reasons": [
        "angular_rate_loss_of_control",
        "attitude_tumble_over_90deg"
      ],
      "severity": 3,
      "severity_label": "S3_uncontrolled_tumble_or_loc",
      "thresholds": {
        "method_a_rate_tolerance_rad_s": 0.45,
        "method_a_roll_pitch_tolerance_deg": 8.0,
        "s0_angular_rate_rad_s": 1.0,
        "s0_final_error_m": 1.5,
        "s0_last_window_s": 2.0,
        "s0_min_altitude_agl_m": 1.0,
        "s0_roll_pitch_deg": 40.0,
        "s2_ground_contact_agl_m": 0.25,
        "s3_angular_rate_rad_s": 8.0,
        "s3_roll_pitch_deg": 90.0
      },
      "uncontrolled": true
    },
    "state_trigger": {
      "event": {
        "detail": {
          "controller_switch_s": 18.003854,
          "state": {
            "angular_rate_norm_rad_s": 1.964941866296548,
            "angular_rate_xyz_rad_s": [
              -0.9650819301605225,
              -1.1047215461730957,
              1.3073651790618896
            ],
            "angular_velocity_timestamp_us": 1783853784720901,
            "attitude_timestamp_us": 1783853784720901,
            "elapsed_s": 18.003854,
            "pitch_deg": -37.44049144569697,
            "pitch_rate_abs_rad_s": 1.1047215461730957,
            "roll_deg": 35.713033642106346,
            "roll_pitch_abs_deg": 37.44049144569697,
            "roll_rate_abs_rad_s": 0.9650819301605225,
            "timestamp_us": 1783853784720901,
            "yaw_deg": -8.636113818900068,
            "yaw_rate_abs_rad_s": 1.3073651790618896
          },
          "trigger": {
            "angular_rate_norm_max_rad_s": 2.15,
            "angular_rate_norm_min_rad_s": 1.55,
            "deadline_s": 54.0,
            "enabled": true,
            "max_topic_age_s": 0.25,
            "method": "SIH groundtruth threshold crossing",
            "roll_pitch_abs_max_deg": 44.0,
            "roll_pitch_abs_min_deg": 36.0,
            "start_s": 18.0
          }
        },
        "elapsed_s": 18.003854,
        "name": "state_trigger",
        "timestamp_us": 1783853784720901
      },
      "fired": true,
      "match": {
        "angular_rate_error_norm_rad_s": 0.0,
        "matched": true,
        "pitch_error_deg": 6.3611093629270335e-15,
        "roll_error_deg": 0.0,
        "score": 6.3611093629270335e-15,
        "switch_us": 26360000
      },
      "task_exit_code": 0
    },
    "task": "tier05_fork_20260712T090728Z/stage3_initial/evals/pair4_H_rep10_route_a_addendum3_diag_20260629_rp36_44_rate1p55_2p15_w3_r4_f038_s20261902/mcnn_gate3_route_a_addendum3_diag_20260629_rp36_44_rate1p55_2p15_w3_r4_f038_s20261902_mcnn_task.json",