{
  "analysis": {
    "actuator_rate_hz": 240.93896713615024,
    "actuator_total_counts": {
      "allocator_value_residual": 1292,
      "neural_value": 13837,
      "unknown": 267
    },
    "allocator_fraction_critical_actuator": {
      "count": 8,
      "fraction": 0.07272727272727272,
      "total": 110
    },
    "allocator_fraction_critical_output": {
      "count": 8,
      "fraction": 0.07272727272727272,
      "total": 110
    },
    "allocator_fraction_full_actuator": {
      "count": 1292,
      "fraction": 0.08391790075344245,
      "total": 15396
    },
    "allocator_fraction_full_output": {
      "count": 1183,
      "fraction": 0.07758903390830983,
      "total": 15247
    },
    "exact_switch_state": {
      "angular_rate_norm_rad_s": 2.0204568847193665,
      "angular_rate_xyz_rad_s": [
        -0.9261173009872437,
        -1.1991488933563232,
        1.3366355895996094
      ],
      "angular_velocity_dt_ms": 0.0,
      "angular_velocity_timestamp_us": 26384000,
      "angular_velocity_topic": "vehicle_angular_velocity_groundtruth",
      "attitude_dt_ms": 0.0,
      "attitude_timestamp_us": 26384000,
      "attitude_topic": "vehicle_attitude_groundtruth",
      "local_position_dt_ms": 0.0,
      "local_position_timestamp_us": 26384000,
      "local_position_topic": "vehicle_local_position_groundtruth",
      "pitch_deg": -39.981561797701424,
      "pitch_rate_abs_rad_s": 1.1991488933563232,
      "position_ned_m": [
        -5.031261444091797,
        -2.84679913520813,
        -2.405731201171875
      ],
      "roll_deg": 37.105805519935416,
      "roll_pitch_abs_deg": 39.981561797701424,
      "roll_rate_abs_rad_s": 0.9261173009872437,
      "switch_us": 26384000,
      "velocity_ned_m_s": [
        -2.9515323638916016,
        4.402746677398682,
        -0.2155829668045044
      ],
      "velocity_norm_m_s": 5.304922017901951,
      "yaw_rate_abs_rad_s": 1.3366355895996094
    },
    "first_loss_us": 26868000,
    "loss_dt_s": 0.46,
    "loss_reason": "tilt>90",
    "mcnn_value_selfcheck": {
      "actuator_samples": 15396,
      "all_allocator_signature_residuals": 1292,
      "exact_neural_value_matches": 13837,
      "no_simultaneous_neural_timestamp_allocator_signature_residuals": 386,
      "simultaneous_neural_timestamp_nonmatches_with_allocator_signature": 906,
      "with_simultaneous_neural_control_timestamp": 14743
    },
    "nav23_duration_s": 63.9,
    "nav23_end_us": 90308000,
    "nav23_start_us": 26408000,
    "output_rate_hz": 238.60719874804383,
    "output_total_counts": {
      "allocator_value_residual": 1183,
      "neural_value": 13793,
      "unknown": 271
    },
    "severity": {
      "controlled": false,
      "evidence": {
        "active_motor_nonfinite": {
          "first_nonfinite": null,
          "nan_count": 0,
          "neginf_count": 0,
          "nonfinite_count": 0,
          "posinf_count": 0,
          "samples": 15414
        },
        "active_motor_saturation_count": 52141,
        "active_motor_saturation_ratio": 0.8456760088231478,
        "analysis_start_us": 26408000,
        "angular_velocity_topic": "vehicle_angular_velocity_groundtruth",
        "attitude_quaternion_finite": true,
        "attitude_topic": "vehicle_attitude_groundtruth",
        "console": {
          "fault": false,
          "matches": [],
          "px4_timeout_rc": false
        },
        "controller": "mcnn",
        "controller_active_us": 26408000,
        "final_error_to_hover_m": 8.524565028327235,
        "last_angular_rate_norm_rad_s": 20.58625081641045,
        "last_pitch_deg": -26.735818250064884,
        "last_position_ned_m": [
          -8.040146827697754,
          1.2781611680984497,
          0.0279541015625
        ],
        "last_roll_deg": 179.73221869584128,
        "last_window_angular_rate_max_rad_s": 20.58625081641045,
        "last_window_roll_pitch_max_deg": 179.73221869584128,
        "local_position_topic": "vehicle_local_position_groundtruth",
        "mission_end_reached": true,
        "mission_end_us": 90384000,
        "mode_confirmed": true,
        "network_output_nonfinite": {
          "first_nonfinite": null,
          "nan_count": 0,
          "neginf_count": 0,
          "nonfinite_count": 0,
          "posinf_count": 0,
          "samples": 14763
        },
        "neural_control_samples": 14763,
        "observation_nonfinite": {
          "first_nonfinite": null,
          "nan_count": 0,
          "neginf_count": 0,
          "nonfinite_count": 0,
          "posinf_count": 0,
          "samples": 14763
        },
        "post_switch_angular_rate_max_rad_s": 24.715991807855833,
        "post_switch_disarmed": false,
        "post_switch_error_to_hover_max_m": 8.530634917938157,
        "post_switch_failsafe": false,
        "post_switch_hover_ned": [
          0.0,
          0.0,
          -2.5
        ],
        "post_switch_min_altitude_agl_m": -0.0367431640625,
        "post_switch_nav_states": [
          14,
          23
        ],
        "post_switch_roll_pitch_max_deg": 179.97612435508887,
        "switch_us": 26384000,
        "task_exit_code": 0
      },
      "reasons": [
        "angular_rate_loss_of_control",
        "attitude_tumble_over_90deg"
      ],
      "severity": 3,
      "severity_label": "S3_uncontrolled_tumble_or_loc",
      "thresholds": {
        "method_a_rate_tolerance_rad_s": 0.45,
        "method_a_roll_pitch_tolerance_deg": 8.0,
        "s0_angular_rate_rad_s": 1.0,
        "s0_final_error_m": 1.5,
        "s0_last_window_s": 2.0,
        "s0_min_altitude_agl_m": 1.0,
        "s0_roll_pitch_deg": 40.0,
        "s2_ground_contact_agl_m": 0.25,
        "s3_angular_rate_rad_s": 8.0,
        "s3_roll_pitch_deg": 90.0
      },
      "uncontrolled": true
    },
    "state_trigger": {
      "event": {
        "detail": {
          "controller_switch_s": 18.009837,
          "state": {
            "angular_rate_norm_rad_s": 2.0204568847193665,
            "angular_rate_xyz_rad_s": [
              -0.9261173009872437,
              -1.1991488933563232,
              1.3366355895996094
            ],
            "angular_velocity_timestamp_us": 1783853078492803,
            "attitude_timestamp_us": 1783853078492803,
            "elapsed_s": 18.009837,
            "pitch_deg": -39.981561797701424,
            "pitch_rate_abs_rad_s": 1.1991488933563232,
            "roll_deg": 37.105805519935416,
            "roll_pitch_abs_deg": 39.981561797701424,
            "roll_rate_abs_rad_s": 0.9261173009872437,
            "timestamp_us": 1783853078492803,
            "yaw_deg": -10.442796820635268,
            "yaw_rate_abs_rad_s": 1.3366355895996094
          },
          "trigger": {
            "angular_rate_norm_max_rad_s": 2.15,
            "angular_rate_norm_min_rad_s": 1.55,
            "deadline_s": 54.0,
            "enabled": true,
            "max_topic_age_s": 0.25,
            "method": "SIH groundtruth threshold crossing",
            "roll_pitch_abs_max_deg": 44.0,
            "roll_pitch_abs_min_deg": 36.0,
            "start_s": 18.0
          }
        },
        "elapsed_s": 18.009837,
        "name": "state_trigger",
        "timestamp_us": 1783853078492803
      },
      "fired": true,
      "match": {
        "angular_rate_error_norm_rad_s": 0.0,
        "matched": true,
        "pitch_error_deg": 0.0,
        "roll_error_deg": 0.0,
        "score": 0.0,
        "switch_us": 26384000
      },
      "task_exit_code": 0
    },
    "task": "tier05_fork_20260712T090728Z/stage3_initial/evals/pair4_H_rep01_route_a_addendum3_diag_20260629_rp36_44_rate1p55_2p15_w3_r4_f038_s20261902/mcnn_gate3_route_a_addendum3_diag_20260629_rp36_44_rate1p55_2p15_w3_r4_f038_s20261902_mcnn_task.json",