{
  "analysis": {
    "actuator_rate_hz": 241.90251572327043,
    "actuator_total_counts": {
      "allocator_value_residual": 1358,
      "neural_value": 13760,
      "unknown": 267
    },
    "allocator_fraction_critical_actuator": {
      "count": 5,
      "fraction": 0.04310344827586207,
      "total": 116
    },
    "allocator_fraction_critical_output": {
      "count": 5,
      "fraction": 0.043478260869565216,
      "total": 115
    },
    "allocator_fraction_full_actuator": {
      "count": 1358,
      "fraction": 0.08826779330516737,
      "total": 15385
    },
    "allocator_fraction_full_output": {
      "count": 1228,
      "fraction": 0.08067801064319033,
      "total": 15221
    },
    "exact_switch_state": {
      "angular_rate_norm_rad_s": 1.9867915242373386,
      "angular_rate_xyz_rad_s": [
        -1.0001240968704224,
        -1.0697675943374634,
        1.3426427841186523
      ],
      "angular_velocity_dt_ms": 0.0,
      "angular_velocity_timestamp_us": 26392000,
      "angular_velocity_topic": "vehicle_angular_velocity_groundtruth",
      "attitude_dt_ms": 0.0,
      "attitude_timestamp_us": 26392000,
      "attitude_topic": "vehicle_attitude_groundtruth",
      "local_position_dt_ms": 0.0,
      "local_position_timestamp_us": 26392000,
      "local_position_topic": "vehicle_local_position_groundtruth",
      "pitch_deg": -39.38118233372007,
      "pitch_rate_abs_rad_s": 1.0697675943374634,
      "position_ned_m": [
        -4.710948467254639,
        -2.727827787399292,
        -2.838623046875
      ],
      "roll_deg": 34.94040247483223,
      "roll_pitch_abs_deg": 39.38118233372007,
      "roll_rate_abs_rad_s": 1.0001240968704224,
      "switch_us": 26392000,
      "velocity_ned_m_s": [
        -2.736783027648926,
        4.271755695343018,
        -0.3360884487628937
      ],
      "velocity_norm_m_s": 5.084371495722414,
      "yaw_rate_abs_rad_s": 1.3426427841186523
    },
    "first_loss_us": 26888000,
    "loss_dt_s": 0.468,
    "loss_reason": "tilt>90",
    "mcnn_value_selfcheck": {
      "actuator_samples": 15385,
      "all_allocator_signature_residuals": 1358,
      "exact_neural_value_matches": 13760,
      "no_simultaneous_neural_timestamp_allocator_signature_residuals": 439,
      "simultaneous_neural_timestamp_nonmatches_with_allocator_signature": 919,
      "with_simultaneous_neural_control_timestamp": 14679
    },
    "nav23_duration_s": 63.6,
    "nav23_end_us": 90020000,
    "nav23_start_us": 26420000,
    "output_rate_hz": 239.3238993710692,
    "output_total_counts": {
      "allocator_value_residual": 1228,
      "neural_value": 13732,
      "unknown": 261
    },
    "severity": {
      "controlled": false,
      "evidence": {
        "active_motor_nonfinite": {
          "first_nonfinite": null,
          "nan_count": 0,
          "neginf_count": 0,
          "nonfinite_count": 0,
          "posinf_count": 0,
          "samples": 15467
        },
        "active_motor_saturation_count": 53118,
        "active_motor_saturation_ratio": 0.858569858408224,
        "analysis_start_us": 26420000,
        "angular_velocity_topic": "vehicle_angular_velocity_groundtruth",
        "attitude_quaternion_finite": true,
        "attitude_topic": "vehicle_attitude_groundtruth",
        "console": {
          "fault": false,
          "matches": [],
          "px4_timeout_rc": false
        },
        "controller": "mcnn",
        "controller_active_us": 26420000,
        "final_error_to_hover_m": 8.528972235163788,
        "last_angular_rate_norm_rad_s": 23.245081288118524,
        "last_pitch_deg": -8.307254718221937,
        "last_position_ned_m": [
          -8.041886329650879,
          1.2964874505996704,
          0.0279541015625
        ],
        "last_roll_deg": 117.34711724393104,
        "last_window_angular_rate_max_rad_s": 23.245081288118524,
        "last_window_roll_pitch_max_deg": 179.9570414300322,
        "local_position_topic": "vehicle_local_position_groundtruth",
        "mission_end_reached": true,
        "mission_end_us": 90360000,
        "mode_confirmed": true,
        "network_output_nonfinite": {
          "first_nonfinite": null,
          "nan_count": 0,
          "neginf_count": 0,
          "nonfinite_count": 0,
          "posinf_count": 0,
          "samples": 14780
        },
        "neural_control_samples": 14780,
        "observation_nonfinite": {
          "first_nonfinite": null,
          "nan_count": 0,
          "neginf_count": 0,
          "nonfinite_count": 0,
          "posinf_count": 0,
          "samples": 14780
        },
        "post_switch_angular_rate_max_rad_s": 24.674171222519295,
        "post_switch_disarmed": false,
        "post_switch_error_to_hover_max_m": 8.528973261221081,
        "post_switch_failsafe": false,
        "post_switch_hover_ned": [
          0.0,
          0.0,
          -2.5
        ],
        "post_switch_min_altitude_agl_m": -0.028106689453125,
        "post_switch_nav_states": [
          14,
          23
        ],
        "post_switch_roll_pitch_max_deg": 179.99303601876883,
        "switch_us": 26392000,
        "task_exit_code": 0
      },
      "reasons": [
        "angular_rate_loss_of_control",
        "attitude_tumble_over_90deg"
      ],
      "severity": 3,
      "severity_label": "S3_uncontrolled_tumble_or_loc",
      "thresholds": {
        "method_a_rate_tolerance_rad_s": 0.45,
        "method_a_roll_pitch_tolerance_deg": 8.0,
        "s0_angular_rate_rad_s": 1.0,
        "s0_final_error_m": 1.5,
        "s0_last_window_s": 2.0,
        "s0_min_altitude_agl_m": 1.0,
        "s0_roll_pitch_deg": 40.0,
        "s2_ground_contact_agl_m": 0.25,
        "s3_angular_rate_rad_s": 8.0,
        "s3_roll_pitch_deg": 90.0
      },
      "uncontrolled": true
    },
    "state_trigger": {
      "event": {
        "detail": {
          "controller_switch_s": 18.009767,
          "state": {
            "angular_rate_norm_rad_s": 1.9867915242373386,
            "angular_rate_xyz_rad_s": [
              -1.0001240968704224,
              -1.0697675943374634,
              1.3426427841186523
            ],
            "angular_velocity_timestamp_us": 1783854255681624,
            "attitude_timestamp_us": 1783854255681624,
            "elapsed_s": 18.009767,
            "pitch_deg": -39.38118233372007,
            "pitch_rate_abs_rad_s": 1.0697675943374634,
            "roll_deg": 34.94040247483223,
            "roll_pitch_abs_deg": 39.38118233372007,
            "roll_rate_abs_rad_s": 1.0001240968704224,
            "timestamp_us": 1783854255681624,
            "yaw_deg": -10.04644858358744,
            "yaw_rate_abs_rad_s": 1.3426427841186523
          },
          "trigger": {
            "angular_rate_norm_max_rad_s": 2.15,
            "angular_rate_norm_min_rad_s": 1.55,
            "deadline_s": 54.0,
            "enabled": true,
            "max_topic_age_s": 0.25,
            "method": "SIH groundtruth threshold crossing",
            "roll_pitch_abs_max_deg": 44.0,
            "roll_pitch_abs_min_deg": 36.0,
            "start_s": 18.0
          }
        },
        "elapsed_s": 18.009767,
        "name": "state_trigger",
        "timestamp_us": 1783854255681624
      },
      "fired": true,
      "match": {
        "angular_rate_error_norm_rad_s": 0.0,
        "matched": true,
        "pitch_error_deg": 6.3611093629270335e-15,
        "roll_error_deg": 6.3611093629270335e-15,
        "score": 1.2722218725854067e-14,
        "switch_us": 26392000
      },
      "task_exit_code": 0
    },
    "task": "tier05_fork_20260712T090728Z/stage3_initial/evals/pair4_H_rep16_route_a_addendum3_diag_20260629_rp36_44_rate1p55_2p15_w3_r4_f038_s20261902/mcnn_gate3_route_a_addendum3_diag_20260629_rp36_44_rate1p55_2p15_w3_r4_f038_s20261902_mcnn_task.json",