{
  "analysis": {
    "actuator_rate_hz": 240.95669493703417,
    "actuator_total_counts": {
      "allocator_value_residual": 1428,
      "neural_value": 13411,
      "unknown": 162
    },
    "allocator_fraction_critical_actuator": {
      "count": 18,
      "fraction": 0.10465116279069768,
      "total": 172
    },
    "allocator_fraction_critical_output": {
      "count": 17,
      "fraction": 0.10179640718562874,
      "total": 167
    },
    "allocator_fraction_full_actuator": {
      "count": 1428,
      "fraction": 0.09519365375641624,
      "total": 15001
    },
    "allocator_fraction_full_output": {
      "count": 1301,
      "fraction": 0.0879172861197459,
      "total": 14798
    },
    "exact_switch_state": {
      "angular_rate_norm_rad_s": 2.6305108070111305,
      "angular_rate_xyz_rad_s": [
        1.4523608684539795,
        -1.8601398468017578,
        1.1619443893432617
      ],
      "angular_velocity_dt_ms": 0.0,
      "angular_velocity_timestamp_us": 27900000,
      "angular_velocity_topic": "vehicle_angular_velocity_groundtruth",
      "attitude_dt_ms": 0.0,
      "attitude_timestamp_us": 27900000,
      "attitude_topic": "vehicle_attitude_groundtruth",
      "local_position_dt_ms": 0.0,
      "local_position_timestamp_us": 27900000,
      "local_position_topic": "vehicle_local_position_groundtruth",
      "pitch_deg": 24.729778730597246,
      "pitch_rate_abs_rad_s": 1.8601398468017578,
      "position_ned_m": [
        -9.155475616455078,
        -5.173316955566406,
        -2.379241943359375
      ],
      "roll_deg": 48.348018033003164,
      "roll_pitch_abs_deg": 48.348018033003164,
      "roll_rate_abs_rad_s": 1.4523608684539795,
      "switch_us": 27900000,
      "velocity_ned_m_s": [
        -6.272212028503418,
        -1.1470757722854614,
        -0.09075657278299332
      ],
      "velocity_norm_m_s": 6.376885079203682,
      "yaw_rate_abs_rad_s": 1.1619443893432617
    },
    "first_loss_us": 28624000,
    "loss_dt_s": 0.708,
    "loss_reason": "tilt>90",
    "mcnn_value_selfcheck": {
      "actuator_samples": 15001,
      "all_allocator_signature_residuals": 1428,
      "exact_neural_value_matches": 13411,
      "no_simultaneous_neural_timestamp_allocator_signature_residuals": 461,
      "simultaneous_neural_timestamp_nonmatches_with_allocator_signature": 967,
      "with_simultaneous_neural_control_timestamp": 14378
    },
    "nav23_duration_s": 62.256,
    "nav23_end_us": 90172000,
    "nav23_start_us": 27916000,
    "output_rate_hz": 237.69596504754563,
    "output_total_counts": {
      "allocator_value_residual": 1301,
      "neural_value": 13339,
      "unknown": 158
    },
    "severity": {
      "controlled": false,
      "evidence": {
        "active_motor_nonfinite": {
          "first_nonfinite": null,
          "nan_count": 0,
          "neginf_count": 0,
          "nonfinite_count": 0,
          "posinf_count": 0,
          "samples": 15057
        },
        "active_motor_saturation_count": 53099,
        "active_motor_saturation_ratio": 0.881633127449027,
        "analysis_start_us": 27916000,
        "angular_velocity_topic": "vehicle_angular_velocity_groundtruth",
        "attitude_quaternion_finite": true,
        "attitude_topic": "vehicle_attitude_groundtruth",
        "console": {
          "fault": false,
          "matches": [],
          "px4_timeout_rc": false
        },
        "controller": "mcnn",
        "controller_active_us": 27916000,
        "final_error_to_hover_m": 14.492389900122557,
        "last_angular_rate_norm_rad_s": 16.737548156024037,
        "last_pitch_deg": 0.07054722859771427,
        "last_position_ned_m": [
          -13.533645629882812,
          -4.539776802062988,
          0.002044677734375
        ],
        "last_roll_deg": 77.45885472362251,
        "last_window_angular_rate_max_rad_s": 17.635369611245654,
        "last_window_roll_pitch_max_deg": 178.46887769154787,
        "local_position_topic": "vehicle_local_position_groundtruth",
        "mission_end_reached": true,
        "mission_end_us": 90396000,
        "mode_confirmed": true,
        "network_output_nonfinite": {
          "first_nonfinite": null,
          "nan_count": 0,
          "neginf_count": 0,
          "nonfinite_count": 0,
          "posinf_count": 0,
          "samples": 14441
        },
        "neural_control_samples": 14441,
        "observation_nonfinite": {
          "first_nonfinite": null,
          "nan_count": 0,
          "neginf_count": 0,
          "nonfinite_count": 0,
          "posinf_count": 0,
          "samples": 14441
        },
        "post_switch_angular_rate_max_rad_s": 23.730987769568042,
        "post_switch_disarmed": false,
        "post_switch_error_to_hover_max_m": 14.492390641336142,
        "post_switch_failsafe": false,
        "post_switch_hover_ned": [
          0.0,
          0.0,
          -2.5
        ],
        "post_switch_min_altitude_agl_m": -0.03607177734375,
        "post_switch_nav_states": [
          14,
          23
        ],
        "post_switch_roll_pitch_max_deg": 179.9965399083657,
        "switch_us": 27900000,
        "task_exit_code": 0
      },
      "reasons": [
        "angular_rate_loss_of_control",
        "attitude_tumble_over_90deg"
      ],
      "severity": 3,
      "severity_label": "S3_uncontrolled_tumble_or_loc",
      "thresholds": {
        "method_a_rate_tolerance_rad_s": 0.45,
        "method_a_roll_pitch_tolerance_deg": 8.0,
        "s0_angular_rate_rad_s": 1.0,
        "s0_final_error_m": 1.5,
        "s0_last_window_s": 2.0,
        "s0_min_altitude_agl_m": 1.0,
        "s0_roll_pitch_deg": 40.0,
        "s2_ground_contact_agl_m": 0.25,
        "s3_angular_rate_rad_s": 8.0,
        "s3_roll_pitch_deg": 90.0
      },
      "uncontrolled": true
    },
    "state_trigger": {
      "event": {
        "detail": {
          "controller_switch_s": 19.530746,
          "state": {
            "angular_rate_norm_rad_s": 2.6305108070111305,
            "angular_rate_xyz_rad_s": [
              1.4523608684539795,
              -1.8601398468017578,
              1.1619443893432617
            ],
            "angular_velocity_timestamp_us": 1783855356944806,
            "attitude_timestamp_us": 1783855356944806,
            "elapsed_s": 19.530746,
            "pitch_deg": 24.729778730597246,
            "pitch_rate_abs_rad_s": 1.8601398468017578,
            "roll_deg": 48.348018033003164,
            "roll_pitch_abs_deg": 48.348018033003164,
            "roll_rate_abs_rad_s": 1.4523608684539795,
            "timestamp_us": 1783855356944806,
            "yaw_deg": -11.859333218706478,
            "yaw_rate_abs_rad_s": 1.1619443893432617
          },
          "trigger": {
            "angular_rate_norm_max_rad_s": 2.9,
            "angular_rate_norm_min_rad_s": 2.45,
            "deadline_s": 54.0,
            "enabled": true,
            "max_topic_age_s": 0.25,
            "method": "SIH groundtruth threshold crossing",
            "roll_pitch_abs_max_deg": 62.0,
            "roll_pitch_abs_min_deg": 48.0,
            "start_s": 18.0
          }
        },
        "elapsed_s": 19.530746,
        "name": "state_trigger",
        "timestamp_us": 1783855356944806
      },
      "fired": true,
      "match": {
        "angular_rate_error_norm_rad_s": 0.0,
        "matched": true,
        "pitch_error_deg": 0.0,
        "roll_error_deg": 0.0,
        "score": 0.0,
        "switch_us": 27900000
      },
      "task_exit_code": 0
    },
    "task": "tier05_fork_20260712T090728Z/stage3_initial/evals/pair1_H_rep10_route_a_addendum3_diag_20260629_rp48_62_rate2p45_2p90_w6_r6_f045_s20262001/mcnn_gate3_route_a_addendum3_diag_20260629_rp48_62_rate2p45_2p90_w6_r6_f045_s20262001_mcnn_task.json",