{
  "analysis": {
    "actuator_rate_hz": 241.10584518167457,
    "actuator_total_counts": {
      "allocator_value_residual": 1519,
      "neural_value": 13580,
      "unknown": 163
    },
    "allocator_fraction_critical_actuator": {
      "count": 28,
      "fraction": 0.099644128113879,
      "total": 281
    },
    "allocator_fraction_critical_output": {
      "count": 27,
      "fraction": 0.09574468085106383,
      "total": 282
    },
    "allocator_fraction_full_actuator": {
      "count": 1519,
      "fraction": 0.09952824007338487,
      "total": 15262
    },
    "allocator_fraction_full_output": {
      "count": 1389,
      "fraction": 0.09205991516436904,
      "total": 15088
    },
    "exact_switch_state": {
      "angular_rate_norm_rad_s": 0.8102127080102959,
      "angular_rate_xyz_rad_s": [
        0.1413186490535736,
        -0.7412353754043579,
        0.2950318455696106
      ],
      "angular_velocity_dt_ms": 0.0,
      "angular_velocity_timestamp_us": 26704000,
      "angular_velocity_topic": "vehicle_angular_velocity_groundtruth",
      "attitude_dt_ms": 0.0,
      "attitude_timestamp_us": 26704000,
      "attitude_topic": "vehicle_attitude_groundtruth",
      "local_position_dt_ms": 0.0,
      "local_position_timestamp_us": 26704000,
      "local_position_topic": "vehicle_local_position_groundtruth",
      "pitch_deg": 6.0287798745425745,
      "pitch_rate_abs_rad_s": 0.7412353754043579,
      "position_ned_m": [
        -1.1158639192581177,
        -2.561129570007324,
        -2.49554443359375
      ],
      "roll_deg": 34.55600549197943,
      "roll_pitch_abs_deg": 34.55600549197943,
      "roll_rate_abs_rad_s": 0.1413186490535736,
      "switch_us": 26704000,
      "velocity_ned_m_s": [
        -2.7992985248565674,
        1.8462857007980347,
        0.03214554861187935
      ],
      "velocity_norm_m_s": 3.3534872083446214,
      "yaw_rate_abs_rad_s": 0.2950318455696106
    },
    "first_loss_us": 27984000,
    "loss_dt_s": 1.156,
    "loss_reason": "rate>8",
    "mcnn_value_selfcheck": {
      "actuator_samples": 15262,
      "all_allocator_signature_residuals": 1519,
      "exact_neural_value_matches": 13580,
      "no_simultaneous_neural_timestamp_allocator_signature_residuals": 477,
      "simultaneous_neural_timestamp_nonmatches_with_allocator_signature": 1042,
      "with_simultaneous_neural_control_timestamp": 14622
    },
    "nav23_duration_s": 63.3,
    "nav23_end_us": 90128000,
    "nav23_start_us": 26828000,
    "output_rate_hz": 238.3570300157978,
    "output_total_counts": {
      "allocator_value_residual": 1389,
      "neural_value": 13539,
      "unknown": 160
    },
    "severity": {
      "controlled": false,
      "evidence": {
        "active_motor_nonfinite": {
          "first_nonfinite": null,
          "nan_count": 0,
          "neginf_count": 0,
          "nonfinite_count": 0,
          "posinf_count": 0,
          "samples": 15321
        },
        "active_motor_saturation_count": 41335,
        "active_motor_saturation_ratio": 0.6744827361138307,
        "analysis_start_us": 26828000,
        "angular_velocity_topic": "vehicle_angular_velocity_groundtruth",
        "attitude_quaternion_finite": true,
        "attitude_topic": "vehicle_attitude_groundtruth",
        "console": {
          "fault": false,
          "matches": [],
          "px4_timeout_rc": false
        },
        "controller": "mcnn",
        "controller_active_us": 26828000,
        "final_error_to_hover_m": 6.9370226745540755,
        "last_angular_rate_norm_rad_s": 17.74040321597615,
        "last_pitch_deg": 10.00762703013814,
        "last_position_ned_m": [
          -6.262866973876953,
          1.621538519859314,
          0.003875732421875
        ],
        "last_roll_deg": 113.00338738799654,
        "last_window_angular_rate_max_rad_s": 22.093740396318907,
        "last_window_roll_pitch_max_deg": 179.8123678332763,
        "local_position_topic": "vehicle_local_position_groundtruth",
        "mission_end_reached": true,
        "mission_end_us": 90372000,
        "mode_confirmed": true,
        "network_output_nonfinite": {
          "first_nonfinite": null,
          "nan_count": 0,
          "neginf_count": 0,
          "nonfinite_count": 0,
          "posinf_count": 0,
          "samples": 14697
        },
        "neural_control_samples": 14697,
        "observation_nonfinite": {
          "first_nonfinite": null,
          "nan_count": 0,
          "neginf_count": 0,
          "nonfinite_count": 0,
          "posinf_count": 0,
          "samples": 14697
        },
        "post_switch_angular_rate_max_rad_s": 23.48392330611849,
        "post_switch_disarmed": false,
        "post_switch_error_to_hover_max_m": 6.9370226745540755,
        "post_switch_failsafe": false,
        "post_switch_hover_ned": [
          0.0,
          0.0,
          -2.5
        ],
        "post_switch_min_altitude_agl_m": -0.014617919921875,
        "post_switch_nav_states": [
          14,
          23
        ],
        "post_switch_roll_pitch_max_deg": 179.97939080864558,
        "switch_us": 26704000,
        "task_exit_code": 0
      },
      "reasons": [
        "angular_rate_loss_of_control",
        "attitude_tumble_over_90deg"
      ],
      "severity": 3,
      "severity_label": "S3_uncontrolled_tumble_or_loc",
      "thresholds": {
        "method_a_rate_tolerance_rad_s": 0.45,
        "method_a_roll_pitch_tolerance_deg": 8.0,
        "s0_angular_rate_rad_s": 1.0,
        "s0_final_error_m": 1.5,
        "s0_last_window_s": 2.0,
        "s0_min_altitude_agl_m": 1.0,
        "s0_roll_pitch_deg": 40.0,
        "s2_ground_contact_agl_m": 0.25,
        "s3_angular_rate_rad_s": 8.0,
        "s3_roll_pitch_deg": 90.0
      },
      "uncontrolled": true
    },
    "state_trigger": {
      "event": {
        "detail": {
          "controller_switch_s": 18.424126,
          "state": {
            "angular_rate_norm_rad_s": 0.8102127080102959,
            "angular_rate_xyz_rad_s": [
              0.1413186490535736,
              -0.7412353754043579,
              0.2950318455696106
            ],
            "angular_velocity_timestamp_us": 1783858933713113,
            "attitude_timestamp_us": 1783858933713113,
            "elapsed_s": 18.334126,
            "pitch_deg": 6.0287798745425745,
            "pitch_rate_abs_rad_s": 0.7412353754043579,
            "roll_deg": 34.55600549197943,
            "roll_pitch_abs_deg": 34.55600549197943,
            "roll_rate_abs_rad_s": 0.1413186490535736,
            "timestamp_us": 1783858933713113,
            "yaw_deg": -10.974982845687968,
            "yaw_rate_abs_rad_s": 0.2950318455696106
          },
          "trigger": {
            "angular_rate_norm_max_rad_s": 1.3278,
            "angular_rate_norm_min_rad_s": 0.6278,
            "deadline_s": 54.0,
            "enabled": true,
            "max_topic_age_s": 0.25,
            "method": "SIH groundtruth threshold crossing",
            "roll_pitch_abs_max_deg": 42.5,
            "roll_pitch_abs_min_deg": 34.5,
            "start_s": 18.0,
            "switch_delay_s": 0.09
          }
        },
        "elapsed_s": 18.334126,
        "name": "state_trigger",
        "timestamp_us": 1783858933713113
      },
      "fired": true,
      "match": {
        "angular_rate_error_norm_rad_s": 0.0,
        "matched": true,
        "pitch_error_deg": 7.951386703658792e-16,
        "roll_error_deg": 6.3611093629270335e-15,
        "score": 7.156248033292914e-15,
        "switch_us": 26704000
      },
      "task_exit_code": 0
    },
    "task": "tier05_fork_20260712T090728Z/stage3_adaptive_dense_41_60/evals/dense_low_modal_H_rep55_switch_severity_dense_sweep_20260630_wind_m_s_0_s2026062942/mcnn_gate3_switch_severity_dense_sweep_20260630_wind_m_s_0_s2026062942_mcnn_task.json",