{
  "analysis": {
    "actuator_rate_hz": 240.32625189681335,
    "actuator_total_counts": {
      "allocator_value_residual": 1451,
      "neural_value": 13594,
      "unknown": 159
    },
    "allocator_fraction_critical_actuator": {
      "count": 48,
      "fraction": 0.12532637075718014,
      "total": 383
    },
    "allocator_fraction_critical_output": {
      "count": 44,
      "fraction": 0.11609498680738786,
      "total": 379
    },
    "allocator_fraction_full_actuator": {
      "count": 1451,
      "fraction": 0.09543541173375428,
      "total": 15204
    },
    "allocator_fraction_full_output": {
      "count": 1314,
      "fraction": 0.0874018890514833,
      "total": 15034
    },
    "exact_switch_state": {
      "angular_rate_norm_rad_s": 0.8830697627749592,
      "angular_rate_xyz_rad_s": [
        0.14675907790660858,
        -0.8154769539833069,
        0.30540353059768677
      ],
      "angular_velocity_dt_ms": 0.0,
      "angular_velocity_timestamp_us": 26780000,
      "angular_velocity_topic": "vehicle_angular_velocity_groundtruth",
      "attitude_dt_ms": 0.0,
      "attitude_timestamp_us": 26780000,
      "attitude_topic": "vehicle_attitude_groundtruth",
      "local_position_dt_ms": 0.0,
      "local_position_timestamp_us": 26780000,
      "local_position_topic": "vehicle_local_position_groundtruth",
      "pitch_deg": 8.235789760057585,
      "pitch_rate_abs_rad_s": 0.8154769539833069,
      "position_ned_m": [
        -1.0619059801101685,
        -2.812082052230835,
        -2.85980224609375
      ],
      "roll_deg": 34.65245642927054,
      "roll_pitch_abs_deg": 34.65245642927054,
      "roll_rate_abs_rad_s": 0.14675907790660858,
      "switch_us": 26780000,
      "velocity_ned_m_s": [
        -3.381369113922119,
        1.7820067405700684,
        -0.05261436104774475
      ],
      "velocity_norm_m_s": 3.822561102063913,
      "yaw_rate_abs_rad_s": 0.30540353059768677
    },
    "first_loss_us": 28492000,
    "loss_dt_s": 1.584,
    "loss_reason": "rate>8",
    "mcnn_value_selfcheck": {
      "actuator_samples": 15204,
      "all_allocator_signature_residuals": 1451,
      "exact_neural_value_matches": 13594,
      "no_simultaneous_neural_timestamp_allocator_signature_residuals": 514,
      "simultaneous_neural_timestamp_nonmatches_with_allocator_signature": 937,
      "with_simultaneous_neural_control_timestamp": 14531
    },
    "nav23_duration_s": 63.264,
    "nav23_end_us": 90172000,
    "nav23_start_us": 26908000,
    "output_rate_hz": 237.63909964592816,
    "output_total_counts": {
      "allocator_value_residual": 1314,
      "neural_value": 13561,
      "unknown": 159
    },
    "severity": {
      "controlled": false,
      "evidence": {
        "active_motor_nonfinite": {
          "first_nonfinite": null,
          "nan_count": 0,
          "neginf_count": 0,
          "nonfinite_count": 0,
          "posinf_count": 0,
          "samples": 15262
        },
        "active_motor_saturation_count": 40521,
        "active_motor_saturation_ratio": 0.6637563884156729,
        "analysis_start_us": 26908000,
        "angular_velocity_topic": "vehicle_angular_velocity_groundtruth",
        "attitude_quaternion_finite": true,
        "attitude_topic": "vehicle_attitude_groundtruth",
        "console": {
          "fault": false,
          "matches": [],
          "px4_timeout_rc": false
        },
        "controller": "mcnn",
        "controller_active_us": 26908000,
        "final_error_to_hover_m": 4.579898518811096,
        "last_angular_rate_norm_rad_s": 8.860340874939135,
        "last_pitch_deg": -22.29268528521281,
        "last_position_ned_m": [
          3.7129428386688232,
          0.9613832831382751,
          0.0030517578125
        ],
        "last_roll_deg": -62.89385986916426,
        "last_window_angular_rate_max_rad_s": 17.959943626769796,
        "last_window_roll_pitch_max_deg": 179.69138003211498,
        "local_position_topic": "vehicle_local_position_groundtruth",
        "mission_end_reached": true,
        "mission_end_us": 90408000,
        "mode_confirmed": true,
        "network_output_nonfinite": {
          "first_nonfinite": null,
          "nan_count": 0,
          "neginf_count": 0,
          "nonfinite_count": 0,
          "posinf_count": 0,
          "samples": 14602
        },
        "neural_control_samples": 14602,
        "observation_nonfinite": {
          "first_nonfinite": null,
          "nan_count": 0,
          "neginf_count": 0,
          "nonfinite_count": 0,
          "posinf_count": 0,
          "samples": 14602
        },
        "post_switch_angular_rate_max_rad_s": 24.763205946796344,
        "post_switch_disarmed": false,
        "post_switch_error_to_hover_max_m": 5.964641741523974,
        "post_switch_failsafe": false,
        "post_switch_hover_ned": [
          0.0,
          0.0,
          -2.5
        ],
        "post_switch_min_altitude_agl_m": -0.539947509765625,
        "post_switch_nav_states": [
          14,
          23
        ],
        "post_switch_roll_pitch_max_deg": 179.9997997993446,
        "switch_us": 26780000,
        "task_exit_code": 0
      },
      "reasons": [
        "angular_rate_loss_of_control",
        "attitude_tumble_over_90deg"
      ],
      "severity": 3,
      "severity_label": "S3_uncontrolled_tumble_or_loc",
      "thresholds": {
        "method_a_rate_tolerance_rad_s": 0.45,
        "method_a_roll_pitch_tolerance_deg": 8.0,
        "s0_angular_rate_rad_s": 1.0,
        "s0_final_error_m": 1.5,
        "s0_last_window_s": 2.0,
        "s0_min_altitude_agl_m": 1.0,
        "s0_roll_pitch_deg": 40.0,
        "s2_ground_contact_agl_m": 0.25,
        "s3_angular_rate_rad_s": 8.0,
        "s3_roll_pitch_deg": 90.0
      },
      "uncontrolled": true
    },
    "state_trigger": {
      "event": {
        "detail": {
          "controller_switch_s": 18.435478,
          "state": {
            "angular_rate_norm_rad_s": 0.8830697627749592,
            "angular_rate_xyz_rad_s": [
              0.14675907790660858,
              -0.8154769539833069,
              0.30540353059768677
            ],
            "angular_velocity_timestamp_us": 1783858462744486,
            "attitude_timestamp_us": 1783858462744486,
            "elapsed_s": 18.345478,
            "pitch_deg": 8.235789760057585,
            "pitch_rate_abs_rad_s": 0.8154769539833069,
            "roll_deg": 34.65245642927054,
            "roll_pitch_abs_deg": 34.65245642927054,
            "roll_rate_abs_rad_s": 0.14675907790660858,
            "timestamp_us": 1783858462744486,
            "yaw_deg": -6.313742086143,
            "yaw_rate_abs_rad_s": 0.30540353059768677
          },
          "trigger": {
            "angular_rate_norm_max_rad_s": 1.3278,
            "angular_rate_norm_min_rad_s": 0.6278,
            "deadline_s": 54.0,
            "enabled": true,
            "max_topic_age_s": 0.25,
            "method": "SIH groundtruth threshold crossing",
            "roll_pitch_abs_max_deg": 42.5,
            "roll_pitch_abs_min_deg": 34.5,
            "start_s": 18.0,
            "switch_delay_s": 0.09
          }
        },
        "elapsed_s": 18.345478,
        "name": "state_trigger",
        "timestamp_us": 1783858462744486
      },
      "fired": true,
      "match": {
        "angular_rate_error_norm_rad_s": 0.0,
        "matched": true,
        "pitch_error_deg": 0.0,
        "roll_error_deg": 0.0,
        "score": 0.0,
        "switch_us": 26780000
      },
      "task_exit_code": 0
    },
    "task": "tier05_fork_20260712T090728Z/stage3_adaptive_dense_41_60/evals/dense_low_modal_H_rep49_switch_severity_dense_sweep_20260630_wind_m_s_0_s2026062942/mcnn_gate3_switch_severity_dense_sweep_20260630_wind_m_s_0_s2026062942_mcnn_task.json",