{
  "analysis": {
    "actuator_rate_hz": 230.6565064478312,
    "actuator_total_counts": {
      "allocator_value_residual": 1035,
      "neural_value": 12918,
      "unknown": 213
    },
    "allocator_fraction_critical_actuator": {
      "count": 7,
      "fraction": 0.06542056074766354,
      "total": 107
    },
    "allocator_fraction_critical_output": {
      "count": 6,
      "fraction": 0.05660377358490566,
      "total": 106
    },
    "allocator_fraction_full_actuator": {
      "count": 1035,
      "fraction": 0.07306226175349428,
      "total": 14166
    },
    "allocator_fraction_full_output": {
      "count": 887,
      "fraction": 0.06283649759138567,
      "total": 14116
    },
    "exact_switch_state": {
      "angular_rate_norm_rad_s": 1.9205154399837354,
      "angular_rate_xyz_rad_s": [
        -0.9582508206367493,
        -0.919701099395752,
        1.3871859312057495
      ],
      "angular_velocity_dt_ms": 0.0,
      "angular_velocity_timestamp_us": 28708000,
      "angular_velocity_topic": "vehicle_angular_velocity_groundtruth",
      "attitude_dt_ms": 0.0,
      "attitude_timestamp_us": 28708000,
      "attitude_topic": "vehicle_attitude_groundtruth",
      "local_position_dt_ms": 0.0,
      "local_position_timestamp_us": 28708000,
      "local_position_topic": "vehicle_local_position_groundtruth",
      "pitch_deg": -37.96499705704551,
      "pitch_rate_abs_rad_s": 0.919701099395752,
      "position_ned_m": [
        -4.7032694816589355,
        -2.6041548252105713,
        -2.16668701171875
      ],
      "roll_deg": 35.43195583577142,
      "roll_pitch_abs_deg": 37.96499705704551,
      "roll_rate_abs_rad_s": 0.9582508206367493,
      "switch_us": 28708000,
      "velocity_ned_m_s": [
        -2.615074634552002,
        4.421983242034912,
        0.15364311635494232
      ],
      "velocity_norm_m_s": 5.139665100404708,
      "yaw_rate_abs_rad_s": 1.3871859312057495
    },
    "first_loss_us": 29200000,
    "loss_dt_s": 0.464,
    "loss_reason": "tilt>90",
    "mcnn_value_selfcheck": {
      "actuator_samples": 14166,
      "all_allocator_signature_residuals": 1035,
      "exact_neural_value_matches": 12918,
      "no_simultaneous_neural_timestamp_allocator_signature_residuals": 427,
      "simultaneous_neural_timestamp_nonmatches_with_allocator_signature": 608,
      "with_simultaneous_neural_control_timestamp": 13526
    },
    "nav23_duration_s": 61.416,
    "nav23_end_us": 90152000,
    "nav23_start_us": 28736000,
    "output_rate_hz": 229.8423863488342,
    "output_total_counts": {
      "allocator_value_residual": 887,
      "neural_value": 13019,
      "unknown": 210
    },
    "severity": {
      "controlled": false,
      "evidence": {
        "active_motor_nonfinite": {
          "first_nonfinite": null,
          "nan_count": 0,
          "neginf_count": 0,
          "nonfinite_count": 0,
          "posinf_count": 0,
          "samples": 14247
        },
        "active_motor_saturation_count": 39370,
        "active_motor_saturation_ratio": 0.6908471959008914,
        "analysis_start_us": 28736000,
        "angular_velocity_topic": "vehicle_angular_velocity_groundtruth",
        "attitude_quaternion_finite": true,
        "attitude_topic": "vehicle_attitude_groundtruth",
        "console": {
          "fault": false,
          "matches": [],
          "px4_timeout_rc": false
        },
        "controller": "mcnn",
        "controller_active_us": 28736000,
        "final_error_to_hover_m": 7.97212920804505,
        "last_angular_rate_norm_rad_s": 12.222907503328978,
        "last_pitch_deg": 43.152479593010085,
        "last_position_ned_m": [
          -7.447480201721191,
          1.352026343345642,
          0.00238037109375
        ],
        "last_roll_deg": 115.40073156906386,
        "last_window_angular_rate_max_rad_s": 19.845753552366702,
        "last_window_roll_pitch_max_deg": 179.2948661840064,
        "local_position_topic": "vehicle_local_position_groundtruth",
        "mission_end_reached": true,
        "mission_end_us": 90488000,
        "mode_confirmed": true,
        "network_output_nonfinite": {
          "first_nonfinite": null,
          "nan_count": 0,
          "neginf_count": 0,
          "nonfinite_count": 0,
          "posinf_count": 0,
          "samples": 13617
        },
        "neural_control_samples": 13617,
        "observation_nonfinite": {
          "first_nonfinite": null,
          "nan_count": 0,
          "neginf_count": 0,
          "nonfinite_count": 0,
          "posinf_count": 0,
          "samples": 13617
        },
        "post_switch_angular_rate_max_rad_s": 24.541859481451713,
        "post_switch_disarmed": false,
        "post_switch_error_to_hover_max_m": 7.973036633296889,
        "post_switch_failsafe": false,
        "post_switch_hover_ned": [
          0.0,
          0.0,
          -2.5
        ],
        "post_switch_min_altitude_agl_m": -0.02618408203125,
        "post_switch_nav_states": [
          14,
          23
        ],
        "post_switch_roll_pitch_max_deg": 179.9990993642866,
        "switch_us": 28708000,
        "task_exit_code": 0
      },
      "reasons": [
        "angular_rate_loss_of_control",
        "attitude_tumble_over_90deg"
      ],
      "severity": 3,
      "severity_label": "S3_uncontrolled_tumble_or_loc",
      "thresholds": {
        "method_a_rate_tolerance_rad_s": 0.45,
        "method_a_roll_pitch_tolerance_deg": 8.0,
        "s0_angular_rate_rad_s": 1.0,
        "s0_final_error_m": 1.5,
        "s0_last_window_s": 2.0,
        "s0_min_altitude_agl_m": 1.0,
        "s0_roll_pitch_deg": 40.0,
        "s2_ground_contact_agl_m": 0.25,
        "s3_angular_rate_rad_s": 8.0,
        "s3_roll_pitch_deg": 90.0
      },
      "uncontrolled": true
    },
    "state_trigger": {
      "event": {
        "detail": {
          "controller_switch_s": 18.002989,
          "state": {
            "angular_rate_norm_rad_s": 1.9205154399837354,
            "angular_rate_xyz_rad_s": [
              -0.9582508206367493,
              -0.919701099395752,
              1.3871859312057495
            ],
            "angular_velocity_timestamp_us": 1783849673693850,
            "attitude_timestamp_us": 1783849673693850,
            "elapsed_s": 18.002989,
            "pitch_deg": -37.96499705704551,
            "pitch_rate_abs_rad_s": 0.919701099395752,
            "roll_deg": 35.43195583577142,
            "roll_pitch_abs_deg": 37.96499705704551,
            "roll_rate_abs_rad_s": 0.9582508206367493,
            "timestamp_us": 1783849673693850,
            "yaw_deg": -12.656149999841471,
            "yaw_rate_abs_rad_s": 1.3871859312057495
          },
          "trigger": {
            "angular_rate_norm_max_rad_s": 2.15,
            "angular_rate_norm_min_rad_s": 1.55,
            "deadline_s": 54.0,
            "enabled": true,
            "max_topic_age_s": 0.25,
            "method": "SIH groundtruth threshold crossing",
            "roll_pitch_abs_max_deg": 44.0,
            "roll_pitch_abs_min_deg": 36.0,
            "start_s": 18.0
          }
        },
        "elapsed_s": 18.002989,
        "name": "state_trigger",
        "timestamp_us": 1783849673693850
      },
      "fired": true,
      "match": {
        "angular_rate_error_norm_rad_s": 0.0,
        "matched": true,
        "pitch_error_deg": 0.0,
        "roll_error_deg": 0.0,
        "score": 0.0,
        "switch_us": 28708000
      },
      "task_exit_code": 0
    },
    "task": "tier05_fork_20260712T090728Z/stage2_gate_a/evals/pair4_A_rep01_route_a_addendum3_diag_20260629_rp36_44_rate1p55_2p15_w3_r4_f038_s20261902/mcnn_gate3_route_a_addendum3_diag_20260629_rp36_44_rate1p55_2p15_w3_r4_f038_s20261902_mcnn_task.json",
    "ulog": "tier05_fork_20260712T090728Z/stage2_gate_a/evals/pair4_A_rep01_route_a_addendum3_diag_20260629_rp36_44_rate1p55_2p15_w3_r4_f038_s20261902/mcnn_gate3_route_a_addendum3_diag_20260629_rp36_44_rate1p55_2p15_w3_r4_f038_s20261902_mcnn.ulg"
  },