{
  "analysis": {
    "actuator_rate_hz": 240.6300225008036,
    "actuator_total_counts": {
      "allocator_value_residual": 1427,
      "neural_value": 13362,
      "unknown": 183
    },
    "allocator_fraction_critical_actuator": {
      "count": 18,
      "fraction": 0.09473684210526316,
      "total": 190
    },
    "allocator_fraction_critical_output": {
      "count": 15,
      "fraction": 0.08064516129032258,
      "total": 186
    },
    "allocator_fraction_full_actuator": {
      "count": 1427,
      "fraction": 0.09531124766230296,
      "total": 14972
    },
    "allocator_fraction_full_output": {
      "count": 1290,
      "fraction": 0.08707978938841636,
      "total": 14814
    },
    "exact_switch_state": {
      "angular_rate_norm_rad_s": 2.650288268193522,
      "angular_rate_xyz_rad_s": [
        1.474277377128601,
        -1.8868038654327393,
        1.136004090309143
      ],
      "angular_velocity_dt_ms": 0.0,
      "angular_velocity_timestamp_us": 27884000,
      "angular_velocity_topic": "vehicle_angular_velocity_groundtruth",
      "attitude_dt_ms": 0.0,
      "attitude_timestamp_us": 27884000,
      "attitude_topic": "vehicle_attitude_groundtruth",
      "local_position_dt_ms": 0.0,
      "local_position_timestamp_us": 27884000,
      "local_position_topic": "vehicle_local_position_groundtruth",
      "pitch_deg": 23.991500992841544,
      "pitch_rate_abs_rad_s": 1.8868038654327393,
      "position_ned_m": [
        -9.097189903259277,
        -5.178554058074951,
        -2.277801513671875
      ],
      "roll_deg": 48.96231410786763,
      "roll_pitch_abs_deg": 48.96231410786763,
      "roll_rate_abs_rad_s": 1.474277377128601,
      "switch_us": 27884000,
      "velocity_ned_m_s": [
        -6.227394104003906,
        -1.0376511812210083,
        -0.16819314658641815
      ],
      "velocity_norm_m_s": 6.315492556802724,
      "yaw_rate_abs_rad_s": 1.136004090309143
    },
    "first_loss_us": 28680000,
    "loss_dt_s": 0.776,
    "loss_reason": "tilt>90",
    "mcnn_value_selfcheck": {
      "actuator_samples": 14972,
      "all_allocator_signature_residuals": 1427,
      "exact_neural_value_matches": 13362,
      "no_simultaneous_neural_timestamp_allocator_signature_residuals": 466,
      "simultaneous_neural_timestamp_nonmatches_with_allocator_signature": 961,
      "with_simultaneous_neural_control_timestamp": 14323
    },
    "nav23_duration_s": 62.22,
    "nav23_end_us": 90124000,
    "nav23_start_us": 27904000,
    "output_rate_hz": 238.09064609450337,
    "output_total_counts": {
      "allocator_value_residual": 1290,
      "neural_value": 13343,
      "unknown": 181
    },
    "severity": {
      "controlled": false,
      "evidence": {
        "active_motor_nonfinite": {
          "first_nonfinite": null,
          "nan_count": 0,
          "neginf_count": 0,
          "nonfinite_count": 0,
          "posinf_count": 0,
          "samples": 15038
        },
        "active_motor_saturation_count": 50310,
        "active_motor_saturation_ratio": 0.8363811677084718,
        "analysis_start_us": 27904000,
        "angular_velocity_topic": "vehicle_angular_velocity_groundtruth",
        "attitude_quaternion_finite": true,
        "attitude_topic": "vehicle_attitude_groundtruth",
        "console": {
          "fault": false,
          "matches": [],
          "px4_timeout_rc": false
        },
        "controller": "mcnn",
        "controller_active_us": 27904000,
        "final_error_to_hover_m": 14.294991903914047,
        "last_angular_rate_norm_rad_s": 19.397930533355616,
        "last_pitch_deg": -53.23796889095815,
        "last_position_ned_m": [
          -13.398056030273438,
          -4.308612823486328,
          0.00494384765625
        ],
        "last_roll_deg": -15.890244853892431,
        "last_window_angular_rate_max_rad_s": 19.40783073920637,
        "last_window_roll_pitch_max_deg": 179.91938376553162,
        "local_position_topic": "vehicle_local_position_groundtruth",
        "mission_end_reached": true,
        "mission_end_us": 90388000,
        "mode_confirmed": true,
        "network_output_nonfinite": {
          "first_nonfinite": null,
          "nan_count": 0,
          "neginf_count": 0,
          "nonfinite_count": 0,
          "posinf_count": 0,
          "samples": 14402
        },
        "neural_control_samples": 14402,
        "observation_nonfinite": {
          "first_nonfinite": null,
          "nan_count": 0,
          "neginf_count": 0,
          "nonfinite_count": 0,
          "posinf_count": 0,
          "samples": 14402
        },
        "post_switch_angular_rate_max_rad_s": 22.308541689704807,
        "post_switch_disarmed": false,
        "post_switch_error_to_hover_max_m": 14.294991903914047,
        "post_switch_failsafe": false,
        "post_switch_hover_ned": [
          0.0,
          0.0,
          -2.5
        ],
        "post_switch_min_altitude_agl_m": -0.017059326171875,
        "post_switch_nav_states": [
          14,
          23
        ],
        "post_switch_roll_pitch_max_deg": 179.99174034622123,
        "switch_us": 27884000,
        "task_exit_code": 0
      },
      "reasons": [
        "angular_rate_loss_of_control",
        "attitude_tumble_over_90deg"
      ],
      "severity": 3,
      "severity_label": "S3_uncontrolled_tumble_or_loc",
      "thresholds": {
        "method_a_rate_tolerance_rad_s": 0.45,
        "method_a_roll_pitch_tolerance_deg": 8.0,
        "s0_angular_rate_rad_s": 1.0,
        "s0_final_error_m": 1.5,
        "s0_last_window_s": 2.0,
        "s0_min_altitude_agl_m": 1.0,
        "s0_roll_pitch_deg": 40.0,
        "s2_ground_contact_agl_m": 0.25,
        "s3_angular_rate_rad_s": 8.0,
        "s3_roll_pitch_deg": 90.0
      },
      "uncontrolled": true
    },
    "state_trigger": {
      "event": {
        "detail": {
          "controller_switch_s": 19.532546,
          "state": {
            "angular_rate_norm_rad_s": 2.650288268193522,
            "angular_rate_xyz_rad_s": [
              1.474277377128601,
              -1.8868038654327393,
              1.136004090309143
            ],
            "angular_velocity_timestamp_us": 1783855906449519,
            "attitude_timestamp_us": 1783855906449519,
            "elapsed_s": 19.532546,
            "pitch_deg": 23.991500992841544,
            "pitch_rate_abs_rad_s": 1.8868038654327393,
            "roll_deg": 48.96231410786763,
            "roll_pitch_abs_deg": 48.96231410786763,
            "roll_rate_abs_rad_s": 1.474277377128601,
            "timestamp_us": 1783855906449519,
            "yaw_deg": -11.645355416500564,
            "yaw_rate_abs_rad_s": 1.136004090309143
          },
          "trigger": {
            "angular_rate_norm_max_rad_s": 2.9,
            "angular_rate_norm_min_rad_s": 2.45,
            "deadline_s": 54.0,
            "enabled": true,
            "max_topic_age_s": 0.25,
            "method": "SIH groundtruth threshold crossing",
            "roll_pitch_abs_max_deg": 62.0,
            "roll_pitch_abs_min_deg": 48.0,
            "start_s": 18.0
          }
        },
        "elapsed_s": 19.532546,
        "name": "state_trigger",
        "timestamp_us": 1783855906449519
      },
      "fired": true,
      "match": {
        "angular_rate_error_norm_rad_s": 0.0,
        "matched": true,
        "pitch_error_deg": 0.0,
        "roll_error_deg": 0.0,
        "score": 0.0,
        "switch_us": 27884000
      },
      "task_exit_code": 0
    },
    "task": "tier05_fork_20260712T090728Z/stage3_initial/evals/pair1_H_rep17_route_a_addendum3_diag_20260629_rp48_62_rate2p45_2p90_w6_r6_f045_s20262001/mcnn_gate3_route_a_addendum3_diag_20260629_rp48_62_rate2p45_2p90_w6_r6_f045_s20262001_mcnn_task.json",
    "ulog": "tier05_fork_20260712T090728Z/stage3_initial/evals/pair1_H_rep17_route_a_addendum3_diag_20260629_rp48_62_rate2p45_2p90_w6_r6_f045_s20262001/mcnn_gate3_route_a_addendum3_diag_20260629_rp48_62_rate2p45_2p90_w6_r6_f045_s20262001_mcnn.ulg"
  },