{
  "analysis": {
    "actuator_rate_hz": 241.09152288072016,
    "actuator_total_counts": {
      "allocator_value_residual": 1419,
      "neural_value": 13734,
      "unknown": 273
    },
    "allocator_fraction_critical_actuator": {
      "count": 24,
      "fraction": 0.10666666666666667,
      "total": 225
    },
    "allocator_fraction_critical_output": {
      "count": 23,
      "fraction": 0.10222222222222223,
      "total": 225
    },
    "allocator_fraction_full_actuator": {
      "count": 1419,
      "fraction": 0.09198755348113574,
      "total": 15426
    },
    "allocator_fraction_full_output": {
      "count": 1281,
      "fraction": 0.08398898505114083,
      "total": 15252
    },
    "exact_switch_state": {
      "angular_rate_norm_rad_s": 1.9776613521609612,
      "angular_rate_xyz_rad_s": [
        -0.9737443327903748,
        -1.0894057750701904,
        1.332727074623108
      ],
      "angular_velocity_dt_ms": 0.0,
      "angular_velocity_timestamp_us": 26368000,
      "angular_velocity_topic": "vehicle_angular_velocity_groundtruth",
      "attitude_dt_ms": 0.0,
      "attitude_timestamp_us": 26368000,
      "attitude_topic": "vehicle_attitude_groundtruth",
      "local_position_dt_ms": 0.0,
      "local_position_timestamp_us": 26368000,
      "local_position_topic": "vehicle_local_position_groundtruth",
      "pitch_deg": -36.095424599942696,
      "pitch_rate_abs_rad_s": 1.0894057750701904,
      "position_ned_m": [
        -4.7958664894104,
        -3.019836664199829,
        -2.684967041015625
      ],
      "roll_deg": 36.09582259083104,
      "roll_pitch_abs_deg": 36.09582259083104,
      "roll_rate_abs_rad_s": 0.9737443327903748,
      "switch_us": 26368000,
      "velocity_ned_m_s": [
        -3.2903077602386475,
        3.981534719467163,
        -0.3540370464324951
      ],
      "velocity_norm_m_s": 5.177266277646512,
      "yaw_rate_abs_rad_s": 1.332727074623108
    },
    "first_loss_us": 27332000,
    "loss_dt_s": 0.936,
    "loss_reason": "rate>8",
    "mcnn_value_selfcheck": {
      "actuator_samples": 15426,
      "all_allocator_signature_residuals": 1419,
      "exact_neural_value_matches": 13734,
      "no_simultaneous_neural_timestamp_allocator_signature_residuals": 467,
      "simultaneous_neural_timestamp_nonmatches_with_allocator_signature": 952,
      "with_simultaneous_neural_control_timestamp": 14686
    },
    "nav23_duration_s": 63.984,
    "nav23_end_us": 90380000,
    "nav23_start_us": 26396000,
    "output_rate_hz": 238.37209302325581,
    "output_total_counts": {
      "allocator_value_residual": 1281,
      "neural_value": 13697,
      "unknown": 274
    },
    "severity": {
      "controlled": false,
      "evidence": {
        "active_motor_nonfinite": {
          "first_nonfinite": null,
          "nan_count": 0,
          "neginf_count": 0,
          "nonfinite_count": 0,
          "posinf_count": 0,
          "samples": 15431
        },
        "active_motor_saturation_count": 54597,
        "active_motor_saturation_ratio": 0.884534378847774,
        "analysis_start_us": 26396000,
        "angular_velocity_topic": "vehicle_angular_velocity_groundtruth",
        "attitude_quaternion_finite": true,
        "attitude_topic": "vehicle_attitude_groundtruth",
        "console": {
          "fault": false,
          "matches": [],
          "px4_timeout_rc": false
        },
        "controller": "mcnn",
        "controller_active_us": 26396000,
        "final_error_to_hover_m": 9.354964939971122,
        "last_angular_rate_norm_rad_s": 20.557246230155773,
        "last_pitch_deg": 54.59566808660871,
        "last_position_ned_m": [
          -9.00144100189209,
          0.3122310936450958,
          0.028228759765625
        ],
        "last_roll_deg": 159.3504075479206,
        "last_window_angular_rate_max_rad_s": 23.25987315256796,
        "last_window_roll_pitch_max_deg": 179.0250714188571,
        "local_position_topic": "vehicle_local_position_groundtruth",
        "mission_end_reached": true,
        "mission_end_us": 90400000,
        "mode_confirmed": true,
        "network_output_nonfinite": {
          "first_nonfinite": null,
          "nan_count": 0,
          "neginf_count": 0,
          "nonfinite_count": 0,
          "posinf_count": 0,
          "samples": 14688
        },
        "neural_control_samples": 14688,
        "observation_nonfinite": {
          "first_nonfinite": null,
          "nan_count": 0,
          "neginf_count": 0,
          "nonfinite_count": 0,
          "posinf_count": 0,
          "samples": 14688
        },
        "post_switch_angular_rate_max_rad_s": 24.213862562787703,
        "post_switch_disarmed": false,
        "post_switch_error_to_hover_max_m": 9.354964939971122,
        "post_switch_failsafe": false,
        "post_switch_hover_ned": [
          0.0,
          0.0,
          -2.5
        ],
        "post_switch_min_altitude_agl_m": -0.028228759765625,
        "post_switch_nav_states": [
          14,
          23
        ],
        "post_switch_roll_pitch_max_deg": 179.95097174781512,
        "switch_us": 26368000,
        "task_exit_code": 0
      },
      "reasons": [
        "angular_rate_loss_of_control",
        "attitude_tumble_over_90deg"
      ],
      "severity": 3,
      "severity_label": "S3_uncontrolled_tumble_or_loc",
      "thresholds": {
        "method_a_rate_tolerance_rad_s": 0.45,
        "method_a_roll_pitch_tolerance_deg": 8.0,
        "s0_angular_rate_rad_s": 1.0,
        "s0_final_error_m": 1.5,
        "s0_last_window_s": 2.0,
        "s0_min_altitude_agl_m": 1.0,
        "s0_roll_pitch_deg": 40.0,
        "s2_ground_contact_agl_m": 0.25,
        "s3_angular_rate_rad_s": 8.0,
        "s3_roll_pitch_deg": 90.0
      },
      "uncontrolled": true
    },
    "state_trigger": {
      "event": {
        "detail": {
          "controller_switch_s": 18.001681,
          "state": {
            "angular_rate_norm_rad_s": 1.9776613521609612,
            "angular_rate_xyz_rad_s": [
              -0.9737443327903748,
              -1.0894057750701904,
              1.332727074623108
            ],
            "angular_velocity_timestamp_us": 1783854491087836,
            "attitude_timestamp_us": 1783854491087836,
            "elapsed_s": 18.001681,
            "pitch_deg": -36.095424599942696,
            "pitch_rate_abs_rad_s": 1.0894057750701904,
            "roll_deg": 36.09582259083104,
            "roll_pitch_abs_deg": 36.09582259083104,
            "roll_rate_abs_rad_s": 0.9737443327903748,
            "timestamp_us": 1783854491087836,
            "yaw_deg": -8.72182992094714,
            "yaw_rate_abs_rad_s": 1.332727074623108
          },
          "trigger": {
            "angular_rate_norm_max_rad_s": 2.15,
            "angular_rate_norm_min_rad_s": 1.55,
            "deadline_s": 54.0,
            "enabled": true,
            "max_topic_age_s": 0.25,
            "method": "SIH groundtruth threshold crossing",
            "roll_pitch_abs_max_deg": 44.0,
            "roll_pitch_abs_min_deg": 36.0,
            "start_s": 18.0
          }
        },
        "elapsed_s": 18.001681,
        "name": "state_trigger",
        "timestamp_us": 1783854491087836
      },
      "fired": true,
      "match": {
        "angular_rate_error_norm_rad_s": 0.0,
        "matched": true,
        "pitch_error_deg": 0.0,
        "roll_error_deg": 0.0,
        "score": 0.0,
        "switch_us": 26368000
      },
      "task_exit_code": 0
    },
    "task": "tier05_fork_20260712T090728Z/stage3_initial/evals/pair4_H_rep19_route_a_addendum3_diag_20260629_rp36_44_rate1p55_2p15_w3_r4_f038_s20261902/mcnn_gate3_route_a_addendum3_diag_20260629_rp36_44_rate1p55_2p15_w3_r4_f038_s20261902_mcnn_task.json",
    "ulog": "tier05_fork_20260712T090728Z/stage3_initial/evals/pair4_H_rep19_route_a_addendum3_diag_20260629_rp36_44_rate1p55_2p15_w3_r4_f038_s20261902/mcnn_gate3_route_a_addendum3_diag_20260629_rp36_44_rate1p55_2p15_w3_r4_f038_s20261902_mcnn.ulg"
  },