{
  "analysis": {
    "actuator_rate_hz": 241.61475048769745,
    "actuator_total_counts": {
      "allocator_value_residual": 1192,
      "neural_value": 13890,
      "unknown": 276
    },
    "allocator_fraction_critical_actuator": {
      "count": 56,
      "fraction": 0.11740041928721175,
      "total": 477
    },
    "allocator_fraction_critical_output": {
      "count": 46,
      "fraction": 0.09787234042553192,
      "total": 470
    },
    "allocator_fraction_full_actuator": {
      "count": 1192,
      "fraction": 0.07761427269175673,
      "total": 15358
    },
    "allocator_fraction_full_output": {
      "count": 1066,
      "fraction": 0.0702193531387919,
      "total": 15181
    },
    "exact_switch_state": {
      "angular_rate_norm_rad_s": 2.018213486676644,
      "angular_rate_xyz_rad_s": [
        -0.9875943064689636,
        -1.1100910902023315,
        1.3658480644226074
      ],
      "angular_velocity_dt_ms": 0.0,
      "angular_velocity_timestamp_us": 26360000,
      "angular_velocity_topic": "vehicle_angular_velocity_groundtruth",
      "attitude_dt_ms": 0.0,
      "attitude_timestamp_us": 26360000,
      "attitude_topic": "vehicle_attitude_groundtruth",
      "local_position_dt_ms": 0.0,
      "local_position_timestamp_us": 26360000,
      "local_position_topic": "vehicle_local_position_groundtruth",
      "pitch_deg": -35.98756914930546,
      "pitch_rate_abs_rad_s": 1.1100910902023315,
      "position_ned_m": [
        -4.144367694854736,
        -3.1716246604919434,
        -2.4542236328125
      ],
      "roll_deg": 38.788825730584996,
      "roll_pitch_abs_deg": 38.788825730584996,
      "roll_rate_abs_rad_s": 0.9875943064689636,
      "switch_us": 26360000,
      "velocity_ned_m_s": [
        -3.1537318229675293,
        3.5768139362335205,
        -0.2820116877555847
      ],
      "velocity_norm_m_s": 4.77693970421055,
      "yaw_rate_abs_rad_s": 1.3658480644226074
    },
    "first_loss_us": 28348000,
    "loss_dt_s": 1.968,
    "loss_reason": "tilt>90",
    "mcnn_value_selfcheck": {
      "actuator_samples": 15358,
      "all_allocator_signature_residuals": 1192,
      "exact_neural_value_matches": 13890,
      "no_simultaneous_neural_timestamp_allocator_signature_residuals": 400,
      "simultaneous_neural_timestamp_nonmatches_with_allocator_signature": 792,
      "with_simultaneous_neural_control_timestamp": 14682
    },
    "nav23_duration_s": 63.564,
    "nav23_end_us": 89944000,
    "nav23_start_us": 26380000,
    "output_rate_hz": 238.8301554338934,
    "output_total_counts": {
      "allocator_value_residual": 1066,
      "neural_value": 13837,
      "unknown": 278
    },
    "severity": {
      "controlled": false,
      "evidence": {
        "active_motor_nonfinite": {
          "first_nonfinite": null,
          "nan_count": 0,
          "neginf_count": 0,
          "nonfinite_count": 0,
          "posinf_count": 0,
          "samples": 15475
        },
        "active_motor_saturation_count": 27441,
        "active_motor_saturation_ratio": 0.4433117932148627,
        "analysis_start_us": 26380000,
        "angular_velocity_topic": "vehicle_angular_velocity_groundtruth",
        "attitude_quaternion_finite": true,
        "attitude_topic": "vehicle_attitude_groundtruth",
        "console": {
          "fault": false,
          "matches": [],
          "px4_timeout_rc": false
        },
        "controller": "mcnn",
        "controller_active_us": 26380000,
        "final_error_to_hover_m": 5.995043991604683,
        "last_angular_rate_norm_rad_s": 4.929727089062589,
        "last_pitch_deg": -51.73693570818085,
        "last_position_ned_m": [
          -5.321776866912842,
          -1.1679273843765259,
          0.00103759765625
        ],
        "last_roll_deg": 85.83392148771183,
        "last_window_angular_rate_max_rad_s": 7.561387241094954,
        "last_window_roll_pitch_max_deg": 179.859476280702,
        "local_position_topic": "vehicle_local_position_groundtruth",
        "mission_end_reached": true,
        "mission_end_us": 90416000,
        "mode_confirmed": true,
        "network_output_nonfinite": {
          "first_nonfinite": null,
          "nan_count": 0,
          "neginf_count": 0,
          "nonfinite_count": 0,
          "posinf_count": 0,
          "samples": 14796
        },
        "neural_control_samples": 14796,
        "observation_nonfinite": {
          "first_nonfinite": null,
          "nan_count": 0,
          "neginf_count": 0,
          "nonfinite_count": 0,
          "posinf_count": 0,
          "samples": 14796
        },
        "post_switch_angular_rate_max_rad_s": 19.491541339528425,
        "post_switch_disarmed": false,
        "post_switch_error_to_hover_max_m": 6.751339148818155,
        "post_switch_failsafe": false,
        "post_switch_hover_ned": [
          0.0,
          0.0,
          -2.5
        ],
        "post_switch_min_altitude_agl_m": -0.030609130859375,
        "post_switch_nav_states": [
          14,
          23
        ],
        "post_switch_roll_pitch_max_deg": 179.99781714442264,
        "switch_us": 26360000,
        "task_exit_code": 0
      },
      "reasons": [
        "angular_rate_loss_of_control",
        "attitude_tumble_over_90deg"
      ],
      "severity": 3,
      "severity_label": "S3_uncontrolled_tumble_or_loc",
      "thresholds": {
        "method_a_rate_tolerance_rad_s": 0.45,
        "method_a_roll_pitch_tolerance_deg": 8.0,
        "s0_angular_rate_rad_s": 1.0,
        "s0_final_error_m": 1.5,
        "s0_last_window_s": 2.0,
        "s0_min_altitude_agl_m": 1.0,
        "s0_roll_pitch_deg": 40.0,
        "s2_ground_contact_agl_m": 0.25,
        "s3_angular_rate_rad_s": 8.0,
        "s3_roll_pitch_deg": 90.0
      },
      "uncontrolled": true
    },
    "state_trigger": {
      "event": {
        "detail": {
          "controller_switch_s": 18.007858,
          "state": {
            "angular_rate_norm_rad_s": 2.018213486676644,
            "angular_rate_xyz_rad_s": [
              -0.9875943064689636,
              -1.1100910902023315,
              1.3658480644226074
            ],
            "angular_velocity_timestamp_us": 1783853863207925,
            "attitude_timestamp_us": 1783853863207925,
            "elapsed_s": 18.007858,
            "pitch_deg": -35.98756914930546,
            "pitch_rate_abs_rad_s": 1.1100910902023315,
            "roll_deg": 38.788825730584996,
            "roll_pitch_abs_deg": 38.788825730584996,
            "roll_rate_abs_rad_s": 0.9875943064689636,
            "timestamp_us": 1783853863207925,
            "yaw_deg": -11.387849852276293,
            "yaw_rate_abs_rad_s": 1.3658480644226074
          },
          "trigger": {
            "angular_rate_norm_max_rad_s": 2.15,
            "angular_rate_norm_min_rad_s": 1.55,
            "deadline_s": 54.0,
            "enabled": true,
            "max_topic_age_s": 0.25,
            "method": "SIH groundtruth threshold crossing",
            "roll_pitch_abs_max_deg": 44.0,
            "roll_pitch_abs_min_deg": 36.0,
            "start_s": 18.0
          }
        },
        "elapsed_s": 18.007858,
        "name": "state_trigger",
        "timestamp_us": 1783853863207925
      },
      "fired": true,
      "match": {
        "angular_rate_error_norm_rad_s": 0.0,
        "matched": true,
        "pitch_error_deg": 0.0,
        "roll_error_deg": 0.0,
        "score": 0.0,
        "switch_us": 26360000
      },
      "task_exit_code": 0
    },
    "task": "tier05_fork_20260712T090728Z/stage3_initial/evals/pair4_H_rep11_route_a_addendum3_diag_20260629_rp36_44_rate1p55_2p15_w3_r4_f038_s20261902/mcnn_gate3_route_a_addendum3_diag_20260629_rp36_44_rate1p55_2p15_w3_r4_f038_s20261902_mcnn_task.json",
    "ulog": "tier05_fork_20260712T090728Z/stage3_initial/evals/pair4_H_rep11_route_a_addendum3_diag_20260629_rp36_44_rate1p55_2p15_w3_r4_f038_s20261902/mcnn_gate3_route_a_addendum3_diag_20260629_rp36_44_rate1p55_2p15_w3_r4_f038_s20261902_mcnn.ulg"
  },