{
  "analysis": {
    "actuator_rate_hz": 240.8036219581211,
    "actuator_total_counts": {
      "allocator_value_residual": 1392,
      "neural_value": 13661,
      "unknown": 265
    },
    "allocator_fraction_critical_actuator": {
      "count": 5,
      "fraction": 0.045871559633027525,
      "total": 109
    },
    "allocator_fraction_critical_output": {
      "count": 6,
      "fraction": 0.056074766355140186,
      "total": 107
    },
    "allocator_fraction_full_actuator": {
      "count": 1392,
      "fraction": 0.09087348217783,
      "total": 15318
    },
    "allocator_fraction_full_output": {
      "count": 1257,
      "fraction": 0.08298673004555357,
      "total": 15147
    },
    "exact_switch_state": {
      "angular_rate_norm_rad_s": 1.9864136422218104,
      "angular_rate_xyz_rad_s": [
        -0.9022694230079651,
        -1.139796257019043,
        1.3537405729293823
      ],
      "angular_velocity_dt_ms": 0.0,
      "angular_velocity_timestamp_us": 26388000,
      "angular_velocity_topic": "vehicle_angular_velocity_groundtruth",
      "attitude_dt_ms": 0.0,
      "attitude_timestamp_us": 26388000,
      "attitude_topic": "vehicle_attitude_groundtruth",
      "local_position_dt_ms": 0.0,
      "local_position_timestamp_us": 26388000,
      "local_position_topic": "vehicle_local_position_groundtruth",
      "pitch_deg": -40.802986167711985,
      "pitch_rate_abs_rad_s": 1.139796257019043,
      "position_ned_m": [
        -4.782436370849609,
        -2.9169092178344727,
        -2.47430419921875
      ],
      "roll_deg": 35.44107044034748,
      "roll_pitch_abs_deg": 40.802986167711985,
      "roll_rate_abs_rad_s": 0.9022694230079651,
      "switch_us": 26388000,
      "velocity_ned_m_s": [
        -2.4099628925323486,
        3.9026546478271484,
        -0.4874212443828583
      ],
      "velocity_norm_m_s": 4.612614650397913,
      "yaw_rate_abs_rad_s": 1.3537405729293823
    },
    "first_loss_us": 26852000,
    "loss_dt_s": 0.444,
    "loss_reason": "tilt>90",
    "mcnn_value_selfcheck": {
      "actuator_samples": 15318,
      "all_allocator_signature_residuals": 1392,
      "exact_neural_value_matches": 13661,
      "no_simultaneous_neural_timestamp_allocator_signature_residuals": 471,
      "simultaneous_neural_timestamp_nonmatches_with_allocator_signature": 921,
      "with_simultaneous_neural_control_timestamp": 14582
    },
    "nav23_duration_s": 63.612,
    "nav23_end_us": 90020000,
    "nav23_start_us": 26408000,
    "output_rate_hz": 238.11544991511036,
    "output_total_counts": {
      "allocator_value_residual": 1257,
      "neural_value": 13632,
      "unknown": 258
    },
    "severity": {
      "controlled": false,
      "evidence": {
        "active_motor_nonfinite": {
          "first_nonfinite": null,
          "nan_count": 0,
          "neginf_count": 0,
          "nonfinite_count": 0,
          "posinf_count": 0,
          "samples": 15408
        },
        "active_motor_saturation_count": 43183,
        "active_motor_saturation_ratio": 0.700658748701973,
        "analysis_start_us": 26408000,
        "angular_velocity_topic": "vehicle_angular_velocity_groundtruth",
        "attitude_quaternion_finite": true,
        "attitude_topic": "vehicle_attitude_groundtruth",
        "console": {
          "fault": false,
          "matches": [],
          "px4_timeout_rc": false
        },
        "controller": "mcnn",
        "controller_active_us": 26408000,
        "final_error_to_hover_m": 7.880051934124833,
        "last_angular_rate_norm_rad_s": 8.27458170947793,
        "last_pitch_deg": -11.835583276882627,
        "last_position_ned_m": [
          -7.429990768432617,
          0.6548942923545837,
          0.041961669921875
        ],
        "last_roll_deg": -132.6250186786058,
        "last_window_angular_rate_max_rad_s": 15.384518896759412,
        "last_window_roll_pitch_max_deg": 179.7463837749098,
        "local_position_topic": "vehicle_local_position_groundtruth",
        "mission_end_reached": true,
        "mission_end_us": 90380000,
        "mode_confirmed": true,
        "network_output_nonfinite": {
          "first_nonfinite": null,
          "nan_count": 0,
          "neginf_count": 0,
          "nonfinite_count": 0,
          "posinf_count": 0,
          "samples": 14694
        },
        "neural_control_samples": 14694,
        "observation_nonfinite": {
          "first_nonfinite": null,
          "nan_count": 0,
          "neginf_count": 0,
          "nonfinite_count": 0,
          "posinf_count": 0,
          "samples": 14694
        },
        "post_switch_angular_rate_max_rad_s": 24.638042136282426,
        "post_switch_disarmed": false,
        "post_switch_error_to_hover_max_m": 7.880051934124833,
        "post_switch_failsafe": false,
        "post_switch_hover_ned": [
          0.0,
          0.0,
          -2.5
        ],
        "post_switch_min_altitude_agl_m": -0.0419921875,
        "post_switch_nav_states": [
          14,
          23
        ],
        "post_switch_roll_pitch_max_deg": 179.9801347720016,
        "switch_us": 26388000,
        "task_exit_code": 0
      },
      "reasons": [
        "angular_rate_loss_of_control",
        "attitude_tumble_over_90deg"
      ],
      "severity": 3,
      "severity_label": "S3_uncontrolled_tumble_or_loc",
      "thresholds": {
        "method_a_rate_tolerance_rad_s": 0.45,
        "method_a_roll_pitch_tolerance_deg": 8.0,
        "s0_angular_rate_rad_s": 1.0,
        "s0_final_error_m": 1.5,
        "s0_last_window_s": 2.0,
        "s0_min_altitude_agl_m": 1.0,
        "s0_roll_pitch_deg": 40.0,
        "s2_ground_contact_agl_m": 0.25,
        "s3_angular_rate_rad_s": 8.0,
        "s3_roll_pitch_deg": 90.0
      },
      "uncontrolled": true
    },
    "state_trigger": {
      "event": {
        "detail": {
          "controller_switch_s": 18.010861,
          "state": {
            "angular_rate_norm_rad_s": 1.9864136422218104,
            "angular_rate_xyz_rad_s": [
              -0.9022694230079651,
              -1.139796257019043,
              1.3537405729293823
            ],
            "angular_velocity_timestamp_us": 1783853156961111,
            "attitude_timestamp_us": 1783853156961111,
            "elapsed_s": 18.010861,
            "pitch_deg": -40.802986167711985,
            "pitch_rate_abs_rad_s": 1.139796257019043,
            "roll_deg": 35.44107044034748,
            "roll_pitch_abs_deg": 40.802986167711985,
            "roll_rate_abs_rad_s": 0.9022694230079651,
            "timestamp_us": 1783853156961111,
            "yaw_deg": -12.6666714476317,
            "yaw_rate_abs_rad_s": 1.3537405729293823
          },
          "trigger": {
            "angular_rate_norm_max_rad_s": 2.15,
            "angular_rate_norm_min_rad_s": 1.55,
            "deadline_s": 54.0,
            "enabled": true,
            "max_topic_age_s": 0.25,
            "method": "SIH groundtruth threshold crossing",
            "roll_pitch_abs_max_deg": 44.0,
            "roll_pitch_abs_min_deg": 36.0,
            "start_s": 18.0
          }
        },
        "elapsed_s": 18.010861,
        "name": "state_trigger",
        "timestamp_us": 1783853156961111
      },
      "fired": true,
      "match": {
        "angular_rate_error_norm_rad_s": 0.0,
        "matched": true,
        "pitch_error_deg": 0.0,
        "roll_error_deg": 0.0,
        "score": 0.0,
        "switch_us": 26388000
      },
      "task_exit_code": 0
    },
    "task": "tier05_fork_20260712T090728Z/stage3_initial/evals/pair4_H_rep02_route_a_addendum3_diag_20260629_rp36_44_rate1p55_2p15_w3_r4_f038_s20261902/mcnn_gate3_route_a_addendum3_diag_20260629_rp36_44_rate1p55_2p15_w3_r4_f038_s20261902_mcnn_task.json",
    "ulog": "tier05_fork_20260712T090728Z/stage3_initial/evals/pair4_H_rep02_route_a_addendum3_diag_20260629_rp36_44_rate1p55_2p15_w3_r4_f038_s20261902/mcnn_gate3_route_a_addendum3_diag_20260629_rp36_44_rate1p55_2p15_w3_r4_f038_s20261902_mcnn.ulg"
  },