{
  "analysis": {
    "actuator_rate_hz": 240.21263289555972,
    "actuator_total_counts": {
      "allocator_value_residual": 1340,
      "neural_value": 13749,
      "unknown": 275
    },
    "allocator_fraction_critical_actuator": {
      "count": 19,
      "fraction": 0.07851239669421488,
      "total": 242
    },
    "allocator_fraction_critical_output": {
      "count": 18,
      "fraction": 0.07468879668049792,
      "total": 241
    },
    "allocator_fraction_full_actuator": {
      "count": 1340,
      "fraction": 0.08721687060661286,
      "total": 15364
    },
    "allocator_fraction_full_output": {
      "count": 1205,
      "fraction": 0.0792711005854878,
      "total": 15201
    },
    "exact_switch_state": {
      "angular_rate_norm_rad_s": 2.0468648859043665,
      "angular_rate_xyz_rad_s": [
        -0.9902623891830444,
        -1.108303189277649,
        1.4073735475540161
      ],
      "angular_velocity_dt_ms": 0.0,
      "angular_velocity_timestamp_us": 26368000,
      "angular_velocity_topic": "vehicle_angular_velocity_groundtruth",
      "attitude_dt_ms": 0.0,
      "attitude_timestamp_us": 26368000,
      "attitude_topic": "vehicle_attitude_groundtruth",
      "local_position_dt_ms": 0.0,
      "local_position_timestamp_us": 26368000,
      "local_position_topic": "vehicle_local_position_groundtruth",
      "pitch_deg": -36.55176905025794,
      "pitch_rate_abs_rad_s": 1.108303189277649,
      "position_ned_m": [
        -4.366921901702881,
        -2.9770123958587646,
        -2.364532470703125
      ],
      "roll_deg": 38.161939352492006,
      "roll_pitch_abs_deg": 38.161939352492006,
      "roll_rate_abs_rad_s": 0.9902623891830444,
      "switch_us": 26368000,
      "velocity_ned_m_s": [
        -3.0414695739746094,
        3.7214434146881104,
        -0.1979699581861496
      ],
      "velocity_norm_m_s": 4.8102879708477975,
      "yaw_rate_abs_rad_s": 1.4073735475540161
    },
    "first_loss_us": 27400000,
    "loss_dt_s": 1.012,
    "loss_reason": "rate>8",
    "mcnn_value_selfcheck": {
      "actuator_samples": 15364,
      "all_allocator_signature_residuals": 1340,
      "exact_neural_value_matches": 13749,
      "no_simultaneous_neural_timestamp_allocator_signature_residuals": 415,
      "simultaneous_neural_timestamp_nonmatches_with_allocator_signature": 925,
      "with_simultaneous_neural_control_timestamp": 14674
    },
    "nav23_duration_s": 63.96,
    "nav23_end_us": 90348000,
    "nav23_start_us": 26388000,
    "output_rate_hz": 237.6641651031895,
    "output_total_counts": {
      "allocator_value_residual": 1205,
      "neural_value": 13723,
      "unknown": 273
    },
    "severity": {
      "controlled": false,
      "evidence": {
        "active_motor_nonfinite": {
          "first_nonfinite": null,
          "nan_count": 0,
          "neginf_count": 0,
          "nonfinite_count": 0,
          "posinf_count": 0,
          "samples": 15375
        },
        "active_motor_saturation_count": 47598,
        "active_motor_saturation_ratio": 0.7739512195121951,
        "analysis_start_us": 26388000,
        "angular_velocity_topic": "vehicle_angular_velocity_groundtruth",
        "attitude_quaternion_finite": true,
        "attitude_topic": "vehicle_attitude_groundtruth",
        "console": {
          "fault": false,
          "matches": [],
          "px4_timeout_rc": false
        },
        "controller": "mcnn",
        "controller_active_us": 26388000,
        "final_error_to_hover_m": 10.40701361477705,
        "last_angular_rate_norm_rad_s": 23.997967949429952,
        "last_pitch_deg": 24.326664753159495,
        "last_position_ned_m": [
          -10.098262786865234,
          0.2290296107530594,
          0.005706787109375
        ],
        "last_roll_deg": 60.15889167288445,
        "last_window_angular_rate_max_rad_s": 24.05383905379784,
        "last_window_roll_pitch_max_deg": 115.88969404208696,
        "local_position_topic": "vehicle_local_position_groundtruth",
        "mission_end_reached": true,
        "mission_end_us": 90392000,
        "mode_confirmed": true,
        "network_output_nonfinite": {
          "first_nonfinite": null,
          "nan_count": 0,
          "neginf_count": 0,
          "nonfinite_count": 0,
          "posinf_count": 0,
          "samples": 14704
        },
        "neural_control_samples": 14704,
        "observation_nonfinite": {
          "first_nonfinite": null,
          "nan_count": 0,
          "neginf_count": 0,
          "nonfinite_count": 0,
          "posinf_count": 0,
          "samples": 14704
        },
        "post_switch_angular_rate_max_rad_s": 24.552425342663025,
        "post_switch_disarmed": false,
        "post_switch_error_to_hover_max_m": 10.407013617400517,
        "post_switch_failsafe": false,
        "post_switch_hover_ned": [
          0.0,
          0.0,
          -2.5
        ],
        "post_switch_min_altitude_agl_m": -0.024932861328125,
        "post_switch_nav_states": [
          14,
          23
        ],
        "post_switch_roll_pitch_max_deg": 179.9979066845203,
        "switch_us": 26368000,
        "task_exit_code": 0
      },
      "reasons": [
        "angular_rate_loss_of_control",
        "attitude_tumble_over_90deg"
      ],
      "severity": 3,
      "severity_label": "S3_uncontrolled_tumble_or_loc",
      "thresholds": {
        "method_a_rate_tolerance_rad_s": 0.45,
        "method_a_roll_pitch_tolerance_deg": 8.0,
        "s0_angular_rate_rad_s": 1.0,
        "s0_final_error_m": 1.5,
        "s0_last_window_s": 2.0,
        "s0_min_altitude_agl_m": 1.0,
        "s0_roll_pitch_deg": 40.0,
        "s2_ground_contact_agl_m": 0.25,
        "s3_angular_rate_rad_s": 8.0,
        "s3_roll_pitch_deg": 90.0
      },
      "uncontrolled": true
    },
    "state_trigger": {
      "event": {
        "detail": {
          "controller_switch_s": 18.002674,
          "state": {
            "angular_rate_norm_rad_s": 2.0468648859043665,
            "angular_rate_xyz_rad_s": [
              -0.9902623891830444,
              -1.108303189277649,
              1.4073735475540161
            ],
            "angular_velocity_timestamp_us": 1783854334182729,
            "attitude_timestamp_us": 1783854334182729,
            "elapsed_s": 18.002674,
            "pitch_deg": -36.55176905025794,
            "pitch_rate_abs_rad_s": 1.108303189277649,
            "roll_deg": 38.161939352492006,
            "roll_pitch_abs_deg": 38.161939352492006,
            "roll_rate_abs_rad_s": 0.9902623891830444,
            "timestamp_us": 1783854334182729,
            "yaw_deg": -12.467446781016164,
            "yaw_rate_abs_rad_s": 1.4073735475540161
          },
          "trigger": {
            "angular_rate_norm_max_rad_s": 2.15,
            "angular_rate_norm_min_rad_s": 1.55,
            "deadline_s": 54.0,
            "enabled": true,
            "max_topic_age_s": 0.25,
            "method": "SIH groundtruth threshold crossing",
            "roll_pitch_abs_max_deg": 44.0,
            "roll_pitch_abs_min_deg": 36.0,
            "start_s": 18.0
          }
        },
        "elapsed_s": 18.002674,
        "name": "state_trigger",
        "timestamp_us": 1783854334182729
      },
      "fired": true,
      "match": {
        "angular_rate_error_norm_rad_s": 0.0,
        "matched": true,
        "pitch_error_deg": 0.0,
        "roll_error_deg": 0.0,
        "score": 0.0,
        "switch_us": 26368000
      },
      "task_exit_code": 0
    },
    "task": "tier05_fork_20260712T090728Z/stage3_initial/evals/pair4_H_rep17_route_a_addendum3_diag_20260629_rp36_44_rate1p55_2p15_w3_r4_f038_s20261902/mcnn_gate3_route_a_addendum3_diag_20260629_rp36_44_rate1p55_2p15_w3_r4_f038_s20261902_mcnn_task.json",