{
  "analysis": {
    "actuator_rate_hz": 241.48902821316616,
    "actuator_total_counts": {
      "allocator_value_residual": 1374,
      "neural_value": 13771,
      "unknown": 262
    },
    "allocator_fraction_critical_actuator": {
      "count": 35,
      "fraction": 0.09283819628647215,
      "total": 377
    },
    "allocator_fraction_critical_output": {
      "count": 30,
      "fraction": 0.08196721311475409,
      "total": 366
    },
    "allocator_fraction_full_actuator": {
      "count": 1374,
      "fraction": 0.0891802427468034,
      "total": 15407
    },
    "allocator_fraction_full_output": {
      "count": 1262,
      "fraction": 0.08284645178231471,
      "total": 15233
    },
    "exact_switch_state": {
      "angular_rate_norm_rad_s": 2.0136551145274164,
      "angular_rate_xyz_rad_s": [
        -1.006861925125122,
        -1.1230125427246094,
        1.3341209888458252
      ],
      "angular_velocity_dt_ms": 0.0,
      "angular_velocity_timestamp_us": 26372000,
      "angular_velocity_topic": "vehicle_angular_velocity_groundtruth",
      "attitude_dt_ms": 0.0,
      "attitude_timestamp_us": 26372000,
      "attitude_topic": "vehicle_attitude_groundtruth",
      "local_position_dt_ms": 0.0,
      "local_position_timestamp_us": 26372000,
      "local_position_topic": "vehicle_local_position_groundtruth",
      "pitch_deg": -37.16764238854002,
      "pitch_rate_abs_rad_s": 1.1230125427246094,
      "position_ned_m": [
        -4.548775672912598,
        -3.6364383697509766,
        -2.350372314453125
      ],
      "roll_deg": 37.14622257495916,
      "roll_pitch_abs_deg": 37.16764238854002,
      "roll_rate_abs_rad_s": 1.006861925125122,
      "switch_us": 26372000,
      "velocity_ned_m_s": [
        -3.1822664737701416,
        3.6849148273468018,
        -0.23662598431110382
      ],
      "velocity_norm_m_s": 4.874567575829979,
      "yaw_rate_abs_rad_s": 1.3341209888458252
    },
    "first_loss_us": 27936000,
    "loss_dt_s": 1.548,
    "loss_reason": "rate>8",
    "mcnn_value_selfcheck": {
      "actuator_samples": 15407,
      "all_allocator_signature_residuals": 1374,
      "exact_neural_value_matches": 13771,
      "no_simultaneous_neural_timestamp_allocator_signature_residuals": 422,
      "simultaneous_neural_timestamp_nonmatches_with_allocator_signature": 952,
      "with_simultaneous_neural_control_timestamp": 14723
    },
    "nav23_duration_s": 63.8,
    "nav23_end_us": 90188000,
    "nav23_start_us": 26388000,
    "output_rate_hz": 238.76175548589342,
    "output_total_counts": {
      "allocator_value_residual": 1262,
      "neural_value": 13712,
      "unknown": 259
    },
    "severity": {
      "controlled": false,
      "evidence": {
        "active_motor_nonfinite": {
          "first_nonfinite": null,
          "nan_count": 0,
          "neginf_count": 0,
          "nonfinite_count": 0,
          "posinf_count": 0,
          "samples": 15456
        },
        "active_motor_saturation_count": 31270,
        "active_motor_saturation_ratio": 0.5057906314699793,
        "analysis_start_us": 26388000,
        "angular_velocity_topic": "vehicle_angular_velocity_groundtruth",
        "attitude_quaternion_finite": true,
        "attitude_topic": "vehicle_attitude_groundtruth",
        "console": {
          "fault": false,
          "matches": [],
          "px4_timeout_rc": false
        },
        "controller": "mcnn",
        "controller_active_us": 26388000,
        "final_error_to_hover_m": 7.808720509605716,
        "last_angular_rate_norm_rad_s": 4.725134160799963,
        "last_pitch_deg": -4.978959242502226,
        "last_position_ned_m": [
          -6.794153213500977,
          -2.0700745582580566,
          0.74505615234375
        ],
        "last_roll_deg": 76.81693082934461,
        "last_window_angular_rate_max_rad_s": 7.06104470088225,
        "last_window_roll_pitch_max_deg": 179.76770080102725,
        "local_position_topic": "vehicle_local_position_groundtruth",
        "mission_end_reached": true,
        "mission_end_us": 90392000,
        "mode_confirmed": true,
        "network_output_nonfinite": {
          "first_nonfinite": null,
          "nan_count": 0,
          "neginf_count": 0,
          "nonfinite_count": 0,
          "posinf_count": 0,
          "samples": 14770
        },
        "neural_control_samples": 14770,
        "observation_nonfinite": {
          "first_nonfinite": null,
          "nan_count": 0,
          "neginf_count": 0,
          "nonfinite_count": 0,
          "posinf_count": 0,
          "samples": 14770
        },
        "post_switch_angular_rate_max_rad_s": 13.14173562313075,
        "post_switch_disarmed": false,
        "post_switch_error_to_hover_max_m": 7.86249582152196,
        "post_switch_failsafe": false,
        "post_switch_hover_ned": [
          0.0,
          0.0,
          -2.5
        ],
        "post_switch_min_altitude_agl_m": -0.749267578125,
        "post_switch_nav_states": [
          14,
          23
        ],
        "post_switch_roll_pitch_max_deg": 179.9966870444867,
        "switch_us": 26372000,
        "task_exit_code": 0
      },
      "reasons": [
        "angular_rate_loss_of_control",
        "attitude_tumble_over_90deg"
      ],
      "severity": 3,
      "severity_label": "S3_uncontrolled_tumble_or_loc",
      "thresholds": {
        "method_a_rate_tolerance_rad_s": 0.45,
        "method_a_roll_pitch_tolerance_deg": 8.0,
        "s0_angular_rate_rad_s": 1.0,
        "s0_final_error_m": 1.5,
        "s0_last_window_s": 2.0,
        "s0_min_altitude_agl_m": 1.0,
        "s0_roll_pitch_deg": 40.0,
        "s2_ground_contact_agl_m": 0.25,
        "s3_angular_rate_rad_s": 8.0,
        "s3_roll_pitch_deg": 90.0
      },
      "uncontrolled": true
    },
    "state_trigger": {
      "event": {
        "detail": {
          "controller_switch_s": 18.007199,
          "state": {
            "angular_rate_norm_rad_s": 2.0136551145274164,
            "angular_rate_xyz_rad_s": [
              -1.006861925125122,
              -1.1230125427246094,
              1.3341209888458252
            ],
            "angular_velocity_timestamp_us": 1783854020269364,
            "attitude_timestamp_us": 1783854020269364,
            "elapsed_s": 18.007199,
            "pitch_deg": -37.16764238854002,
            "pitch_rate_abs_rad_s": 1.1230125427246094,
            "roll_deg": 37.14622257495916,
            "roll_pitch_abs_deg": 37.16764238854002,
            "roll_rate_abs_rad_s": 1.006861925125122,
            "timestamp_us": 1783854020269364,
            "yaw_deg": -11.0436652735632,
            "yaw_rate_abs_rad_s": 1.3341209888458252
          },
          "trigger": {
            "angular_rate_norm_max_rad_s": 2.15,
            "angular_rate_norm_min_rad_s": 1.55,
            "deadline_s": 54.0,
            "enabled": true,
            "max_topic_age_s": 0.25,
            "method": "SIH groundtruth threshold crossing",
            "roll_pitch_abs_max_deg": 44.0,
            "roll_pitch_abs_min_deg": 36.0,
            "start_s": 18.0
          }
        },
        "elapsed_s": 18.007199,
        "name": "state_trigger",
        "timestamp_us": 1783854020269364
      },
      "fired": true,
      "match": {
        "angular_rate_error_norm_rad_s": 0.0,
        "matched": true,
        "pitch_error_deg": 0.0,
        "roll_error_deg": 6.3611093629270335e-15,
        "score": 6.3611093629270335e-15,
        "switch_us": 26372000
      },
      "task_exit_code": 0
    },
    "task": "tier05_fork_20260712T090728Z/stage3_initial/evals/pair4_H_rep13_route_a_addendum3_diag_20260629_rp36_44_rate1p55_2p15_w3_r4_f038_s20261902/mcnn_gate3_route_a_addendum3_diag_20260629_rp36_44_rate1p55_2p15_w3_r4_f038_s20261902_mcnn_task.json",