{
  "compare_metric_stats": {
    "classical": {
      "angular_rate_max_rad_s": {
        "count": 5,
        "max": 0.3909088157390444,
        "mean": 0.3524078325142044,
        "min": 0.30835761995521793,
        "range": 0.08255119578382647,
        "stdev": 0.037264418267197855
      },
      "angular_rate_std_rad_s": {
        "count": 5,
        "max": 0.053290029010766946,
        "mean": 0.051977211501377074,
        "min": 0.05123414733719536,
        "range": 0.002055881673571583,
        "stdev": 0.0008052322485235535
      },
      "final_error_m": {
        "count": 5,
        "max": 0.7575240029438808,
        "mean": 0.5390461177372946,
        "min": 0.41848352516360876,
        "range": 0.339040477780272,
        "stdev": 0.1370187766899007
      },
      "motor_saturation_ratio": {
        "count": 5,
        "max": 0.0,
        "mean": 0.0,
        "min": 0.0,
        "range": 0.0,
        "stdev": 0.0
      },
      "roll_pitch_max_deg": {
        "count": 5,
        "max": 5.932114349458386,
        "mean": 4.41555964575457,
        "min": 2.910977983460821,
        "range": 3.021136365997565,
        "stdev": 1.2973512919418246
      },
      "roll_pitch_std_deg": {
        "count": 5,
        "max": 1.2787681180240964,
        "mean": 0.9249069556129129,
        "min": 0.6137565257735507,
        "range": 0.6650115922505457,
        "stdev": 0.2697760582404218
      },
      "tracking_error_max_m": {
        "count": 5,
        "max": 0.9714590757480569,
        "mean": 0.7584022987604836,
        "min": 0.6257268612814516,
        "range": 0.3457322144666053,
        "stdev": 0.16611110609695878
      },
      "tracking_error_rms_m": {
        "count": 5,
        "max": 0.5171018015986927,
        "mean": 0.4376150480807661,
        "min": 0.3678852485467093,
        "range": 0.1492165530519834,
        "stdev": 0.05801104308921917
      }
    },
    "raptor": {
      "angular_rate_max_rad_s": {
        "count": 5,
        "max": 0.37600159767587876,
        "mean": 0.3351206085888216,
        "min": 0.3023172916185326,
        "range": 0.07368430605734616,
        "stdev": 0.028643297127075494
      },
      "angular_rate_std_rad_s": {
        "count": 5,
        "max": 0.05288647806012004,
        "mean": 0.05147986809905517,
        "min": 0.049642518428778995,
        "range": 0.0032439596313410465,
        "stdev": 0.0012368196408443553
      },
      "final_error_m": {
        "count": 5,
        "max": 0.6181128893745237,
        "mean": 0.35536102545674125,
        "min": 0.1748383795303926,
        "range": 0.4432745098441311,
        "stdev": 0.17072557554431186
      },
      "motor_saturation_ratio": {
        "count": 5,
        "max": 0.00032580364900086883,
        "mean": 0.00019330963321428598,
        "min": 0.0001092896174863388,
        "range": 0.00021651403151453003,
        "stdev": 8.152537379771807e-05
      },
      "roll_pitch_max_deg": {
        "count": 5,
        "max": 5.955085074651952,
        "mean": 5.014772007273474,
        "min": 4.16828674206509,
        "range": 1.7867983325868613,
        "stdev": 0.780135153082526
      },
      "roll_pitch_std_deg": {
        "count": 5,
        "max": 1.461051221625619,
        "mean": 1.1163837404148722,
        "min": 0.890041398783925,
        "range": 0.5710098228416941,
        "stdev": 0.23611497999590858
      },
      "tracking_error_max_m": {
        "count": 5,
        "max": 1.0801448895726344,
        "mean": 0.861402504261323,
        "min": 0.6245420237183145,
        "range": 0.45560286585431997,
        "stdev": 0.18613450662921174
      },
      "tracking_error_rms_m": {
        "count": 5,
        "max": 0.587638703036959,
        "mean": 0.4730621941959428,
        "min": 0.3498881310590557,
        "range": 0.23775057197790328,
        "stdev": 0.10274865760928824
      }
    }
  },
  "metadata": {
    "created_utc": "2026-06-24T11:23:16.865282+00:00",
    "run_id": "m2b_noise_floor_1x_high_twr_20260624",
    "scope_note": "M2b-1 high-TWR same-theta noise-floor remeasurement; not M3.",
    "seeds": [
      20260901,
      20260902,
      20260903,
      20260904,
      20260905
    ],
    "sim_speed_factor": 1.0,
    "sine_amplitude_m": 0.22,
    "sine_axis": "z",
    "sine_frequency_hz": 2.5,
    "thrust_to_weight_ratio": 2.3
  },
  "observed_noise_floor": {
    "angular_rate_max_rad_s": 0.08255119578382647,
    "angular_rate_std_rad_s": 0.0032439596313410465,
    "final_error_m": 0.4432745098441311,
    "motor_saturation_ratio": 0.00021651403151453003,
    "roll_pitch_max_deg": 3.021136365997565,
    "roll_pitch_std_deg": 0.6650115922505457,
    "tracking_error_max_m": 0.45560286585431997,
    "tracking_error_rms_m": 0.23775057197790328
  },
  "records": [
    {
      "classical_active_motor_nan_count": 0,
      "classical_metrics_path": "/workspace/docs/m2b_noise_floor_1x_high_twr_20260624/evals/m2b_noise_floor_1x_high_twr_20260624_s20260901/m1_m2b_noise_floor_1x_high_twr_20260624_s20260901_classical_metrics.json",
      "classical_rate_max_rad_s": 0.3211154777675578,
      "classical_safe": true,
      "classical_tracking_max_m": 0.6300820293331981,
      "classical_tracking_rms_m": 0.40156025951803154,
      "classical_usable": true,
      "compare_path": "/workspace/docs/m2b_noise_floor_1x_high_twr_20260624/evals/m2b_noise_floor_1x_high_twr_20260624_s20260901/m1_diff_m2b_noise_floor_1x_high_twr_20260624_s20260901.json",
      "docs_dir": "/workspace/docs/m2b_noise_floor_1x_high_twr_20260624/evals/m2b_noise_floor_1x_high_twr_20260624_s20260901",
      "effective_deltas": {
        "angular_rate_max_rad_s": 0.0,
        "angular_rate_std_rad_s": 0.0,
        "final_error_m": 0.0,
        "motor_saturation_ratio": 0.0,
        "roll_pitch_max_deg": 0.0,
        "roll_pitch_std_deg": 0.0,
        "tracking_error_max_m": 0.0,
        "tracking_error_rms_m": 0.0
      },
      "elapsed_wall_s": 165.59754096204415,
      "elapsed_wall_s_outer": 165.6045973249711,
      "error": null,
      "fair_shared_state_shim_pollution": false,
      "fairness_path": "/workspace/docs/m2b_noise_floor_1x_high_twr_20260624/evals/m2b_noise_floor_1x_high_twr_20260624_s20260901/m2b_1_fairness_m2b_noise_floor_1x_high_twr_20260624_s20260901.json",
      "feature_bin": "unknown",
      "index": 0,
      "infrastructure_limited": false,
      "primary_bug": false,
      "quadrant": "boring_both_safe",
      "quality": 0.0,
      "ran": true,
      "raptor_active_motor_nan_count": 0,
      "raptor_metrics_path": "/workspace/docs/m2b_noise_floor_1x_high_twr_20260624/evals/m2b_noise_floor_1x_high_twr_20260624_s20260901/m1_m2b_noise_floor_1x_high_twr_20260624_s20260901_raptor_metrics.json",
      "raptor_rate_max_rad_s": 0.3141271414302319,
      "raptor_safe": true,
      "raptor_tracking_max_m": 0.8326086560324921,
      "raptor_tracking_rms_m": 0.46813547728295063,
      "returncode": 0,
      "seed": 20260901,
      "severity": 0.0,
      "state_shim_topic_checks": [],
      "tag": "m2b_noise_floor_1x_high_twr_20260624_s20260901",
      "theta_path": "/workspace/docs/m2b_noise_floor_1x_high_twr_20260624/theta/m2b_noise_floor_1x_high_twr_20260624_s20260901.json"
    },
    {
      "classical_active_motor_nan_count": 0,
      "classical_metrics_path": "/workspace/docs/m2b_noise_floor_1x_high_twr_20260624/evals/m2b_noise_floor_1x_high_twr_20260624_s20260902/m1_m2b_noise_floor_1x_high_twr_20260624_s20260902_classical_metrics.json",
      "classical_rate_max_rad_s": 0.3862224206266932,
      "classical_safe": true,
      "classical_tracking_max_m": 0.6257268612814516,
      "classical_tracking_rms_m": 0.43294543957195364,
      "classical_usable": true,
      "compare_path": "/workspace/docs/m2b_noise_floor_1x_high_twr_20260624/evals/m2b_noise_floor_1x_high_twr_20260624_s20260902/m1_diff_m2b_noise_floor_1x_high_twr_20260624_s20260902.json",