{
  "analysis": {
    "actuator_rate_hz": 241.1411127895267,
    "actuator_total_counts": {
      "allocator_value_residual": 1409,
      "neural_value": 13741,
      "unknown": 175
    },
    "allocator_fraction_critical_actuator": {
      "count": 31,
      "fraction": 0.1183206106870229,
      "total": 262
    },
    "allocator_fraction_critical_output": {
      "count": 31,
      "fraction": 0.11877394636015326,
      "total": 261
    },
    "allocator_fraction_full_actuator": {
      "count": 1409,
      "fraction": 0.09194127243066884,
      "total": 15325
    },
    "allocator_fraction_full_output": {
      "count": 1257,
      "fraction": 0.08301413287544578,
      "total": 15142
    },
    "exact_switch_state": {
      "angular_rate_norm_rad_s": 0.7750339560279988,
      "angular_rate_xyz_rad_s": [
        0.16675803065299988,
        -0.7137154340744019,
        0.2519517242908478
      ],
      "angular_velocity_dt_ms": 0.0,
      "angular_velocity_timestamp_us": 26680000,
      "angular_velocity_topic": "vehicle_angular_velocity_groundtruth",
      "attitude_dt_ms": 0.0,
      "attitude_timestamp_us": 26680000,
      "attitude_topic": "vehicle_attitude_groundtruth",
      "local_position_dt_ms": 0.0,
      "local_position_timestamp_us": 26680000,
      "local_position_topic": "vehicle_local_position_groundtruth",
      "pitch_deg": 7.114319141374407,
      "pitch_rate_abs_rad_s": 0.7137154340744019,
      "position_ned_m": [
        -1.1266629695892334,
        -2.7085134983062744,
        -2.461761474609375
      ],
      "roll_deg": 34.642041129230535,
      "roll_pitch_abs_deg": 34.642041129230535,
      "roll_rate_abs_rad_s": 0.16675803065299988,
      "switch_us": 26680000,
      "velocity_ned_m_s": [
        -2.79758358001709,
        1.6672149896621704,
        0.06348630040884018
      ],
      "velocity_norm_m_s": 3.257316413748451,
      "yaw_rate_abs_rad_s": 0.2519517242908478
    },
    "first_loss_us": 27900000,
    "loss_dt_s": 1.1,
    "loss_reason": "rate>8",
    "mcnn_value_selfcheck": {
      "actuator_samples": 15325,
      "all_allocator_signature_residuals": 1409,
      "exact_neural_value_matches": 13741,
      "no_simultaneous_neural_timestamp_allocator_signature_residuals": 447,
      "simultaneous_neural_timestamp_nonmatches_with_allocator_signature": 962,
      "with_simultaneous_neural_control_timestamp": 14703
    },
    "nav23_duration_s": 63.552,
    "nav23_end_us": 90352000,
    "nav23_start_us": 26800000,
    "output_rate_hz": 238.26158106747232,
    "output_total_counts": {
      "allocator_value_residual": 1257,
      "neural_value": 13710,
      "unknown": 175
    },
    "severity": {
      "controlled": false,
      "evidence": {
        "active_motor_nonfinite": {
          "first_nonfinite": null,
          "nan_count": 0,
          "neginf_count": 0,
          "nonfinite_count": 0,
          "posinf_count": 0,
          "samples": 15332
        },
        "active_motor_saturation_count": 25331,
        "active_motor_saturation_ratio": 0.41304135142186277,
        "analysis_start_us": 26800000,
        "angular_velocity_topic": "vehicle_angular_velocity_groundtruth",
        "attitude_quaternion_finite": true,
        "attitude_topic": "vehicle_attitude_groundtruth",
        "console": {
          "fault": false,
          "matches": [],
          "px4_timeout_rc": false
        },
        "controller": "mcnn",
        "controller_active_us": 26800000,
        "final_error_to_hover_m": 5.090806762516639,
        "last_angular_rate_norm_rad_s": 8.960829269001653,
        "last_pitch_deg": -15.866991564411139,
        "last_position_ned_m": [
          -4.376161575317383,
          0.7140562534332275,
          0.001129150390625
        ],
        "last_roll_deg": 44.33364140153856,
        "last_window_angular_rate_max_rad_s": 11.129353587390206,
        "last_window_roll_pitch_max_deg": 179.91550011669767,
        "local_position_topic": "vehicle_local_position_groundtruth",
        "mission_end_reached": true,
        "mission_end_us": 90380000,
        "mode_confirmed": true,
        "network_output_nonfinite": {
          "first_nonfinite": null,
          "nan_count": 0,
          "neginf_count": 0,
          "nonfinite_count": 0,
          "posinf_count": 0,
          "samples": 14714
        },
        "neural_control_samples": 14714,
        "observation_nonfinite": {
          "first_nonfinite": null,
          "nan_count": 0,
          "neginf_count": 0,
          "nonfinite_count": 0,
          "posinf_count": 0,
          "samples": 14714
        },
        "post_switch_angular_rate_max_rad_s": 21.520076774505466,
        "post_switch_disarmed": false,
        "post_switch_error_to_hover_max_m": 6.509199609600074,
        "post_switch_failsafe": false,
        "post_switch_hover_ned": [
          0.0,
          0.0,
          -2.5
        ],
        "post_switch_min_altitude_agl_m": -0.025421142578125,
        "post_switch_nav_states": [
          14,
          23
        ],
        "post_switch_roll_pitch_max_deg": 179.99860671206542,
        "switch_us": 26680000,
        "task_exit_code": 0
      },
      "reasons": [
        "angular_rate_loss_of_control",
        "attitude_tumble_over_90deg"
      ],
      "severity": 3,
      "severity_label": "S3_uncontrolled_tumble_or_loc",
      "thresholds": {
        "method_a_rate_tolerance_rad_s": 0.45,
        "method_a_roll_pitch_tolerance_deg": 8.0,
        "s0_angular_rate_rad_s": 1.0,
        "s0_final_error_m": 1.5,
        "s0_last_window_s": 2.0,
        "s0_min_altitude_agl_m": 1.0,
        "s0_roll_pitch_deg": 40.0,
        "s2_ground_contact_agl_m": 0.25,
        "s3_angular_rate_rad_s": 8.0,
        "s3_roll_pitch_deg": 90.0
      },
      "uncontrolled": true
    },
    "state_trigger": {
      "event": {
        "detail": {
          "controller_switch_s": 18.3872,
          "state": {
            "angular_rate_norm_rad_s": 0.7750339560279988,
            "angular_rate_xyz_rad_s": [
              0.16675803065299988,
              -0.7137154340744019,
              0.2519517242908478
            ],
            "angular_velocity_timestamp_us": 1783857663290431,
            "attitude_timestamp_us": 1783857663290431,
            "elapsed_s": 18.2972,
            "pitch_deg": 7.114319141374407,
            "pitch_rate_abs_rad_s": 0.7137154340744019,
            "roll_deg": 34.642041129230535,
            "roll_pitch_abs_deg": 34.642041129230535,
            "roll_rate_abs_rad_s": 0.16675803065299988,
            "timestamp_us": 1783857663290431,
            "yaw_deg": -9.9062481336465,
            "yaw_rate_abs_rad_s": 0.2519517242908478
          },
          "trigger": {
            "angular_rate_norm_max_rad_s": 1.3278,
            "angular_rate_norm_min_rad_s": 0.6278,
            "deadline_s": 54.0,
            "enabled": true,
            "max_topic_age_s": 0.25,
            "method": "SIH groundtruth threshold crossing",
            "roll_pitch_abs_max_deg": 42.5,
            "roll_pitch_abs_min_deg": 34.5,
            "start_s": 18.0,
            "switch_delay_s": 0.09
          }
        },
        "elapsed_s": 18.2972,
        "name": "state_trigger",
        "timestamp_us": 1783857663290431
      },
      "fired": true,
      "match": {
        "angular_rate_error_norm_rad_s": 0.0,
        "matched": true,
        "pitch_error_deg": 0.0,
        "roll_error_deg": 0.0,
        "score": 0.0,
        "switch_us": 26680000
      },
      "task_exit_code": 0
    },
    "task": "tier05_fork_20260712T090728Z/stage3_adaptive_dense_21_40/evals/dense_low_modal_H_rep39_switch_severity_dense_sweep_20260630_wind_m_s_0_s2026062942/mcnn_gate3_switch_severity_dense_sweep_20260630_wind_m_s_0_s2026062942_mcnn_task.json",