{
  "airframe": {
    "model": "sihsim_x500_v2",
    "sim": "sih",
    "sys_autostart": 10046
  },
  "description": "M2 MAP-Elites generated theta; M1 differential runner is the evaluator.",
  "divergence_thresholds": {
    "position_divergence_m": 1.0
  },
  "environment": {
    "inertia_pitch_scale": 0.9405,
    "inertia_roll_scale": 0.9554,
    "inertia_yaw_scale": 1.8257,
    "mass_scale": 0.9672,
    "sih_wind_e": 1.5685,
    "sih_wind_n": 4.5166,
    "thrust_scale_effective": 0.9024,
    "thrust_tau_s": 0.0735,
    "torque_scale": 1.2917
  },
  "faults": [],
  "m2": {
    "feature_bin": "A_wind:high",
    "feature_family": "A_wind",
    "feature_severity": 0.7968578573825903,
    "generator": "scripts/m2_map_elites.py",
    "genome": {
      "angular_damper_scale": 0.7975251795597589,
      "cross_xy": -0.011643250940540334,
      "cross_xz": 0.035029503655662306,
      "cross_yz": 0.05189965606397988,
      "drag_scale": 1.2056463730116433,
      "family_hint": "A_wind",
      "inertia_pitch_scale": 0.940541428675737,
      "inertia_roll_scale": 0.9553587053143645,
      "inertia_yaw_scale": 1.8256566600254431,
      "mass_scale": 0.9671800762519762,
      "pitch_arm_scale": 1.1014076788975216,
      "roll_arm_scale": 0.990364146968334,
      "setpoint_axis": "x",
      "setpoint_rate_hz": 75.0,
      "setpoint_type": "step",
      "sine_amplitude_m": 0.1689288106640352,
      "sine_frequency_hz": 4.63857763418084,
      "step_m": 0.12189204923198327,
      "switch_s": 18.229945207217817,
      "thrust_scale": 0.902359304349692,
      "thrust_tau_s": 0.07354178423555671,
      "torque_scale": 1.2916922483448867,
      "wind_e": 1.5684698694269308,
      "wind_n": 4.51655513462476
    },
    "safety_config": "config/m2_safety_envelope.json"
  },
  "px4_params": {
    "CA_FAILURE_MODE": 1,
    "COM_DISARM_LAND": -1,
    "COM_OF_LOSS_T": 5.0,
    "COM_RCL_EXCEPT": 8,
    "COM_RC_IN_MODE": 4,
    "IMU_GYRO_RATEMAX": 400,
    "MC_RAPTOR_ENABLE": 1,
    "MC_RAPTOR_INTREF": 0,
    "MC_RAPTOR_OFFB": 0,
    "MPC_THR_HOVER": 0.61478681,
    "NAV_DLL_ACT": 0,
    "SIH_IXX": 0.02002012,
    "SIH_IXY": -0.00023128,
    "SIH_IXZ": 0.00131723,
    "SIH_IYY": 0.01970961,
    "SIH_IYZ": 0.00193641,
    "SIH_IZZ": 0.07062955,
    "SIH_KDV": 1.20564637,
    "SIH_KDW": 0.01993813,
    "SIH_L_PITCH": 0.143183,
    "SIH_L_ROLL": 0.20797647,
    "SIH_MASS": 1.93436015,
    "SIH_Q_MAX": 0.17667379,
    "SIH_T_MAX": 7.7138907,
    "SIH_T_TAU": 0.07354178,
    "SIH_WIND_E": 1.56846987,
    "SIH_WIND_N": 4.51655513,
    "SYS_FAILURE_EN": 1
  },
  "seed": 20260625,
  "sensor_perturbations": [],
  "setpoint": {
    "hover_ned": [
      0.0,
      0.0,
      -2.5
    ],
    "rate_hz": 75.0,
    "sine": {
      "amplitude_m": 0.1689,
      "axis": "x",
      "frequency_hz": 4.6386
    },
    "step": {
      "delta_ned": [
        0.1219,
        0.0,
        0.0
      ]
    },
    "type": "step",
    "yaw_rad": 0.0
  },
  "tag": "m2_smoke1x_20260624_e0000",
  "timing": {
    "controller_switch_s": 18.23,
    "mission_end_s": 38.23,
    "mode_command_repeat_s": 0.5,
    "mode_command_timeout_s": 6.0,
    "trajectory_start_s": 22.23
  }
}
