{
  "analysis": {
    "actuator_rate_hz": 241.27534000513216,
    "actuator_total_counts": {
      "allocator_value_residual": 1259,
      "neural_value": 13628,
      "unknown": 157
    },
    "allocator_fraction_critical_actuator": {
      "count": 8,
      "fraction": 0.047337278106508875,
      "total": 169
    },
    "allocator_fraction_critical_output": {
      "count": 5,
      "fraction": 0.030120481927710843,
      "total": 166
    },
    "allocator_fraction_full_actuator": {
      "count": 1259,
      "fraction": 0.08368784897633608,
      "total": 15044
    },
    "allocator_fraction_full_output": {
      "count": 1153,
      "fraction": 0.07742931972332281,
      "total": 14891
    },
    "exact_switch_state": {
      "angular_rate_norm_rad_s": 2.6521003888220744,
      "angular_rate_xyz_rad_s": [
        1.472411036491394,
        -1.8918569087982178,
        1.1342484951019287
      ],
      "angular_velocity_dt_ms": 0.0,
      "angular_velocity_timestamp_us": 27896000,
      "angular_velocity_topic": "vehicle_angular_velocity_groundtruth",
      "attitude_dt_ms": 0.0,
      "attitude_timestamp_us": 27896000,
      "attitude_topic": "vehicle_attitude_groundtruth",
      "local_position_dt_ms": 0.0,
      "local_position_timestamp_us": 27896000,
      "local_position_topic": "vehicle_local_position_groundtruth",
      "pitch_deg": 24.84949649780938,
      "pitch_rate_abs_rad_s": 1.8918569087982178,
      "position_ned_m": [
        -8.899478912353516,
        -4.58702278137207,
        -2.154052734375
      ],
      "roll_deg": 48.33174514754191,
      "roll_pitch_abs_deg": 48.33174514754191,
      "roll_rate_abs_rad_s": 1.472411036491394,
      "switch_us": 27896000,
      "velocity_ned_m_s": [
        -6.279391288757324,
        -1.0508971214294434,
        -0.05565256625413895
      ],
      "velocity_norm_m_s": 6.366964498509532,
      "yaw_rate_abs_rad_s": 1.1342484951019287
    },
    "first_loss_us": 28616000,
    "loss_dt_s": 0.696,
    "loss_reason": "tilt>90",
    "mcnn_value_selfcheck": {
      "actuator_samples": 15044,
      "all_allocator_signature_residuals": 1259,
      "exact_neural_value_matches": 13628,
      "no_simultaneous_neural_timestamp_allocator_signature_residuals": 402,
      "simultaneous_neural_timestamp_nonmatches_with_allocator_signature": 857,
      "with_simultaneous_neural_control_timestamp": 14485
    },
    "nav23_duration_s": 62.352,
    "nav23_end_us": 90272000,
    "nav23_start_us": 27920000,
    "output_rate_hz": 238.82152938157557,
    "output_total_counts": {
      "allocator_value_residual": 1153,
      "neural_value": 13585,
      "unknown": 153
    },
    "severity": {
      "controlled": false,
      "evidence": {
        "active_motor_nonfinite": {
          "first_nonfinite": null,
          "nan_count": 0,
          "neginf_count": 0,
          "nonfinite_count": 0,
          "posinf_count": 0,
          "samples": 15071
        },
        "active_motor_saturation_count": 54398,
        "active_motor_saturation_ratio": 0.9023621524782696,
        "analysis_start_us": 27920000,
        "angular_velocity_topic": "vehicle_angular_velocity_groundtruth",
        "attitude_quaternion_finite": true,
        "attitude_topic": "vehicle_attitude_groundtruth",
        "console": {
          "fault": false,
          "matches": [],
          "px4_timeout_rc": false
        },
        "controller": "mcnn",
        "controller_active_us": 27920000,
        "final_error_to_hover_m": 14.051847645142981,
        "last_angular_rate_norm_rad_s": 16.831938991529295,
        "last_pitch_deg": -51.70731491751322,
        "last_position_ned_m": [
          -13.368289947509766,
          -3.52791166305542,
          0.0093994140625
        ],
        "last_roll_deg": 85.09332782381708,
        "last_window_angular_rate_max_rad_s": 19.762350675674725,
        "last_window_roll_pitch_max_deg": 179.54901090336378,
        "local_position_topic": "vehicle_local_position_groundtruth",
        "mission_end_reached": true,
        "mission_end_us": 90380000,
        "mode_confirmed": true,
        "network_output_nonfinite": {
          "first_nonfinite": null,
          "nan_count": 0,
          "neginf_count": 0,
          "nonfinite_count": 0,
          "posinf_count": 0,
          "samples": 14520
        },
        "neural_control_samples": 14520,
        "observation_nonfinite": {
          "first_nonfinite": null,
          "nan_count": 0,
          "neginf_count": 0,
          "nonfinite_count": 0,
          "posinf_count": 0,
          "samples": 14520
        },
        "post_switch_angular_rate_max_rad_s": 23.670439030173107,
        "post_switch_disarmed": false,
        "post_switch_error_to_hover_max_m": 14.051996810223079,
        "post_switch_failsafe": false,
        "post_switch_hover_ned": [
          0.0,
          0.0,
          -2.5
        ],
        "post_switch_min_altitude_agl_m": -0.031951904296875,
        "post_switch_nav_states": [
          14,
          23
        ],
        "post_switch_roll_pitch_max_deg": 179.97304331903865,
        "switch_us": 27896000,
        "task_exit_code": 0
      },
      "reasons": [
        "angular_rate_loss_of_control",
        "attitude_tumble_over_90deg"
      ],
      "severity": 3,
      "severity_label": "S3_uncontrolled_tumble_or_loc",
      "thresholds": {
        "method_a_rate_tolerance_rad_s": 0.45,
        "method_a_roll_pitch_tolerance_deg": 8.0,
        "s0_angular_rate_rad_s": 1.0,
        "s0_final_error_m": 1.5,
        "s0_last_window_s": 2.0,
        "s0_min_altitude_agl_m": 1.0,
        "s0_roll_pitch_deg": 40.0,
        "s2_ground_contact_agl_m": 0.25,
        "s3_angular_rate_rad_s": 8.0,
        "s3_roll_pitch_deg": 90.0
      },
      "uncontrolled": true
    },
    "state_trigger": {
      "event": {
        "detail": {
          "controller_switch_s": 19.531798,
          "state": {
            "angular_rate_norm_rad_s": 2.6521003888220744,
            "angular_rate_xyz_rad_s": [
              1.472411036491394,
              -1.8918569087982178,
              1.1342484951019287
            ],
            "angular_velocity_timestamp_us": 1783850754028059,
            "attitude_timestamp_us": 1783850754028059,
            "elapsed_s": 19.531798,
            "pitch_deg": 24.84949649780938,
            "pitch_rate_abs_rad_s": 1.8918569087982178,
            "roll_deg": 48.33174514754191,
            "roll_pitch_abs_deg": 48.33174514754191,
            "roll_rate_abs_rad_s": 1.472411036491394,
            "timestamp_us": 1783850754028059,
            "yaw_deg": -10.925237220198527,
            "yaw_rate_abs_rad_s": 1.1342484951019287
          },
          "trigger": {
            "angular_rate_norm_max_rad_s": 2.9,
            "angular_rate_norm_min_rad_s": 2.45,
            "deadline_s": 54.0,
            "enabled": true,
            "max_topic_age_s": 0.25,
            "method": "SIH groundtruth threshold crossing",
            "roll_pitch_abs_max_deg": 62.0,
            "roll_pitch_abs_min_deg": 48.0,
            "start_s": 18.0
          }
        },
        "elapsed_s": 19.531798,
        "name": "state_trigger",
        "timestamp_us": 1783850754028059
      },
      "fired": true,
      "match": {
        "angular_rate_error_norm_rad_s": 0.0,
        "matched": true,
        "pitch_error_deg": 0.0,
        "roll_error_deg": 6.3611093629270335e-15,
        "score": 6.3611093629270335e-15,
        "switch_us": 27896000
      },
      "task_exit_code": 0
    },
    "task": "tier05_fork_20260712T090728Z/stage2_gate_a/evals/pair1_A_rep04_route_a_addendum3_diag_20260629_rp48_62_rate2p45_2p90_w6_r6_f045_s20262001/mcnn_gate3_route_a_addendum3_diag_20260629_rp48_62_rate2p45_2p90_w6_r6_f045_s20262001_mcnn_task.json",