{
  "analysis": {
    "actuator_rate_hz": 229.6628859483302,
    "actuator_total_counts": {
      "allocator_value_residual": 964,
      "neural_value": 13428,
      "unknown": 187
    },
    "allocator_fraction_critical_actuator": {
      "count": 6,
      "fraction": 0.048,
      "total": 125
    },
    "allocator_fraction_critical_output": {
      "count": 5,
      "fraction": 0.04032258064516129,
      "total": 124
    },
    "allocator_fraction_full_actuator": {
      "count": 964,
      "fraction": 0.06612250497290624,
      "total": 14579
    },
    "allocator_fraction_full_output": {
      "count": 831,
      "fraction": 0.05707025616372502,
      "total": 14561
    },
    "exact_switch_state": {
      "angular_rate_norm_rad_s": 2.6669432531951704,
      "angular_rate_xyz_rad_s": [
        1.5068483352661133,
        -1.8713403940200806,
        1.1576180458068848
      ],
      "angular_velocity_dt_ms": 0.0,
      "angular_velocity_timestamp_us": 26900000,
      "angular_velocity_topic": "vehicle_angular_velocity_groundtruth",
      "attitude_dt_ms": 0.0,
      "attitude_timestamp_us": 26900000,
      "attitude_topic": "vehicle_attitude_groundtruth",
      "local_position_dt_ms": 0.0,
      "local_position_timestamp_us": 26900000,
      "local_position_topic": "vehicle_local_position_groundtruth",
      "pitch_deg": 27.29712636750458,
      "pitch_rate_abs_rad_s": 1.8713403940200806,
      "position_ned_m": [
        -9.922256469726562,
        -4.72733211517334,
        -2.560699462890625
      ],
      "roll_deg": 48.44482545537443,
      "roll_pitch_abs_deg": 48.44482545537443,
      "roll_rate_abs_rad_s": 1.5068483352661133,
      "switch_us": 26900000,
      "velocity_ned_m_s": [
        -6.545831203460693,
        -0.703205943107605,
        -0.2748202085494995
      ],
      "velocity_norm_m_s": 6.589228398655544,
      "yaw_rate_abs_rad_s": 1.1576180458068848
    },
    "first_loss_us": 27456000,
    "loss_dt_s": 0.528,
    "loss_reason": "tilt>90",
    "mcnn_value_selfcheck": {
      "actuator_samples": 14579,
      "all_allocator_signature_residuals": 964,
      "exact_neural_value_matches": 13428,
      "no_simultaneous_neural_timestamp_allocator_signature_residuals": 351,
      "simultaneous_neural_timestamp_nonmatches_with_allocator_signature": 613,
      "with_simultaneous_neural_control_timestamp": 14041
    },
    "nav23_duration_s": 63.48,
    "nav23_end_us": 90408000,
    "nav23_start_us": 26928000,
    "output_rate_hz": 229.3793320730939,
    "output_total_counts": {
      "allocator_value_residual": 831,
      "neural_value": 13546,
      "unknown": 184
    },
    "severity": {
      "controlled": false,
      "evidence": {
        "active_motor_nonfinite": {
          "first_nonfinite": null,
          "nan_count": 0,
          "neginf_count": 0,
          "nonfinite_count": 0,
          "posinf_count": 0,
          "samples": 14601
        },
        "active_motor_saturation_count": 57326,
        "active_motor_saturation_ratio": 0.9815423601123211,
        "analysis_start_us": 26928000,
        "angular_velocity_topic": "vehicle_angular_velocity_groundtruth",
        "attitude_quaternion_finite": true,
        "attitude_topic": "vehicle_attitude_groundtruth",
        "console": {
          "fault": false,
          "matches": [],
          "px4_timeout_rc": false
        },
        "controller": "mcnn",
        "controller_active_us": 26928000,
        "final_error_to_hover_m": 15.758521630910735,
        "last_angular_rate_norm_rad_s": 22.13084868631913,
        "last_pitch_deg": 68.65848646324575,
        "last_position_ned_m": [
          -15.244771003723145,
          -3.0968332290649414,
          0.0174560546875
        ],
        "last_roll_deg": 92.40072392717758,
        "last_window_angular_rate_max_rad_s": 22.38398297156098,
        "last_window_roll_pitch_max_deg": 111.76302657530208,
        "local_position_topic": "vehicle_local_position_groundtruth",
        "mission_end_reached": true,
        "mission_end_us": 90496000,
        "mode_confirmed": true,
        "network_output_nonfinite": {
          "first_nonfinite": null,
          "nan_count": 0,
          "neginf_count": 0,
          "nonfinite_count": 0,
          "posinf_count": 0,
          "samples": 14085
        },
        "neural_control_samples": 14085,
        "observation_nonfinite": {
          "first_nonfinite": null,
          "nan_count": 0,
          "neginf_count": 0,
          "nonfinite_count": 0,
          "posinf_count": 0,
          "samples": 14085
        },
        "post_switch_angular_rate_max_rad_s": 24.79030560114444,
        "post_switch_disarmed": false,
        "post_switch_error_to_hover_max_m": 15.75852167776428,
        "post_switch_failsafe": false,
        "post_switch_hover_ned": [
          0.0,
          0.0,
          -2.5
        ],
        "post_switch_min_altitude_agl_m": -0.017486572265625,
        "post_switch_nav_states": [
          14,
          23
        ],
        "post_switch_roll_pitch_max_deg": 179.9947819735817,
        "switch_us": 26900000,
        "task_exit_code": 0
      },
      "reasons": [
        "angular_rate_loss_of_control",
        "attitude_tumble_over_90deg"
      ],
      "severity": 3,
      "severity_label": "S3_uncontrolled_tumble_or_loc",
      "thresholds": {
        "method_a_rate_tolerance_rad_s": 0.45,
        "method_a_roll_pitch_tolerance_deg": 8.0,
        "s0_angular_rate_rad_s": 1.0,
        "s0_final_error_m": 1.5,
        "s0_last_window_s": 2.0,
        "s0_min_altitude_agl_m": 1.0,
        "s0_roll_pitch_deg": 40.0,
        "s2_ground_contact_agl_m": 0.25,
        "s3_angular_rate_rad_s": 8.0,
        "s3_roll_pitch_deg": 90.0
      },
      "uncontrolled": true
    },
    "state_trigger": {
      "event": {
        "detail": {
          "controller_switch_s": 19.522655,
          "state": {
            "angular_rate_norm_rad_s": 2.6669432531951704,
            "angular_rate_xyz_rad_s": [
              1.5068483352661133,
              -1.8713403940200806,
              1.1576180458068848
            ],
            "angular_velocity_timestamp_us": 1783848890391640,
            "attitude_timestamp_us": 1783848890391640,
            "elapsed_s": 19.522655,
            "pitch_deg": 27.29712636750458,
            "pitch_rate_abs_rad_s": 1.8713403940200806,
            "roll_deg": 48.44482545537443,
            "roll_pitch_abs_deg": 48.44482545537443,
            "roll_rate_abs_rad_s": 1.5068483352661133,
            "timestamp_us": 1783848890391640,
            "yaw_deg": -11.748374748656095,
            "yaw_rate_abs_rad_s": 1.1576180458068848
          },
          "trigger": {
            "angular_rate_norm_max_rad_s": 2.9,
            "angular_rate_norm_min_rad_s": 2.45,
            "deadline_s": 54.0,
            "enabled": true,
            "max_topic_age_s": 0.25,
            "method": "SIH groundtruth threshold crossing",
            "roll_pitch_abs_max_deg": 62.0,
            "roll_pitch_abs_min_deg": 48.0,
            "start_s": 18.0
          }
        },
        "elapsed_s": 19.522655,
        "name": "state_trigger",
        "timestamp_us": 1783848890391640
      },
      "fired": true,
      "match": {
        "angular_rate_error_norm_rad_s": 0.0,
        "matched": true,
        "pitch_error_deg": 0.0,
        "roll_error_deg": 0.0,
        "score": 0.0,
        "switch_us": 26900000
      },
      "task_exit_code": 0
    },
    "task": "tier05_fork_20260712T090728Z/stage0_legacy/evals/pair1_A_rep09_route_a_addendum3_diag_20260629_rp48_62_rate2p45_2p90_w6_r6_f045_s20262001/mcnn_gate3_route_a_addendum3_diag_20260629_rp48_62_rate2p45_2p90_w6_r6_f045_s20262001_mcnn_task.json",
    "ulog": "tier05_fork_20260712T090728Z/stage0_legacy/evals/pair1_A_rep09_route_a_addendum3_diag_20260629_rp48_62_rate2p45_2p90_w6_r6_f045_s20262001/mcnn_gate3_route_a_addendum3_diag_20260629_rp48_62_rate2p45_2p90_w6_r6_f045_s20262001_mcnn.ulg"
  },
  "arm": "A",