{
  "analysis": {
    "actuator_rate_hz": 231.41347764463342,
    "actuator_total_counts": {
      "allocator_value_residual": 1014,
      "neural_value": 13194,
      "unknown": 160
    },
    "allocator_fraction_critical_actuator": {
      "count": 8,
      "fraction": 0.08333333333333333,
      "total": 96
    },
    "allocator_fraction_critical_output": {
      "count": 7,
      "fraction": 0.07291666666666667,
      "total": 96
    },
    "allocator_fraction_full_actuator": {
      "count": 1014,
      "fraction": 0.07057349665924276,
      "total": 14368
    },
    "allocator_fraction_full_output": {
      "count": 891,
      "fraction": 0.06222067039106145,
      "total": 14320
    },
    "exact_switch_state": {
      "angular_rate_norm_rad_s": 1.9112363677058581,
      "angular_rate_xyz_rad_s": [
        -0.9684947729110718,
        -0.9612208008766174,
        1.3382439613342285
      ],
      "angular_velocity_dt_ms": 0.0,
      "angular_velocity_timestamp_us": 27928000,
      "angular_velocity_topic": "vehicle_angular_velocity_groundtruth",
      "attitude_dt_ms": 0.0,
      "attitude_timestamp_us": 27928000,
      "attitude_topic": "vehicle_attitude_groundtruth",
      "local_position_dt_ms": 0.0,
      "local_position_timestamp_us": 27928000,
      "local_position_topic": "vehicle_local_position_groundtruth",
      "pitch_deg": -39.27883065724264,
      "pitch_rate_abs_rad_s": 0.9612208008766174,
      "position_ned_m": [
        -4.897130012512207,
        -2.7613632678985596,
        -2.2176513671875
      ],
      "roll_deg": 32.601183673801124,
      "roll_pitch_abs_deg": 39.27883065724264,
      "roll_rate_abs_rad_s": 0.9684947729110718,
      "switch_us": 27928000,
      "velocity_ned_m_s": [
        -2.5246782302856445,
        4.161492347717285,
        -0.004882556851953268
      ],
      "velocity_norm_m_s": 4.867447232990737,
      "yaw_rate_abs_rad_s": 1.3382439613342285
    },
    "first_loss_us": 28348000,
    "loss_dt_s": 0.404,
    "loss_reason": "rate>8",
    "mcnn_value_selfcheck": {
      "actuator_samples": 14368,
      "all_allocator_signature_residuals": 1014,
      "exact_neural_value_matches": 13194,
      "no_simultaneous_neural_timestamp_allocator_signature_residuals": 388,
      "simultaneous_neural_timestamp_nonmatches_with_allocator_signature": 626,
      "with_simultaneous_neural_control_timestamp": 13820
    },
    "nav23_duration_s": 62.088,
    "nav23_end_us": 90032000,
    "nav23_start_us": 27944000,
    "output_rate_hz": 230.64038139415024,
    "output_total_counts": {
      "allocator_value_residual": 891,
      "neural_value": 13273,
      "unknown": 156
    },
    "severity": {
      "controlled": false,
      "evidence": {
        "active_motor_nonfinite": {
          "first_nonfinite": null,
          "nan_count": 0,
          "neginf_count": 0,
          "nonfinite_count": 0,
          "posinf_count": 0,
          "samples": 14472
        },
        "active_motor_saturation_count": 39561,
        "active_motor_saturation_ratio": 0.6834058872305141,
        "analysis_start_us": 27944000,
        "angular_velocity_topic": "vehicle_angular_velocity_groundtruth",
        "attitude_quaternion_finite": true,
        "attitude_topic": "vehicle_attitude_groundtruth",
        "console": {
          "fault": false,
          "matches": [],
          "px4_timeout_rc": false
        },
        "controller": "mcnn",
        "controller_active_us": 27944000,
        "final_error_to_hover_m": 7.888188469257403,
        "last_angular_rate_norm_rad_s": 22.392080622706196,
        "last_pitch_deg": -19.167379787670118,
        "last_position_ned_m": [
          -7.425305366516113,
          0.9115253686904907,
          0.001495361328125
        ],
        "last_roll_deg": -119.96836835610313,
        "last_window_angular_rate_max_rad_s": 23.372516572922553,
        "last_window_roll_pitch_max_deg": 179.8669873280385,
        "local_position_topic": "vehicle_local_position_groundtruth",
        "mission_end_reached": true,
        "mission_end_us": 90464000,
        "mode_confirmed": true,
        "network_output_nonfinite": {
          "first_nonfinite": null,
          "nan_count": 0,
          "neginf_count": 0,
          "nonfinite_count": 0,
          "posinf_count": 0,
          "samples": 13942
        },
        "neural_control_samples": 13942,
        "observation_nonfinite": {
          "first_nonfinite": null,
          "nan_count": 0,
          "neginf_count": 0,
          "nonfinite_count": 0,
          "posinf_count": 0,
          "samples": 13942
        },
        "post_switch_angular_rate_max_rad_s": 24.304868109163557,
        "post_switch_disarmed": false,
        "post_switch_error_to_hover_max_m": 7.888188517471021,
        "post_switch_failsafe": false,
        "post_switch_hover_ned": [
          0.0,
          0.0,
          -2.5
        ],
        "post_switch_min_altitude_agl_m": -0.01849365234375,
        "post_switch_nav_states": [
          14,
          23
        ],
        "post_switch_roll_pitch_max_deg": 179.99712622956147,
        "switch_us": 27928000,
        "task_exit_code": 0
      },
      "reasons": [
        "angular_rate_loss_of_control",
        "attitude_tumble_over_90deg"
      ],
      "severity": 3,
      "severity_label": "S3_uncontrolled_tumble_or_loc",
      "thresholds": {
        "method_a_rate_tolerance_rad_s": 0.45,
        "method_a_roll_pitch_tolerance_deg": 8.0,
        "s0_angular_rate_rad_s": 1.0,
        "s0_final_error_m": 1.5,
        "s0_last_window_s": 2.0,
        "s0_min_altitude_agl_m": 1.0,
        "s0_roll_pitch_deg": 40.0,
        "s2_ground_contact_agl_m": 0.25,
        "s3_angular_rate_rad_s": 8.0,
        "s3_roll_pitch_deg": 90.0
      },
      "uncontrolled": true
    },
    "state_trigger": {
      "event": {
        "detail": {
          "controller_switch_s": 18.017658,
          "state": {
            "angular_rate_norm_rad_s": 1.9112363677058581,
            "angular_rate_xyz_rad_s": [
              -0.9684947729110718,
              -0.9612208008766174,
              1.3382439613342285
            ],
            "angular_velocity_timestamp_us": 1783849179505932,
            "attitude_timestamp_us": 1783849179505932,
            "elapsed_s": 18.017658,
            "pitch_deg": -39.27883065724264,
            "pitch_rate_abs_rad_s": 0.9612208008766174,
            "roll_deg": 32.601183673801124,
            "roll_pitch_abs_deg": 39.27883065724264,
            "roll_rate_abs_rad_s": 0.9684947729110718,
            "timestamp_us": 1783849179505932,
            "yaw_deg": -11.659393951253719,
            "yaw_rate_abs_rad_s": 1.3382439613342285
          },
          "trigger": {
            "angular_rate_norm_max_rad_s": 2.15,
            "angular_rate_norm_min_rad_s": 1.55,
            "deadline_s": 54.0,
            "enabled": true,
            "max_topic_age_s": 0.25,
            "method": "SIH groundtruth threshold crossing",
            "roll_pitch_abs_max_deg": 44.0,
            "roll_pitch_abs_min_deg": 36.0,
            "start_s": 18.0
          }
        },
        "elapsed_s": 18.017658,
        "name": "state_trigger",
        "timestamp_us": 1783849179505932
      },
      "fired": true,
      "match": {
        "angular_rate_error_norm_rad_s": 0.0,
        "matched": true,
        "pitch_error_deg": 0.0,
        "roll_error_deg": 0.0,
        "score": 0.0,
        "switch_us": 27928000
      },
      "task_exit_code": 0
    },
    "task": "tier05_fork_20260712T090728Z/stage1_smoke_hardened/evals/pair4_A_rep01_route_a_addendum3_diag_20260629_rp36_44_rate1p55_2p15_w3_r4_f038_s20261902/mcnn_gate3_route_a_addendum3_diag_20260629_rp36_44_rate1p55_2p15_w3_r4_f038_s20261902_mcnn_task.json",