{
  "analysis": {
    "actuator_rate_hz": 230.19159456118666,
    "actuator_total_counts": {
      "allocator_value_residual": 966,
      "neural_value": 13672,
      "unknown": 260
    },
    "allocator_fraction_critical_actuator": {
      "count": 2,
      "fraction": 0.05128205128205128,
      "total": 39
    },
    "allocator_fraction_critical_output": {
      "count": 2,
      "fraction": 0.05,
      "total": 40
    },
    "allocator_fraction_full_actuator": {
      "count": 966,
      "fraction": 0.0648409182440596,
      "total": 14898
    },
    "allocator_fraction_full_output": {
      "count": 855,
      "fraction": 0.05748672090365091,
      "total": 14873
    },
    "exact_switch_state": {
      "angular_rate_norm_rad_s": 1.9450960200768446,
      "angular_rate_xyz_rad_s": [
        -0.8756369352340698,
        -1.1367099285125732,
        1.3132208585739136
      ],
      "angular_velocity_dt_ms": 0.0,
      "angular_velocity_timestamp_us": 25376000,
      "angular_velocity_topic": "vehicle_angular_velocity_groundtruth",
      "attitude_dt_ms": 0.0,
      "attitude_timestamp_us": 25376000,
      "attitude_topic": "vehicle_attitude_groundtruth",
      "local_position_dt_ms": 0.0,
      "local_position_timestamp_us": 25376000,
      "local_position_topic": "vehicle_local_position_groundtruth",
      "pitch_deg": -38.137484789764486,
      "pitch_rate_abs_rad_s": 1.1367099285125732,
      "position_ned_m": [
        -5.085948467254639,
        -2.3032889366149902,
        -2.206634521484375
      ],
      "roll_deg": 31.819161217234573,
      "roll_pitch_abs_deg": 38.137484789764486,
      "roll_rate_abs_rad_s": 0.8756369352340698,
      "switch_us": 25376000,
      "velocity_ned_m_s": [
        -2.8655757904052734,
        4.099393844604492,
        -0.2306075394153595
      ],
      "velocity_norm_m_s": 5.006968577989402,
      "yaw_rate_abs_rad_s": 1.3132208585739136
    },
    "first_loss_us": 25572000,
    "loss_dt_s": 0.164,
    "loss_reason": "rate>8",
    "mcnn_value_selfcheck": {
      "actuator_samples": 14898,
      "all_allocator_signature_residuals": 966,
      "exact_neural_value_matches": 13672,
      "no_simultaneous_neural_timestamp_allocator_signature_residuals": 390,
      "simultaneous_neural_timestamp_nonmatches_with_allocator_signature": 576,
      "with_simultaneous_neural_control_timestamp": 14248
    },
    "nav23_duration_s": 64.72,
    "nav23_end_us": 90128000,
    "nav23_start_us": 25408000,
    "output_rate_hz": 229.8053152039555,
    "output_total_counts": {
      "allocator_value_residual": 855,
      "neural_value": 13760,
      "unknown": 258
    },
    "severity": {
      "controlled": false,
      "evidence": {
        "active_motor_nonfinite": {
          "first_nonfinite": null,
          "nan_count": 0,
          "neginf_count": 0,
          "nonfinite_count": 0,
          "posinf_count": 0,
          "samples": 14978
        },
        "active_motor_saturation_count": 37629,
        "active_motor_saturation_ratio": 0.6280711710508746,
        "analysis_start_us": 25408000,
        "angular_velocity_topic": "vehicle_angular_velocity_groundtruth",
        "attitude_quaternion_finite": true,
        "attitude_topic": "vehicle_attitude_groundtruth",
        "console": {
          "fault": false,
          "matches": [],
          "px4_timeout_rc": false
        },
        "controller": "mcnn",
        "controller_active_us": 25408000,
        "final_error_to_hover_m": 7.818427678487063,
        "last_angular_rate_norm_rad_s": 4.319813992461539,
        "last_pitch_deg": 23.450083165798365,
        "last_position_ned_m": [
          -7.351613521575928,
          0.9092338681221008,
          0.0009765625
        ],
        "last_roll_deg": -50.793190216884675,
        "last_window_angular_rate_max_rad_s": 16.249927898424907,
        "last_window_roll_pitch_max_deg": 179.5655391248117,
        "local_position_topic": "vehicle_local_position_groundtruth",
        "mission_end_reached": true,
        "mission_end_us": 90464000,
        "mode_confirmed": true,
        "network_output_nonfinite": {
          "first_nonfinite": null,
          "nan_count": 0,
          "neginf_count": 0,
          "nonfinite_count": 0,
          "posinf_count": 0,
          "samples": 14349
        },
        "neural_control_samples": 14349,
        "observation_nonfinite": {
          "first_nonfinite": null,
          "nan_count": 0,
          "neginf_count": 0,
          "nonfinite_count": 0,
          "posinf_count": 0,
          "samples": 14349
        },
        "post_switch_angular_rate_max_rad_s": 24.61399667298165,
        "post_switch_disarmed": false,
        "post_switch_error_to_hover_max_m": 7.845064406687121,
        "post_switch_failsafe": false,
        "post_switch_hover_ned": [
          0.0,
          0.0,
          -2.5
        ],
        "post_switch_min_altitude_agl_m": -0.027923583984375,
        "post_switch_nav_states": [
          14,
          23
        ],
        "post_switch_roll_pitch_max_deg": 179.97476028278618,
        "switch_us": 25376000,
        "task_exit_code": 0
      },
      "reasons": [
        "angular_rate_loss_of_control",
        "attitude_tumble_over_90deg"
      ],
      "severity": 3,
      "severity_label": "S3_uncontrolled_tumble_or_loc",
      "thresholds": {
        "method_a_rate_tolerance_rad_s": 0.45,
        "method_a_roll_pitch_tolerance_deg": 8.0,
        "s0_angular_rate_rad_s": 1.0,
        "s0_final_error_m": 1.5,
        "s0_last_window_s": 2.0,
        "s0_min_altitude_agl_m": 1.0,
        "s0_roll_pitch_deg": 40.0,
        "s2_ground_contact_agl_m": 0.25,
        "s3_angular_rate_rad_s": 8.0,
        "s3_roll_pitch_deg": 90.0
      },
      "uncontrolled": true
    },
    "state_trigger": {
      "event": {
        "detail": {
          "controller_switch_s": 18.008368,
          "state": {
            "angular_rate_norm_rad_s": 1.9450960200768446,
            "angular_rate_xyz_rad_s": [
              -0.8756369352340698,
              -1.1367099285125732,
              1.3132208585739136
            ],
            "angular_velocity_timestamp_us": 1783847745215686,
            "attitude_timestamp_us": 1783847745215686,
            "elapsed_s": 18.008368,
            "pitch_deg": -38.137484789764486,
            "pitch_rate_abs_rad_s": 1.1367099285125732,
            "roll_deg": 31.819161217234573,
            "roll_pitch_abs_deg": 38.137484789764486,
            "roll_rate_abs_rad_s": 0.8756369352340698,
            "timestamp_us": 1783847745215686,
            "yaw_deg": -11.043207516947309,
            "yaw_rate_abs_rad_s": 1.3132208585739136
          },
          "trigger": {
            "angular_rate_norm_max_rad_s": 2.15,
            "angular_rate_norm_min_rad_s": 1.55,
            "deadline_s": 54.0,
            "enabled": true,
            "max_topic_age_s": 0.25,
            "method": "SIH groundtruth threshold crossing",
            "roll_pitch_abs_max_deg": 44.0,
            "roll_pitch_abs_min_deg": 36.0,
            "start_s": 18.0
          }
        },
        "elapsed_s": 18.008368,
        "name": "state_trigger",
        "timestamp_us": 1783847745215686
      },
      "fired": true,
      "match": {
        "angular_rate_error_norm_rad_s": 0.0,
        "matched": true,
        "pitch_error_deg": 0.0,
        "roll_error_deg": 0.0,
        "score": 0.0,
        "switch_us": 25376000
      },
      "task_exit_code": 0
    },
    "task": "tier05_fork_20260712T090728Z/stage0_legacy/evals/pair4_A_rep06_route_a_addendum3_diag_20260629_rp36_44_rate1p55_2p15_w3_r4_f038_s20261902/mcnn_gate3_route_a_addendum3_diag_20260629_rp36_44_rate1p55_2p15_w3_r4_f038_s20261902_mcnn_task.json",
    "ulog": "tier05_fork_20260712T090728Z/stage0_legacy/evals/pair4_A_rep06_route_a_addendum3_diag_20260629_rp36_44_rate1p55_2p15_w3_r4_f038_s20261902/mcnn_gate3_route_a_addendum3_diag_20260629_rp36_44_rate1p55_2p15_w3_r4_f038_s20261902_mcnn.ulg"
  },
  "arm": "A",