{
  "axes": {
    "approach_phase_rad": [
      0.0,
      0.7853981633974483,
      1.5707963267948966,
      2.356194490192345,
      3.141592653589793,
      3.9269908169872414,
      4.71238898038469,
      5.497787143782138
    ],
    "attitude_deg": [
      28.0,
      31.0,
      34.0,
      36.0,
      38.0,
      40.0,
      42.0,
      45.0,
      48.0
    ],
    "requested_rate_rad_s": [
      0.55,
      0.75,
      0.95,
      1.15,
      1.35,
      1.55,
      1.75,
      2.05,
      2.35
    ],
    "switch_delay_s": [
      0.0,
      0.03,
      0.06,
      0.09,
      0.12,
      0.15,
      0.18
    ],
    "wind_m_s": [
      0.0,
      1.0,
      2.0,
      3.0,
      4.0,
      5.0,
      6.0
    ]
  },
  "base": {
    "approach_phase_rad": 0.0,
    "requested_rate_rad_s": 1.15,
    "roll_pitch_deg": 38.5,
    "switch_delay_s": 0.09,
    "wind_speed_m_s": 0.0
  },
  "seeds": [
    2026062940,
    2026062941,
    2026062942
  ],
  "sim_speed_factor": 1.25,
  "sut": "raptor"
}
