{
  "analysis": {
    "actuator_rate_hz": 233.59972846210812,
    "actuator_total_counts": {
      "allocator_value_residual": 1034,
      "neural_value": 13821,
      "unknown": 286
    },
    "allocator_fraction_critical_actuator": {
      "count": 2,
      "fraction": 0.04,
      "total": 50
    },
    "allocator_fraction_critical_output": {
      "count": 2,
      "fraction": 0.04,
      "total": 50
    },
    "allocator_fraction_full_actuator": {
      "count": 1034,
      "fraction": 0.06829139422759395,
      "total": 15141
    },
    "allocator_fraction_full_output": {
      "count": 895,
      "fraction": 0.05946843853820598,
      "total": 15050
    },
    "exact_switch_state": {
      "angular_rate_norm_rad_s": 1.907958260820725,
      "angular_rate_xyz_rad_s": [
        -0.9041056036949158,
        -1.0445743799209595,
        1.3159643411636353
      ],
      "angular_velocity_dt_ms": 0.0,
      "angular_velocity_timestamp_us": 25228000,
      "angular_velocity_topic": "vehicle_angular_velocity_groundtruth",
      "attitude_dt_ms": 0.0,
      "attitude_timestamp_us": 25228000,
      "attitude_topic": "vehicle_attitude_groundtruth",
      "local_position_dt_ms": 0.0,
      "local_position_timestamp_us": 25228000,
      "local_position_topic": "vehicle_local_position_groundtruth",
      "pitch_deg": -37.997326691226746,
      "pitch_rate_abs_rad_s": 1.0445743799209595,
      "position_ned_m": [
        -4.968907833099365,
        -2.1975276470184326,
        -2.341156005859375
      ],
      "roll_deg": 32.459340196708226,
      "roll_pitch_abs_deg": 37.997326691226746,
      "roll_rate_abs_rad_s": 0.9041056036949158,
      "switch_us": 25228000,
      "velocity_ned_m_s": [
        -2.9032669067382812,
        4.218903064727783,
        -0.2089034616947174
      ],
      "velocity_norm_m_s": 5.125596790388333,
      "yaw_rate_abs_rad_s": 1.3159643411636353
    },
    "first_loss_us": 25456000,
    "loss_dt_s": 0.204,
    "loss_reason": "rate>8",
    "mcnn_value_selfcheck": {
      "actuator_samples": 15141,
      "all_allocator_signature_residuals": 1034,
      "exact_neural_value_matches": 13821,
      "no_simultaneous_neural_timestamp_allocator_signature_residuals": 425,
      "simultaneous_neural_timestamp_nonmatches_with_allocator_signature": 609,
      "with_simultaneous_neural_control_timestamp": 14430
    },
    "nav23_duration_s": 64.816,
    "nav23_end_us": 90068000,
    "nav23_start_us": 25252000,
    "output_rate_hz": 232.19575413478154,
    "output_total_counts": {
      "allocator_value_residual": 895,
      "neural_value": 13867,
      "unknown": 288
    },
    "severity": {
      "controlled": false,
      "evidence": {
        "active_motor_nonfinite": {
          "first_nonfinite": null,
          "nan_count": 0,
          "neginf_count": 0,
          "nonfinite_count": 0,
          "posinf_count": 0,
          "samples": 15231
        },
        "active_motor_saturation_count": 52028,
        "active_motor_saturation_ratio": 0.8539820103735802,
        "analysis_start_us": 25252000,
        "angular_velocity_topic": "vehicle_angular_velocity_groundtruth",
        "attitude_quaternion_finite": true,
        "attitude_topic": "vehicle_attitude_groundtruth",
        "console": {
          "fault": false,
          "matches": [],
          "px4_timeout_rc": false
        },
        "controller": "mcnn",
        "controller_active_us": 25252000,
        "final_error_to_hover_m": 9.93365095480732,
        "last_angular_rate_norm_rad_s": 20.83389019934425,
        "last_pitch_deg": -42.09990432236458,
        "last_position_ned_m": [
          -9.590381622314453,
          0.6266237497329712,
          0.0118408203125
        ],
        "last_roll_deg": 90.60681074197062,
        "last_window_angular_rate_max_rad_s": 22.997059483997297,
        "last_window_roll_pitch_max_deg": 179.66902373189657,
        "local_position_topic": "vehicle_local_position_groundtruth",
        "mission_end_reached": true,
        "mission_end_us": 90440000,
        "mode_confirmed": true,
        "network_output_nonfinite": {
          "first_nonfinite": null,
          "nan_count": 0,
          "neginf_count": 0,
          "nonfinite_count": 0,
          "posinf_count": 0,
          "samples": 14533
        },
        "neural_control_samples": 14533,
        "observation_nonfinite": {
          "first_nonfinite": null,
          "nan_count": 0,
          "neginf_count": 0,
          "nonfinite_count": 0,
          "posinf_count": 0,
          "samples": 14533
        },
        "post_switch_angular_rate_max_rad_s": 24.322451220712434,
        "post_switch_disarmed": false,
        "post_switch_error_to_hover_max_m": 9.933700828767837,
        "post_switch_failsafe": false,
        "post_switch_hover_ned": [
          0.0,
          0.0,
          -2.5
        ],
        "post_switch_min_altitude_agl_m": -0.03131103515625,
        "post_switch_nav_states": [
          14,
          23
        ],
        "post_switch_roll_pitch_max_deg": 179.9626579880659,
        "switch_us": 25228000,
        "task_exit_code": 0
      },
      "reasons": [
        "angular_rate_loss_of_control",
        "attitude_tumble_over_90deg"
      ],
      "severity": 3,
      "severity_label": "S3_uncontrolled_tumble_or_loc",
      "thresholds": {
        "method_a_rate_tolerance_rad_s": 0.45,
        "method_a_roll_pitch_tolerance_deg": 8.0,
        "s0_angular_rate_rad_s": 1.0,
        "s0_final_error_m": 1.5,
        "s0_last_window_s": 2.0,
        "s0_min_altitude_agl_m": 1.0,
        "s0_roll_pitch_deg": 40.0,
        "s2_ground_contact_agl_m": 0.25,
        "s3_angular_rate_rad_s": 8.0,
        "s3_roll_pitch_deg": 90.0
      },
      "uncontrolled": true
    },
    "state_trigger": {
      "event": {
        "detail": {
          "controller_switch_s": 18.004222,
          "state": {
            "angular_rate_norm_rad_s": 1.907958260820725,
            "angular_rate_xyz_rad_s": [
              -0.9041056036949158,
              -1.0445743799209595,
              1.3159643411636353
            ],
            "angular_velocity_timestamp_us": 1783849933638339,
            "attitude_timestamp_us": 1783849933638339,
            "elapsed_s": 18.004222,
            "pitch_deg": -37.997326691226746,
            "pitch_rate_abs_rad_s": 1.0445743799209595,
            "roll_deg": 32.459340196708226,
            "roll_pitch_abs_deg": 37.997326691226746,
            "roll_rate_abs_rad_s": 0.9041056036949158,
            "timestamp_us": 1783849933638339,
            "yaw_deg": -10.360407449835407,
            "yaw_rate_abs_rad_s": 1.3159643411636353
          },
          "trigger": {
            "angular_rate_norm_max_rad_s": 2.15,
            "angular_rate_norm_min_rad_s": 1.55,
            "deadline_s": 54.0,
            "enabled": true,
            "max_topic_age_s": 0.25,
            "method": "SIH groundtruth threshold crossing",
            "roll_pitch_abs_max_deg": 44.0,
            "roll_pitch_abs_min_deg": 36.0,
            "start_s": 18.0
          }
        },
        "elapsed_s": 18.004222,
        "name": "state_trigger",
        "timestamp_us": 1783849933638339
      },
      "fired": true,
      "match": {
        "angular_rate_error_norm_rad_s": 0.0,
        "matched": true,
        "pitch_error_deg": 0.0,
        "roll_error_deg": 0.0,
        "score": 0.0,
        "switch_us": 25228000
      },
      "task_exit_code": 0
    },
    "task": "tier05_fork_20260712T090728Z/stage2_gate_a/evals/pair4_A_rep04_route_a_addendum3_diag_20260629_rp36_44_rate1p55_2p15_w3_r4_f038_s20261902/mcnn_gate3_route_a_addendum3_diag_20260629_rp36_44_rate1p55_2p15_w3_r4_f038_s20261902_mcnn_task.json",
    "ulog": "tier05_fork_20260712T090728Z/stage2_gate_a/evals/pair4_A_rep04_route_a_addendum3_diag_20260629_rp36_44_rate1p55_2p15_w3_r4_f038_s20261902/mcnn_gate3_route_a_addendum3_diag_20260629_rp36_44_rate1p55_2p15_w3_r4_f038_s20261902_mcnn.ulg"
  },
  "arm": "A",