{
  "analysis": {
    "actuator_rate_hz": 240.8328640260309,
    "actuator_total_counts": {
      "allocator_value_residual": 1390,
      "neural_value": 13733,
      "unknown": 272
    },
    "allocator_fraction_critical_actuator": {
      "count": 2,
      "fraction": 0.031746031746031744,
      "total": 63
    },
    "allocator_fraction_critical_output": {
      "count": 2,
      "fraction": 0.03225806451612903,
      "total": 62
    },
    "allocator_fraction_full_actuator": {
      "count": 1390,
      "fraction": 0.09028905488795064,
      "total": 15395
    },
    "allocator_fraction_full_output": {
      "count": 1263,
      "fraction": 0.08296111403047819,
      "total": 15224
    },
    "exact_switch_state": {
      "angular_rate_norm_rad_s": 1.999769854495284,
      "angular_rate_xyz_rad_s": [
        -0.9380449056625366,
        -1.129111409187317,
        1.3580348491668701
      ],
      "angular_velocity_dt_ms": 0.0,
      "angular_velocity_timestamp_us": 26368000,
      "angular_velocity_topic": "vehicle_angular_velocity_groundtruth",
      "attitude_dt_ms": 0.0,
      "attitude_timestamp_us": 26368000,
      "attitude_topic": "vehicle_attitude_groundtruth",
      "local_position_dt_ms": 0.0,
      "local_position_timestamp_us": 26368000,
      "local_position_topic": "vehicle_local_position_groundtruth",
      "pitch_deg": -39.881744228557736,
      "pitch_rate_abs_rad_s": 1.129111409187317,
      "position_ned_m": [
        -4.793851852416992,
        -3.010024070739746,
        -2.4796142578125
      ],
      "roll_deg": 36.13569497053797,
      "roll_pitch_abs_deg": 39.881744228557736,
      "roll_rate_abs_rad_s": 0.9380449056625366,
      "switch_us": 26368000,
      "velocity_ned_m_s": [
        -2.656238555908203,
        3.8291821479797363,
        -0.4557182192802429
      ],
      "velocity_norm_m_s": 4.682511963004895,
      "yaw_rate_abs_rad_s": 1.3580348491668701
    },
    "first_loss_us": 26648000,
    "loss_dt_s": 0.26,
    "loss_reason": "rate>8",
    "mcnn_value_selfcheck": {
      "actuator_samples": 15395,
      "all_allocator_signature_residuals": 1390,
      "exact_neural_value_matches": 13733,
      "no_simultaneous_neural_timestamp_allocator_signature_residuals": 437,
      "simultaneous_neural_timestamp_nonmatches_with_allocator_signature": 953,
      "with_simultaneous_neural_control_timestamp": 14686
    },
    "nav23_duration_s": 63.924,
    "nav23_end_us": 90312000,
    "nav23_start_us": 26388000,
    "output_rate_hz": 238.15781240222765,
    "output_total_counts": {
      "allocator_value_residual": 1263,
      "neural_value": 13692,
      "unknown": 269
    },
    "severity": {
      "controlled": false,
      "evidence": {
        "active_motor_nonfinite": {
          "first_nonfinite": null,
          "nan_count": 0,
          "neginf_count": 0,
          "nonfinite_count": 0,
          "posinf_count": 0,
          "samples": 15414
        },
        "active_motor_saturation_count": 50739,
        "active_motor_saturation_ratio": 0.8229369404437524,
        "analysis_start_us": 26388000,
        "angular_velocity_topic": "vehicle_angular_velocity_groundtruth",
        "attitude_quaternion_finite": true,
        "attitude_topic": "vehicle_attitude_groundtruth",
        "console": {
          "fault": false,
          "matches": [],
          "px4_timeout_rc": false
        },
        "controller": "mcnn",
        "controller_active_us": 26388000,
        "final_error_to_hover_m": 8.009281112315511,
        "last_angular_rate_norm_rad_s": 17.862652890397793,
        "last_pitch_deg": 75.37706460609986,
        "last_position_ned_m": [
          -7.3492326736450195,
          1.9583723545074463,
          0.010406494140625
        ],
        "last_roll_deg": 125.70799220825549,
        "last_window_angular_rate_max_rad_s": 21.111174027530435,
        "last_window_roll_pitch_max_deg": 179.84162366427043,
        "local_position_topic": "vehicle_local_position_groundtruth",
        "mission_end_reached": true,
        "mission_end_us": 90388000,
        "mode_confirmed": true,
        "network_output_nonfinite": {
          "first_nonfinite": null,
          "nan_count": 0,
          "neginf_count": 0,
          "nonfinite_count": 0,
          "posinf_count": 0,
          "samples": 14702
        },
        "neural_control_samples": 14702,
        "observation_nonfinite": {
          "first_nonfinite": null,
          "nan_count": 0,
          "neginf_count": 0,
          "nonfinite_count": 0,
          "posinf_count": 0,
          "samples": 14702
        },
        "post_switch_angular_rate_max_rad_s": 24.550262831776372,
        "post_switch_disarmed": false,
        "post_switch_error_to_hover_max_m": 8.112010098579741,
        "post_switch_failsafe": false,
        "post_switch_hover_ned": [
          0.0,
          0.0,
          -2.5
        ],
        "post_switch_min_altitude_agl_m": -0.040679931640625,
        "post_switch_nav_states": [
          14,
          23
        ],
        "post_switch_roll_pitch_max_deg": 179.98141597434534,
        "switch_us": 26368000,
        "task_exit_code": 0
      },
      "reasons": [
        "angular_rate_loss_of_control",
        "attitude_tumble_over_90deg"
      ],
      "severity": 3,
      "severity_label": "S3_uncontrolled_tumble_or_loc",
      "thresholds": {
        "method_a_rate_tolerance_rad_s": 0.45,
        "method_a_roll_pitch_tolerance_deg": 8.0,
        "s0_angular_rate_rad_s": 1.0,
        "s0_final_error_m": 1.5,
        "s0_last_window_s": 2.0,
        "s0_min_altitude_agl_m": 1.0,
        "s0_roll_pitch_deg": 40.0,
        "s2_ground_contact_agl_m": 0.25,
        "s3_angular_rate_rad_s": 8.0,
        "s3_roll_pitch_deg": 90.0
      },
      "uncontrolled": true
    },
    "state_trigger": {
      "event": {
        "detail": {
          "controller_switch_s": 18.006542,
          "state": {
            "angular_rate_norm_rad_s": 1.999769854495284,
            "angular_rate_xyz_rad_s": [
              -0.9380449056625366,
              -1.129111409187317,
              1.3580348491668701
            ],
            "angular_velocity_timestamp_us": 1783853627837469,
            "attitude_timestamp_us": 1783853627837469,
            "elapsed_s": 18.006542,
            "pitch_deg": -39.881744228557736,
            "pitch_rate_abs_rad_s": 1.129111409187317,
            "roll_deg": 36.13569497053797,
            "roll_pitch_abs_deg": 39.881744228557736,
            "roll_rate_abs_rad_s": 0.9380449056625366,
            "timestamp_us": 1783853627837469,
            "yaw_deg": -11.738282790969446,
            "yaw_rate_abs_rad_s": 1.3580348491668701
          },
          "trigger": {
            "angular_rate_norm_max_rad_s": 2.15,
            "angular_rate_norm_min_rad_s": 1.55,
            "deadline_s": 54.0,
            "enabled": true,
            "max_topic_age_s": 0.25,
            "method": "SIH groundtruth threshold crossing",
            "roll_pitch_abs_max_deg": 44.0,
            "roll_pitch_abs_min_deg": 36.0,
            "start_s": 18.0
          }
        },
        "elapsed_s": 18.006542,
        "name": "state_trigger",
        "timestamp_us": 1783853627837469
      },
      "fired": true,
      "match": {
        "angular_rate_error_norm_rad_s": 0.0,
        "matched": true,
        "pitch_error_deg": 6.3611093629270335e-15,
        "roll_error_deg": 6.3611093629270335e-15,
        "score": 1.2722218725854067e-14,
        "switch_us": 26368000
      },
      "task_exit_code": 0
    },
    "task": "tier05_fork_20260712T090728Z/stage3_initial/evals/pair4_H_rep08_route_a_addendum3_diag_20260629_rp36_44_rate1p55_2p15_w3_r4_f038_s20261902/mcnn_gate3_route_a_addendum3_diag_20260629_rp36_44_rate1p55_2p15_w3_r4_f038_s20261902_mcnn_task.json",