{
  "analysis": {
    "actuator_rate_hz": 240.0663287654089,
    "actuator_total_counts": {
      "allocator_value_residual": 1398,
      "neural_value": 13688,
      "unknown": 260
    },
    "allocator_fraction_critical_actuator": {
      "count": 11,
      "fraction": 0.0718954248366013,
      "total": 153
    },
    "allocator_fraction_critical_output": {
      "count": 8,
      "fraction": 0.05333333333333334,
      "total": 150
    },
    "allocator_fraction_full_actuator": {
      "count": 1398,
      "fraction": 0.09109865763065293,
      "total": 15346
    },
    "allocator_fraction_full_output": {
      "count": 1266,
      "fraction": 0.08341569480134414,
      "total": 15177
    },
    "exact_switch_state": {
      "angular_rate_norm_rad_s": 1.9723031099558557,
      "angular_rate_xyz_rad_s": [
        -0.9358107447624207,
        -1.103874683380127,
        1.3400367498397827
      ],
      "angular_velocity_dt_ms": 0.0,
      "angular_velocity_timestamp_us": 26400000,
      "angular_velocity_topic": "vehicle_angular_velocity_groundtruth",
      "attitude_dt_ms": 0.0,
      "attitude_timestamp_us": 26400000,
      "attitude_topic": "vehicle_attitude_groundtruth",
      "local_position_dt_ms": 0.0,
      "local_position_timestamp_us": 26400000,
      "local_position_topic": "vehicle_local_position_groundtruth",
      "pitch_deg": -38.509333565518645,
      "pitch_rate_abs_rad_s": 1.103874683380127,
      "position_ned_m": [
        -4.492161273956299,
        -3.1849184036254883,
        -2.50360107421875
      ],
      "roll_deg": 38.273188546960434,
      "roll_pitch_abs_deg": 38.509333565518645,
      "roll_rate_abs_rad_s": 0.9358107447624207,
      "switch_us": 26400000,
      "velocity_ned_m_s": [
        -2.8251450061798096,
        4.091850757598877,
        -0.2985075116157532
      ],
      "velocity_norm_m_s": 4.981344563759492,
      "yaw_rate_abs_rad_s": 1.3400367498397827
    },
    "first_loss_us": 27064000,
    "loss_dt_s": 0.648,
    "loss_reason": "tilt>90",
    "mcnn_value_selfcheck": {
      "actuator_samples": 15346,
      "all_allocator_signature_residuals": 1398,
      "exact_neural_value_matches": 13688,
      "no_simultaneous_neural_timestamp_allocator_signature_residuals": 430,
      "simultaneous_neural_timestamp_nonmatches_with_allocator_signature": 968,
      "with_simultaneous_neural_control_timestamp": 14656
    },
    "nav23_duration_s": 63.924,
    "nav23_end_us": 90340000,
    "nav23_start_us": 26416000,
    "output_rate_hz": 237.42256429510044,
    "output_total_counts": {
      "allocator_value_residual": 1266,
      "neural_value": 13648,
      "unknown": 263
    },
    "severity": {
      "controlled": false,
      "evidence": {
        "active_motor_nonfinite": {
          "first_nonfinite": null,
          "nan_count": 0,
          "neginf_count": 0,
          "nonfinite_count": 0,
          "posinf_count": 0,
          "samples": 15354
        },
        "active_motor_saturation_count": 53551,
        "active_motor_saturation_ratio": 0.8719389084277712,
        "analysis_start_us": 26416000,
        "angular_velocity_topic": "vehicle_angular_velocity_groundtruth",
        "attitude_quaternion_finite": true,
        "attitude_topic": "vehicle_attitude_groundtruth",
        "console": {
          "fault": false,
          "matches": [],
          "px4_timeout_rc": false
        },
        "controller": "mcnn",
        "controller_active_us": 26416000,
        "final_error_to_hover_m": 9.020961465499768,
        "last_angular_rate_norm_rad_s": 17.92086067063865,
        "last_pitch_deg": 45.37556758128114,
        "last_position_ned_m": [
          -8.65727424621582,
          0.3180138170719147,
          0.015594482421875
        ],
        "last_roll_deg": 75.7793024335877,
        "last_window_angular_rate_max_rad_s": 21.992981472726726,
        "last_window_roll_pitch_max_deg": 179.8401135612268,
        "local_position_topic": "vehicle_local_position_groundtruth",
        "mission_end_reached": true,
        "mission_end_us": 90372000,
        "mode_confirmed": true,
        "network_output_nonfinite": {
          "first_nonfinite": null,
          "nan_count": 0,
          "neginf_count": 0,
          "nonfinite_count": 0,
          "posinf_count": 0,
          "samples": 14680
        },
        "neural_control_samples": 14680,
        "observation_nonfinite": {
          "first_nonfinite": null,
          "nan_count": 0,
          "neginf_count": 0,
          "nonfinite_count": 0,
          "posinf_count": 0,
          "samples": 14680
        },
        "post_switch_angular_rate_max_rad_s": 24.37747846920543,
        "post_switch_disarmed": false,
        "post_switch_error_to_hover_max_m": 9.020966086807245,
        "post_switch_failsafe": false,
        "post_switch_hover_ned": [
          0.0,
          0.0,
          -2.5
        ],
        "post_switch_min_altitude_agl_m": -0.0159912109375,
        "post_switch_nav_states": [
          14,
          23
        ],
        "post_switch_roll_pitch_max_deg": 179.98550308111228,
        "switch_us": 26400000,
        "task_exit_code": 0
      },
      "reasons": [
        "angular_rate_loss_of_control",
        "attitude_tumble_over_90deg"
      ],
      "severity": 3,
      "severity_label": "S3_uncontrolled_tumble_or_loc",
      "thresholds": {
        "method_a_rate_tolerance_rad_s": 0.45,
        "method_a_roll_pitch_tolerance_deg": 8.0,
        "s0_angular_rate_rad_s": 1.0,
        "s0_final_error_m": 1.5,
        "s0_last_window_s": 2.0,
        "s0_min_altitude_agl_m": 1.0,
        "s0_roll_pitch_deg": 40.0,
        "s2_ground_contact_agl_m": 0.25,
        "s3_angular_rate_rad_s": 8.0,
        "s3_roll_pitch_deg": 90.0
      },
      "uncontrolled": true
    },
    "state_trigger": {
      "event": {
        "detail": {
          "controller_switch_s": 18.007047,
          "state": {
            "angular_rate_norm_rad_s": 1.9723031099558557,
            "angular_rate_xyz_rad_s": [
              -0.9358107447624207,
              -1.103874683380127,
              1.3400367498397827
            ],
            "angular_velocity_timestamp_us": 1783853706343609,
            "attitude_timestamp_us": 1783853706343609,
            "elapsed_s": 18.007047,
            "pitch_deg": -38.509333565518645,
            "pitch_rate_abs_rad_s": 1.103874683380127,
            "roll_deg": 38.273188546960434,
            "roll_pitch_abs_deg": 38.509333565518645,
            "roll_rate_abs_rad_s": 0.9358107447624207,
            "timestamp_us": 1783853706343609,
            "yaw_deg": -12.610893029553058,
            "yaw_rate_abs_rad_s": 1.3400367498397827
          },
          "trigger": {
            "angular_rate_norm_max_rad_s": 2.15,
            "angular_rate_norm_min_rad_s": 1.55,
            "deadline_s": 54.0,
            "enabled": true,
            "max_topic_age_s": 0.25,
            "method": "SIH groundtruth threshold crossing",
            "roll_pitch_abs_max_deg": 44.0,
            "roll_pitch_abs_min_deg": 36.0,
            "start_s": 18.0
          }
        },
        "elapsed_s": 18.007047,
        "name": "state_trigger",
        "timestamp_us": 1783853706343609
      },
      "fired": true,
      "match": {
        "angular_rate_error_norm_rad_s": 0.0,
        "matched": true,
        "pitch_error_deg": 0.0,
        "roll_error_deg": 0.0,
        "score": 0.0,
        "switch_us": 26400000
      },
      "task_exit_code": 0
    },
    "task": "tier05_fork_20260712T090728Z/stage3_initial/evals/pair4_H_rep09_route_a_addendum3_diag_20260629_rp36_44_rate1p55_2p15_w3_r4_f038_s20261902/mcnn_gate3_route_a_addendum3_diag_20260629_rp36_44_rate1p55_2p15_w3_r4_f038_s20261902_mcnn_task.json",
    "ulog": "tier05_fork_20260712T090728Z/stage3_initial/evals/pair4_H_rep09_route_a_addendum3_diag_20260629_rp36_44_rate1p55_2p15_w3_r4_f038_s20261902/mcnn_gate3_route_a_addendum3_diag_20260629_rp36_44_rate1p55_2p15_w3_r4_f038_s20261902_mcnn.ulg"
  },