{
  "analysis": {
    "actuator_rate_hz": 241.6458213071644,
    "actuator_total_counts": {
      "allocator_value_residual": 1377,
      "neural_value": 13516,
      "unknown": 177
    },
    "allocator_fraction_critical_actuator": {
      "count": 17,
      "fraction": 0.09550561797752809,
      "total": 178
    },
    "allocator_fraction_critical_output": {
      "count": 15,
      "fraction": 0.08620689655172414,
      "total": 174
    },
    "allocator_fraction_full_actuator": {
      "count": 1377,
      "fraction": 0.0913735899137359,
      "total": 15070
    },
    "allocator_fraction_full_output": {
      "count": 1231,
      "fraction": 0.0826729348556078,
      "total": 14890
    },
    "exact_switch_state": {
      "angular_rate_norm_rad_s": 2.709835219774848,
      "angular_rate_xyz_rad_s": [
        1.5057474374771118,
        -1.9054967164993286,
        1.2020872831344604
      ],
      "angular_velocity_dt_ms": 0.0,
      "angular_velocity_timestamp_us": 27896000,
      "angular_velocity_topic": "vehicle_angular_velocity_groundtruth",
      "attitude_dt_ms": 0.0,
      "attitude_timestamp_us": 27896000,
      "attitude_topic": "vehicle_attitude_groundtruth",
      "local_position_dt_ms": 0.0,
      "local_position_timestamp_us": 27896000,
      "local_position_topic": "vehicle_local_position_groundtruth",
      "pitch_deg": 25.610467214558916,
      "pitch_rate_abs_rad_s": 1.9054967164993286,
      "position_ned_m": [
        -9.969074249267578,
        -4.646878719329834,
        -2.787994384765625
      ],
      "roll_deg": 48.039063717460316,
      "roll_pitch_abs_deg": 48.039063717460316,
      "roll_rate_abs_rad_s": 1.5057474374771118,
      "switch_us": 27896000,
      "velocity_ned_m_s": [
        -6.4826459884643555,
        -0.8243629336357117,
        -0.13471025228500366
      ],
      "velocity_norm_m_s": 6.536238988147248,
      "yaw_rate_abs_rad_s": 1.2020872831344604
    },
    "first_loss_us": 28632000,
    "loss_dt_s": 0.716,
    "loss_reason": "tilt>90",
    "mcnn_value_selfcheck": {
      "actuator_samples": 15070,
      "all_allocator_signature_residuals": 1377,
      "exact_neural_value_matches": 13516,
      "no_simultaneous_neural_timestamp_allocator_signature_residuals": 446,
      "simultaneous_neural_timestamp_nonmatches_with_allocator_signature": 931,
      "with_simultaneous_neural_control_timestamp": 14447
    },
    "nav23_duration_s": 62.364,
    "nav23_end_us": 90280000,
    "nav23_start_us": 27916000,
    "output_rate_hz": 238.75954076069527,
    "output_total_counts": {
      "allocator_value_residual": 1231,
      "neural_value": 13487,
      "unknown": 172
    },
    "severity": {
      "controlled": false,
      "evidence": {
        "active_motor_nonfinite": {
          "first_nonfinite": null,
          "nan_count": 0,
          "neginf_count": 0,
          "nonfinite_count": 0,
          "posinf_count": 0,
          "samples": 15090
        },
        "active_motor_saturation_count": 56823,
        "active_motor_saturation_ratio": 0.9414015904572565,
        "analysis_start_us": 27916000,
        "angular_velocity_topic": "vehicle_angular_velocity_groundtruth",
        "attitude_quaternion_finite": true,
        "attitude_topic": "vehicle_attitude_groundtruth",
        "console": {
          "fault": false,
          "matches": [],
          "px4_timeout_rc": false
        },
        "controller": "mcnn",
        "controller_active_us": 27916000,
        "final_error_to_hover_m": 15.679938595918678,
        "last_angular_rate_norm_rad_s": 21.31538523034836,
        "last_pitch_deg": 49.91766934080192,
        "last_position_ned_m": [
          -15.130570411682129,
          -3.248234510421753,
          0.024932861328125
        ],
        "last_roll_deg": 100.97287750762412,
        "last_window_angular_rate_max_rad_s": 22.650688554198315,
        "last_window_roll_pitch_max_deg": 102.09472269069894,
        "local_position_topic": "vehicle_local_position_groundtruth",
        "mission_end_reached": true,
        "mission_end_us": 90364000,
        "mode_confirmed": true,
        "network_output_nonfinite": {
          "first_nonfinite": null,
          "nan_count": 0,
          "neginf_count": 0,
          "nonfinite_count": 0,
          "posinf_count": 0,
          "samples": 14458
        },
        "neural_control_samples": 14458,
        "observation_nonfinite": {
          "first_nonfinite": null,
          "nan_count": 0,
          "neginf_count": 0,
          "nonfinite_count": 0,
          "posinf_count": 0,
          "samples": 14458
        },
        "post_switch_angular_rate_max_rad_s": 24.325062607034788,
        "post_switch_disarmed": false,
        "post_switch_error_to_hover_max_m": 15.679938793480565,
        "post_switch_failsafe": false,
        "post_switch_hover_ned": [
          0.0,
          0.0,
          -2.5
        ],
        "post_switch_min_altitude_agl_m": -0.02496337890625,
        "post_switch_nav_states": [
          14,
          23
        ],
        "post_switch_roll_pitch_max_deg": 179.99325316554024,
        "switch_us": 27896000,
        "task_exit_code": 0
      },
      "reasons": [
        "angular_rate_loss_of_control",
        "attitude_tumble_over_90deg"
      ],
      "severity": 3,
      "severity_label": "S3_uncontrolled_tumble_or_loc",
      "thresholds": {
        "method_a_rate_tolerance_rad_s": 0.45,
        "method_a_roll_pitch_tolerance_deg": 8.0,
        "s0_angular_rate_rad_s": 1.0,
        "s0_final_error_m": 1.5,
        "s0_last_window_s": 2.0,
        "s0_min_altitude_agl_m": 1.0,
        "s0_roll_pitch_deg": 40.0,
        "s2_ground_contact_agl_m": 0.25,
        "s3_angular_rate_rad_s": 8.0,
        "s3_roll_pitch_deg": 90.0
      },
      "uncontrolled": true
    },
    "state_trigger": {
      "event": {
        "detail": {
          "controller_switch_s": 19.529685,
          "state": {
            "angular_rate_norm_rad_s": 2.709835219774848,
            "angular_rate_xyz_rad_s": [
              1.5057474374771118,
              -1.9054967164993286,
              1.2020872831344604
            ],
            "angular_velocity_timestamp_us": 1783854807521970,
            "attitude_timestamp_us": 1783854807521970,
            "elapsed_s": 19.529685,
            "pitch_deg": 25.610467214558916,
            "pitch_rate_abs_rad_s": 1.9054967164993286,
            "roll_deg": 48.039063717460316,
            "roll_pitch_abs_deg": 48.039063717460316,
            "roll_rate_abs_rad_s": 1.5057474374771118,
            "timestamp_us": 1783854807521970,
            "yaw_deg": -12.249346422360292,
            "yaw_rate_abs_rad_s": 1.2020872831344604
          },
          "trigger": {
            "angular_rate_norm_max_rad_s": 2.9,
            "angular_rate_norm_min_rad_s": 2.45,
            "deadline_s": 54.0,
            "enabled": true,
            "max_topic_age_s": 0.25,
            "method": "SIH groundtruth threshold crossing",
            "roll_pitch_abs_max_deg": 62.0,
            "roll_pitch_abs_min_deg": 48.0,
            "start_s": 18.0
          }
        },
        "elapsed_s": 19.529685,
        "name": "state_trigger",
        "timestamp_us": 1783854807521970
      },
      "fired": true,
      "match": {
        "angular_rate_error_norm_rad_s": 0.0,
        "matched": true,
        "pitch_error_deg": 0.0,
        "roll_error_deg": 6.3611093629270335e-15,
        "score": 6.3611093629270335e-15,
        "switch_us": 27896000
      },
      "task_exit_code": 0
    },
    "task": "tier05_fork_20260712T090728Z/stage3_initial/evals/pair1_H_rep03_route_a_addendum3_diag_20260629_rp48_62_rate2p45_2p90_w6_r6_f045_s20262001/mcnn_gate3_route_a_addendum3_diag_20260629_rp48_62_rate2p45_2p90_w6_r6_f045_s20262001_mcnn_task.json",