{
  "analysis": {
    "actuator_rate_hz": 233.91812865497076,
    "actuator_total_counts": {
      "allocator_value_residual": 1653,
      "neural_value": 13008,
      "unknown": 219
    },
    "allocator_fraction_critical_actuator": {
      "count": 14,
      "fraction": 0.10294117647058823,
      "total": 136
    },
    "allocator_fraction_critical_output": {
      "count": 12,
      "fraction": 0.09022556390977443,
      "total": 133
    },
    "allocator_fraction_full_actuator": {
      "count": 1653,
      "fraction": 0.11108870967741935,
      "total": 14880
    },
    "allocator_fraction_full_output": {
      "count": 1563,
      "fraction": 0.10618927916298662,
      "total": 14719
    },
    "exact_switch_state": {
      "angular_rate_norm_rad_s": 2.5974126799058963,
      "angular_rate_xyz_rad_s": [
        1.369045376777649,
        -1.916343331336975,
        1.0953974723815918
      ],
      "angular_velocity_dt_ms": 0.0,
      "angular_velocity_timestamp_us": 26848000,
      "angular_velocity_topic": "vehicle_angular_velocity_groundtruth",
      "attitude_dt_ms": 0.0,
      "attitude_timestamp_us": 26848000,
      "attitude_topic": "vehicle_attitude_groundtruth",
      "local_position_dt_ms": 0.0,
      "local_position_timestamp_us": 26848000,
      "local_position_topic": "vehicle_local_position_groundtruth",
      "pitch_deg": 22.98635924932425,
      "pitch_rate_abs_rad_s": 1.916343331336975,
      "position_ned_m": [
        -7.935664176940918,
        -5.336890697479248,
        -2.503173828125
      ],
      "roll_deg": 49.302695371824555,
      "roll_pitch_abs_deg": 49.302695371824555,
      "roll_rate_abs_rad_s": 1.369045376777649,
      "switch_us": 26848000,
      "velocity_ned_m_s": [
        -6.2288899421691895,
        -0.7634108066558838,
        -0.298899382352829
      ],
      "velocity_norm_m_s": 6.282611464363078,
      "yaw_rate_abs_rad_s": 1.0953974723815918
    },
    "first_loss_us": 27436000,
    "loss_dt_s": 0.568,
    "loss_reason": "tilt>90",
    "mcnn_value_selfcheck": {
      "actuator_samples": 14880,
      "all_allocator_signature_residuals": 1653,
      "exact_neural_value_matches": 13008,
      "no_simultaneous_neural_timestamp_allocator_signature_residuals": 210,
      "simultaneous_neural_timestamp_nonmatches_with_allocator_signature": 1443,
      "with_simultaneous_neural_control_timestamp": 14451
    },
    "nav23_duration_s": 63.612,
    "nav23_end_us": 90480000,
    "nav23_start_us": 26868000,
    "output_rate_hz": 231.38715965541093,
    "output_total_counts": {
      "allocator_value_residual": 1563,
      "neural_value": 12946,
      "unknown": 210
    },
    "severity": {
      "controlled": false,
      "evidence": {
        "active_motor_nonfinite": {
          "first_nonfinite": null,
          "nan_count": 0,
          "neginf_count": 0,
          "nonfinite_count": 0,
          "posinf_count": 0,
          "samples": 14896
        },
        "active_motor_saturation_count": 52139,
        "active_motor_saturation_ratio": 0.8750503490870032,
        "analysis_start_us": 26868000,
        "angular_velocity_topic": "vehicle_angular_velocity_groundtruth",
        "attitude_quaternion_finite": true,
        "attitude_topic": "vehicle_attitude_groundtruth",
        "console": {
          "fault": false,
          "matches": [],
          "px4_timeout_rc": false
        },
        "controller": "mcnn",
        "controller_active_us": 26868000,
        "final_error_to_hover_m": 13.555094654397283,
        "last_angular_rate_norm_rad_s": 9.317700460856367,
        "last_pitch_deg": 37.660374456957726,
        "last_position_ned_m": [
          -12.451716423034668,
          -4.373926639556885,
          0.59259033203125
        ],
        "last_roll_deg": 154.39931172940703,
        "last_window_angular_rate_max_rad_s": 18.78836533074147,
        "last_window_roll_pitch_max_deg": 179.6919842875017,
        "local_position_topic": "vehicle_local_position_groundtruth",
        "mission_end_reached": true,
        "mission_end_us": 90544000,
        "mode_confirmed": true,
        "network_output_nonfinite": {
          "first_nonfinite": null,
          "nan_count": 0,
          "neginf_count": 0,
          "nonfinite_count": 0,
          "posinf_count": 0,
          "samples": 14469
        },
        "neural_control_samples": 14469,
        "observation_nonfinite": {
          "first_nonfinite": null,
          "nan_count": 0,
          "neginf_count": 0,
          "nonfinite_count": 0,
          "posinf_count": 0,
          "samples": 14469
        },
        "post_switch_angular_rate_max_rad_s": 23.811498007062184,
        "post_switch_disarmed": false,
        "post_switch_error_to_hover_max_m": 13.573297757781082,
        "post_switch_failsafe": false,
        "post_switch_hover_ned": [
          0.0,
          0.0,
          -2.5
        ],
        "post_switch_min_altitude_agl_m": -0.626251220703125,
        "post_switch_nav_states": [
          14,
          23
        ],
        "post_switch_roll_pitch_max_deg": 179.9932884205858,
        "switch_us": 26848000,
        "task_exit_code": 0
      },
      "reasons": [
        "angular_rate_loss_of_control",
        "attitude_tumble_over_90deg"
      ],
      "severity": 3,
      "severity_label": "S3_uncontrolled_tumble_or_loc",
      "thresholds": {
        "method_a_rate_tolerance_rad_s": 0.45,
        "method_a_roll_pitch_tolerance_deg": 8.0,
        "s0_angular_rate_rad_s": 1.0,
        "s0_final_error_m": 1.5,
        "s0_last_window_s": 2.0,
        "s0_min_altitude_agl_m": 1.0,
        "s0_roll_pitch_deg": 40.0,
        "s2_ground_contact_agl_m": 0.25,
        "s3_angular_rate_rad_s": 8.0,
        "s3_roll_pitch_deg": 90.0
      },
      "uncontrolled": true
    },
    "state_trigger": {
      "event": {
        "detail": {
          "controller_switch_s": 19.548135,
          "state": {
            "angular_rate_norm_rad_s": 2.5974126799058963,
            "angular_rate_xyz_rad_s": [
              1.369045376777649,
              -1.916343331336975,
              1.0953974723815918
            ],
            "angular_velocity_timestamp_us": 1783609525912526,
            "attitude_timestamp_us": 1783609525912526,
            "elapsed_s": 19.548135,
            "pitch_deg": 22.98635924932425,
            "pitch_rate_abs_rad_s": 1.916343331336975,
            "roll_deg": 49.302695371824555,
            "roll_pitch_abs_deg": 49.302695371824555,
            "roll_rate_abs_rad_s": 1.369045376777649,
            "timestamp_us": 1783609525912526,
            "yaw_deg": -9.597757994881011,
            "yaw_rate_abs_rad_s": 1.0953974723815918
          },
          "trigger": {
            "angular_rate_norm_max_rad_s": 2.9,
            "angular_rate_norm_min_rad_s": 2.45,
            "deadline_s": 54.0,
            "enabled": true,
            "max_topic_age_s": 0.25,
            "method": "SIH groundtruth threshold crossing",
            "roll_pitch_abs_max_deg": 62.0,
            "roll_pitch_abs_min_deg": 48.0,
            "start_s": 18.0
          }
        },
        "elapsed_s": 19.548135,
        "name": "state_trigger",
        "timestamp_us": 1783609525912526
      },
      "fired": true,
      "match": {
        "angular_rate_error_norm_rad_s": 0.0,
        "matched": true,
        "pitch_error_deg": 0.0,
        "roll_error_deg": 6.3611093629270335e-15,
        "score": 6.3611093629270335e-15,
        "switch_us": 26848000
      },
      "task_exit_code": 0
    },
    "task": "docs/px4_race_r4_gate_20260709/evals/pair1_A_rep01_route_a_addendum3_diag_20260629_rp48_62_rate2p45_2p90_w6_r6_f045_s20262001/mcnn_gate3_route_a_addendum3_diag_20260629_rp48_62_rate2p45_2p90_w6_r6_f045_s20262001_mcnn_task.json",