{
  "analysis": {
    "actuator_rate_hz": 241.6249762522956,
    "actuator_total_counts": {
      "allocator_value_residual": 1390,
      "neural_value": 13689,
      "unknown": 183
    },
    "allocator_fraction_critical_actuator": {
      "count": 29,
      "fraction": 0.09698996655518395,
      "total": 299
    },
    "allocator_fraction_critical_output": {
      "count": 28,
      "fraction": 0.0945945945945946,
      "total": 296
    },
    "allocator_fraction_full_actuator": {
      "count": 1390,
      "fraction": 0.0910758747215306,
      "total": 15262
    },
    "allocator_fraction_full_output": {
      "count": 1270,
      "fraction": 0.08402249421104863,
      "total": 15115
    },
    "exact_switch_state": {
      "angular_rate_norm_rad_s": 0.8314484277369435,
      "angular_rate_xyz_rad_s": [
        0.16067761182785034,
        -0.7755339741706848,
        0.25305384397506714
      ],
      "angular_velocity_dt_ms": 0.0,
      "angular_velocity_timestamp_us": 26772000,
      "angular_velocity_topic": "vehicle_angular_velocity_groundtruth",
      "attitude_dt_ms": 0.0,
      "attitude_timestamp_us": 26772000,
      "attitude_topic": "vehicle_attitude_groundtruth",
      "local_position_dt_ms": 0.0,
      "local_position_timestamp_us": 26772000,
      "local_position_topic": "vehicle_local_position_groundtruth",
      "pitch_deg": 8.07942511881001,
      "pitch_rate_abs_rad_s": 0.7755339741706848,
      "position_ned_m": [
        -0.9733608961105347,
        -2.8770220279693604,
        -2.5023193359375
      ],
      "roll_deg": 34.59189457106007,
      "roll_pitch_abs_deg": 34.59189457106007,
      "roll_rate_abs_rad_s": 0.16067761182785034,
      "switch_us": 26772000,
      "velocity_ned_m_s": [
        -2.974013090133667,
        1.6337698698043823,
        -0.0074618225917220116
      ],
      "velocity_norm_m_s": 3.3932305442694903,
      "yaw_rate_abs_rad_s": 0.25305384397506714
    },
    "first_loss_us": 28124000,
    "loss_dt_s": 1.228,
    "loss_reason": "rate>8",
    "mcnn_value_selfcheck": {
      "actuator_samples": 15262,
      "all_allocator_signature_residuals": 1390,
      "exact_neural_value_matches": 13689,
      "no_simultaneous_neural_timestamp_allocator_signature_residuals": 430,
      "simultaneous_neural_timestamp_nonmatches_with_allocator_signature": 960,
      "with_simultaneous_neural_control_timestamp": 14649
    },
    "nav23_duration_s": 63.164,
    "nav23_end_us": 90060000,
    "nav23_start_us": 26896000,
    "output_rate_hz": 239.29770122221518,
    "output_total_counts": {
      "allocator_value_residual": 1270,
      "neural_value": 13666,
      "unknown": 179
    },
    "severity": {
      "controlled": false,
      "evidence": {
        "active_motor_nonfinite": {
          "first_nonfinite": null,
          "nan_count": 0,
          "neginf_count": 0,
          "nonfinite_count": 0,
          "posinf_count": 0,
          "samples": 15349
        },
        "active_motor_saturation_count": 38446,
        "active_motor_saturation_ratio": 0.6261971463939019,
        "analysis_start_us": 26896000,
        "angular_velocity_topic": "vehicle_angular_velocity_groundtruth",
        "attitude_quaternion_finite": true,
        "attitude_topic": "vehicle_attitude_groundtruth",
        "console": {
          "fault": false,
          "matches": [],
          "px4_timeout_rc": false
        },
        "controller": "mcnn",
        "controller_active_us": 26896000,
        "final_error_to_hover_m": 6.285882711224435,
        "last_angular_rate_norm_rad_s": 20.010410559045482,
        "last_pitch_deg": -19.00317607752581,
        "last_position_ned_m": [
          -5.423159122467041,
          1.959296464920044,
          0.0025634765625
        ],
        "last_roll_deg": 48.41599086959394,
        "last_window_angular_rate_max_rad_s": 23.669517796516132,
        "last_window_roll_pitch_max_deg": 179.99905761931763,
        "local_position_topic": "vehicle_local_position_groundtruth",
        "mission_end_reached": true,
        "mission_end_us": 90412000,
        "mode_confirmed": true,
        "network_output_nonfinite": {
          "first_nonfinite": null,
          "nan_count": 0,
          "neginf_count": 0,
          "nonfinite_count": 0,
          "posinf_count": 0,
          "samples": 14746
        },
        "neural_control_samples": 14746,
        "observation_nonfinite": {
          "first_nonfinite": null,
          "nan_count": 0,
          "neginf_count": 0,
          "nonfinite_count": 0,
          "posinf_count": 0,
          "samples": 14746
        },
        "post_switch_angular_rate_max_rad_s": 23.828963539907047,
        "post_switch_disarmed": false,
        "post_switch_error_to_hover_max_m": 6.474770064253729,
        "post_switch_failsafe": false,
        "post_switch_hover_ned": [
          0.0,
          0.0,
          -2.5
        ],
        "post_switch_min_altitude_agl_m": -0.02093505859375,
        "post_switch_nav_states": [
          14,
          23
        ],
        "post_switch_roll_pitch_max_deg": 179.99905761931763,
        "switch_us": 26772000,
        "task_exit_code": 0
      },
      "reasons": [
        "angular_rate_loss_of_control",
        "attitude_tumble_over_90deg"
      ],
      "severity": 3,
      "severity_label": "S3_uncontrolled_tumble_or_loc",
      "thresholds": {
        "method_a_rate_tolerance_rad_s": 0.45,
        "method_a_roll_pitch_tolerance_deg": 8.0,
        "s0_angular_rate_rad_s": 1.0,
        "s0_final_error_m": 1.5,
        "s0_last_window_s": 2.0,
        "s0_min_altitude_agl_m": 1.0,
        "s0_roll_pitch_deg": 40.0,
        "s2_ground_contact_agl_m": 0.25,
        "s3_angular_rate_rad_s": 8.0,
        "s3_roll_pitch_deg": 90.0
      },
      "uncontrolled": true
    },
    "state_trigger": {
      "event": {
        "detail": {
          "controller_switch_s": 18.397631,
          "state": {
            "angular_rate_norm_rad_s": 0.8314484277369435,
            "angular_rate_xyz_rad_s": [
              0.16067761182785034,
              -0.7755339741706848,
              0.25305384397506714
            ],
            "angular_velocity_timestamp_us": 1783856956723610,
            "attitude_timestamp_us": 1783856956723610,
            "elapsed_s": 18.307631,
            "pitch_deg": 8.07942511881001,
            "pitch_rate_abs_rad_s": 0.7755339741706848,
            "roll_deg": 34.59189457106007,
            "roll_pitch_abs_deg": 34.59189457106007,
            "roll_rate_abs_rad_s": 0.16067761182785034,
            "timestamp_us": 1783856956723610,
            "yaw_deg": -9.116876904438323,
            "yaw_rate_abs_rad_s": 0.25305384397506714
          },
          "trigger": {
            "angular_rate_norm_max_rad_s": 1.3278,
            "angular_rate_norm_min_rad_s": 0.6278,
            "deadline_s": 54.0,
            "enabled": true,
            "max_topic_age_s": 0.25,
            "method": "SIH groundtruth threshold crossing",
            "roll_pitch_abs_max_deg": 42.5,
            "roll_pitch_abs_min_deg": 34.5,
            "start_s": 18.0,
            "switch_delay_s": 0.09
          }
        },
        "elapsed_s": 18.307631,
        "name": "state_trigger",
        "timestamp_us": 1783856956723610
      },
      "fired": true,
      "match": {
        "angular_rate_error_norm_rad_s": 0.0,
        "matched": true,
        "pitch_error_deg": 0.0,
        "roll_error_deg": 6.3611093629270335e-15,
        "score": 6.3611093629270335e-15,
        "switch_us": 26772000
      },
      "task_exit_code": 0
    },
    "task": "tier05_fork_20260712T090728Z/stage3_adaptive_dense_21_40/evals/dense_low_modal_H_rep30_switch_severity_dense_sweep_20260630_wind_m_s_0_s2026062942/mcnn_gate3_switch_severity_dense_sweep_20260630_wind_m_s_0_s2026062942_mcnn_task.json",