{
  "analysis": {
    "actuator_rate_hz": 241.41644495122262,
    "actuator_total_counts": {
      "allocator_value_residual": 1336,
      "neural_value": 13735,
      "unknown": 173
    },
    "allocator_fraction_critical_actuator": {
      "count": 37,
      "fraction": 0.10632183908045977,
      "total": 348
    },
    "allocator_fraction_critical_output": {
      "count": 32,
      "fraction": 0.09302325581395349,
      "total": 344
    },
    "allocator_fraction_full_actuator": {
      "count": 1336,
      "fraction": 0.08764103909734977,
      "total": 15244
    },
    "allocator_fraction_full_output": {
      "count": 1203,
      "fraction": 0.07994949159300857,
      "total": 15047
    },
    "exact_switch_state": {
      "angular_rate_norm_rad_s": 0.819502660896949,
      "angular_rate_xyz_rad_s": [
        0.20287202298641205,
        -0.7541379332542419,
        0.2484019547700882
      ],
      "angular_velocity_dt_ms": 0.0,
      "angular_velocity_timestamp_us": 26676000,
      "angular_velocity_topic": "vehicle_angular_velocity_groundtruth",
      "attitude_dt_ms": 0.0,
      "attitude_timestamp_us": 26676000,
      "attitude_topic": "vehicle_attitude_groundtruth",
      "local_position_dt_ms": 0.0,
      "local_position_timestamp_us": 26676000,
      "local_position_topic": "vehicle_local_position_groundtruth",
      "pitch_deg": 7.855754268638463,
      "pitch_rate_abs_rad_s": 0.7541379332542419,
      "position_ned_m": [
        -1.0845040082931519,
        -2.9169745445251465,
        -2.41351318359375
      ],
      "roll_deg": 34.56257777598576,
      "roll_pitch_abs_deg": 34.56257777598576,
      "roll_rate_abs_rad_s": 0.20287202298641205,
      "switch_us": 26676000,
      "velocity_ned_m_s": [
        -3.0101208686828613,
        1.4333851337432861,
        0.05902424082159996
      ],
      "velocity_norm_m_s": 3.3345021287623866,
      "yaw_rate_abs_rad_s": 0.2484019547700882
    },
    "first_loss_us": 28216000,
    "loss_dt_s": 1.428,
    "loss_reason": "rate>8",
    "mcnn_value_selfcheck": {
      "actuator_samples": 15244,
      "all_allocator_signature_residuals": 1336,
      "exact_neural_value_matches": 13735,
      "no_simultaneous_neural_timestamp_allocator_signature_residuals": 382,
      "simultaneous_neural_timestamp_nonmatches_with_allocator_signature": 954,
      "with_simultaneous_neural_control_timestamp": 14689
    },
    "nav23_duration_s": 63.144,
    "nav23_end_us": 89932000,
    "nav23_start_us": 26788000,
    "output_rate_hz": 238.2965919168884,
    "output_total_counts": {
      "allocator_value_residual": 1203,
      "neural_value": 13672,
      "unknown": 172
    },
    "severity": {
      "controlled": false,
      "evidence": {
        "active_motor_nonfinite": {
          "first_nonfinite": null,
          "nan_count": 0,
          "neginf_count": 0,
          "nonfinite_count": 0,
          "posinf_count": 0,
          "samples": 15354
        },
        "active_motor_saturation_count": 14306,
        "active_motor_saturation_ratio": 0.2329360427250228,
        "analysis_start_us": 26788000,
        "angular_velocity_topic": "vehicle_angular_velocity_groundtruth",
        "attitude_quaternion_finite": true,
        "attitude_topic": "vehicle_attitude_groundtruth",
        "console": {
          "fault": false,
          "matches": [],
          "px4_timeout_rc": false
        },
        "controller": "mcnn",
        "controller_active_us": 26788000,
        "final_error_to_hover_m": 0.28551058756236175,
        "last_angular_rate_norm_rad_s": 0.15720683965847165,
        "last_pitch_deg": -0.40836994037388924,
        "last_position_ned_m": [
          -0.02989523485302925,
          -0.14925748109817505,
          -2.258453369140625
        ],
        "last_roll_deg": -1.0161544449852606,
        "last_window_angular_rate_max_rad_s": 0.5605087849608231,
        "last_window_roll_pitch_max_deg": 3.3322910199082147,
        "local_position_topic": "vehicle_local_position_groundtruth",
        "mission_end_reached": true,
        "mission_end_us": 90372000,
        "mode_confirmed": true,
        "network_output_nonfinite": {
          "first_nonfinite": null,
          "nan_count": 0,
          "neginf_count": 0,
          "nonfinite_count": 0,
          "posinf_count": 0,
          "samples": 14791
        },
        "neural_control_samples": 14791,
        "observation_nonfinite": {
          "first_nonfinite": null,
          "nan_count": 0,
          "neginf_count": 0,
          "nonfinite_count": 0,
          "posinf_count": 0,
          "samples": 14791
        },
        "post_switch_angular_rate_max_rad_s": 19.61628781610851,
        "post_switch_disarmed": false,
        "post_switch_error_to_hover_max_m": 6.3827232443148905,
        "post_switch_failsafe": false,
        "post_switch_hover_ned": [
          0.0,
          0.0,
          -2.5
        ],
        "post_switch_min_altitude_agl_m": -0.66290283203125,
        "post_switch_nav_states": [
          14,
          23
        ],
        "post_switch_roll_pitch_max_deg": 179.9842302018811,
        "switch_us": 26676000,
        "task_exit_code": 0
      },
      "reasons": [
        "angular_rate_loss_of_control",
        "attitude_tumble_over_90deg"
      ],
      "severity": 3,
      "severity_label": "S3_uncontrolled_tumble_or_loc",
      "thresholds": {
        "method_a_rate_tolerance_rad_s": 0.45,
        "method_a_roll_pitch_tolerance_deg": 8.0,
        "s0_angular_rate_rad_s": 1.0,
        "s0_final_error_m": 1.5,
        "s0_last_window_s": 2.0,
        "s0_min_altitude_agl_m": 1.0,
        "s0_roll_pitch_deg": 40.0,
        "s2_ground_contact_agl_m": 0.25,
        "s3_angular_rate_rad_s": 8.0,
        "s3_roll_pitch_deg": 90.0
      },
      "uncontrolled": true
    },
    "state_trigger": {
      "event": {
        "detail": {
          "controller_switch_s": 18.392895,
          "state": {
            "angular_rate_norm_rad_s": 0.819502660896949,
            "angular_rate_xyz_rad_s": [
              0.20287202298641205,
              -0.7541379332542419,
              0.2484019547700882
            ],
            "angular_velocity_timestamp_us": 1783851586300549,
            "attitude_timestamp_us": 1783851586300549,
            "elapsed_s": 18.302895,
            "pitch_deg": 7.855754268638463,
            "pitch_rate_abs_rad_s": 0.7541379332542419,
            "roll_deg": 34.56257777598576,
            "roll_pitch_abs_deg": 34.56257777598576,
            "roll_rate_abs_rad_s": 0.20287202298641205,
            "timestamp_us": 1783851586300549,
            "yaw_deg": -8.285360678007233,
            "yaw_rate_abs_rad_s": 0.2484019547700882
          },
          "trigger": {
            "angular_rate_norm_max_rad_s": 1.3278,
            "angular_rate_norm_min_rad_s": 0.6278,
            "deadline_s": 54.0,
            "enabled": true,
            "max_topic_age_s": 0.25,
            "method": "SIH groundtruth threshold crossing",
            "roll_pitch_abs_max_deg": 42.5,
            "roll_pitch_abs_min_deg": 34.5,
            "start_s": 18.0,
            "switch_delay_s": 0.09
          }
        },
        "elapsed_s": 18.302895,
        "name": "state_trigger",
        "timestamp_us": 1783851586300549
      },
      "fired": true,
      "match": {
        "angular_rate_error_norm_rad_s": 0.0,
        "matched": true,
        "pitch_error_deg": 0.0,
        "roll_error_deg": 0.0,
        "score": 0.0,
        "switch_us": 26676000
      },
      "task_exit_code": 0
    },
    "task": "tier05_fork_20260712T090728Z/stage3_initial/evals/dense_low_modal_H_rep02_switch_severity_dense_sweep_20260630_wind_m_s_0_s2026062942/mcnn_gate3_switch_severity_dense_sweep_20260630_wind_m_s_0_s2026062942_mcnn_task.json",