{
  "A_wind:high": {
    "compare_path": "/workspace/docs/m2_smoke1x_20260624/evals/m2_smoke1x_20260624_e0000/m1_diff_m2_smoke1x_20260624_e0000.json",
    "genome": {
      "angular_damper_scale": 0.7975251795597589,
      "cross_xy": -0.011643250940540334,
      "cross_xz": 0.035029503655662306,
      "cross_yz": 0.05189965606397988,
      "drag_scale": 1.2056463730116433,
      "family_hint": "A_wind",
      "inertia_pitch_scale": 0.940541428675737,
      "inertia_roll_scale": 0.9553587053143645,
      "inertia_yaw_scale": 1.8256566600254431,
      "mass_scale": 0.9671800762519762,
      "pitch_arm_scale": 1.1014076788975216,
      "roll_arm_scale": 0.990364146968334,
      "setpoint_axis": "x",
      "setpoint_rate_hz": 75.0,
      "setpoint_type": "step",
      "sine_amplitude_m": 0.1689288106640352,
      "sine_frequency_hz": 4.63857763418084,
      "step_m": 0.12189204923198327,
      "switch_s": 18.229945207217817,
      "thrust_scale": 0.902359304349692,
      "thrust_tau_s": 0.07354178423555671,
      "torque_scale": 1.2916922483448867,
      "wind_e": 1.5684698694269308,
      "wind_n": 4.51655513462476
    },
    "result": {
      "classical_safe": true,
      "classical_usable": true,
      "compare_path": "/workspace/docs/m2_smoke1x_20260624/evals/m2_smoke1x_20260624_e0000/m1_diff_m2_smoke1x_20260624_e0000.json",
      "docs_dir": "/workspace/docs/m2_smoke1x_20260624/evals/m2_smoke1x_20260624_e0000",
      "elapsed_wall_s": 144.08783116890118,
      "error": null,
      "feature_bin": "A_wind:high",
      "index": 0,
      "infrastructure_limited": false,
      "primary_bug": false,
      "quadrant": "boring_both_safe",
      "quality": 0.0,
      "raptor_safe": true,
      "returncode": 0,
      "severity": 0.7968578573825903,
      "tag": "m2_smoke1x_20260624_e0000",
      "theta_path": "/workspace/docs/m2_smoke1x_20260624/theta/m2_smoke1x_20260624_e0000.json"
    },
    "theta_path": "/workspace/docs/m2_smoke1x_20260624/theta/m2_smoke1x_20260624_e0000.json"
  }
}
