{
  "analysis": {
    "actuator_rate_hz": 230.36972919500434,
    "actuator_total_counts": {
      "allocator_value_residual": 1059,
      "neural_value": 13622,
      "unknown": 223
    },
    "allocator_fraction_critical_actuator": {
      "count": 25,
      "fraction": 0.07530120481927711,
      "total": 332
    },
    "allocator_fraction_critical_output": {
      "count": 23,
      "fraction": 0.06906906906906907,
      "total": 333
    },
    "allocator_fraction_full_actuator": {
      "count": 1059,
      "fraction": 0.07105475040257649,
      "total": 14904
    },
    "allocator_fraction_full_output": {
      "count": 928,
      "fraction": 0.06251684182161142,
      "total": 14844
    },
    "exact_switch_state": {
      "angular_rate_norm_rad_s": 1.985130530046602,
      "angular_rate_xyz_rad_s": [
        -0.9244632720947266,
        -1.1349499225616455,
        1.3408950567245483
      ],
      "angular_velocity_dt_ms": 0.0,
      "angular_velocity_timestamp_us": 25636000,
      "angular_velocity_topic": "vehicle_angular_velocity_groundtruth",
      "attitude_dt_ms": 0.0,
      "attitude_timestamp_us": 25636000,
      "attitude_topic": "vehicle_attitude_groundtruth",
      "local_position_dt_ms": 0.0,
      "local_position_timestamp_us": 25636000,
      "local_position_topic": "vehicle_local_position_groundtruth",
      "pitch_deg": -33.502188681876014,
      "pitch_rate_abs_rad_s": 1.1349499225616455,
      "position_ned_m": [
        -4.047786712646484,
        -2.712001323699951,
        -2.785003662109375
      ],
      "roll_deg": 38.93651554915527,
      "roll_pitch_abs_deg": 38.93651554915527,
      "roll_rate_abs_rad_s": 0.9244632720947266,
      "switch_us": 25636000,
      "velocity_ned_m_s": [
        -3.5799918174743652,
        3.6849982738494873,
        -0.19329054653644562
      ],
      "velocity_norm_m_s": 5.1412950631954075,
      "yaw_rate_abs_rad_s": 1.3408950567245483
    },
    "first_loss_us": 27096000,
    "loss_dt_s": 1.424,
    "loss_reason": "rate>8",
    "mcnn_value_selfcheck": {
      "actuator_samples": 14904,
      "all_allocator_signature_residuals": 1059,
      "exact_neural_value_matches": 13622,
      "no_simultaneous_neural_timestamp_allocator_signature_residuals": 390,
      "simultaneous_neural_timestamp_nonmatches_with_allocator_signature": 669,
      "with_simultaneous_neural_control_timestamp": 14291
    },
    "nav23_duration_s": 64.696,
    "nav23_end_us": 90368000,
    "nav23_start_us": 25672000,
    "output_rate_hz": 229.44231482626438,
    "output_total_counts": {
      "allocator_value_residual": 928,
      "neural_value": 13691,
      "unknown": 225
    },
    "severity": {
      "controlled": false,
      "evidence": {
        "active_motor_nonfinite": {
          "first_nonfinite": null,
          "nan_count": 0,
          "neginf_count": 0,
          "nonfinite_count": 0,
          "posinf_count": 0,
          "samples": 14936
        },
        "active_motor_saturation_count": 28553,
        "active_motor_saturation_ratio": 0.4779224692019282,
        "analysis_start_us": 25672000,
        "angular_velocity_topic": "vehicle_angular_velocity_groundtruth",
        "attitude_quaternion_finite": true,
        "attitude_topic": "vehicle_attitude_groundtruth",
        "console": {
          "fault": false,
          "matches": [],
          "px4_timeout_rc": false
        },
        "controller": "mcnn",
        "controller_active_us": 25672000,
        "final_error_to_hover_m": 8.043237865937584,
        "last_angular_rate_norm_rad_s": 13.901214867539064,
        "last_pitch_deg": 23.215479094468538,
        "last_position_ned_m": [
          -7.584338665008545,
          -0.956354558467865,
          0.001373291015625
        ],
        "last_roll_deg": -127.32668174845479,
        "last_window_angular_rate_max_rad_s": 20.666982717476813,
        "last_window_roll_pitch_max_deg": 179.87534121259242,
        "local_position_topic": "vehicle_local_position_groundtruth",
        "mission_end_reached": true,
        "mission_end_us": 90496000,
        "mode_confirmed": true,
        "network_output_nonfinite": {
          "first_nonfinite": null,
          "nan_count": 0,
          "neginf_count": 0,
          "nonfinite_count": 0,
          "posinf_count": 0,
          "samples": 14341
        },
        "neural_control_samples": 14341,
        "observation_nonfinite": {
          "first_nonfinite": null,
          "nan_count": 0,
          "neginf_count": 0,
          "nonfinite_count": 0,
          "posinf_count": 0,
          "samples": 14341
        },
        "post_switch_angular_rate_max_rad_s": 23.531637235190274,
        "post_switch_disarmed": false,
        "post_switch_error_to_hover_max_m": 8.158740784276725,
        "post_switch_failsafe": false,
        "post_switch_hover_ned": [
          0.0,
          0.0,
          -2.5
        ],
        "post_switch_min_altitude_agl_m": -0.01470947265625,
        "post_switch_nav_states": [
          14,
          23
        ],
        "post_switch_roll_pitch_max_deg": 179.9989662368577,
        "switch_us": 25636000,
        "task_exit_code": 0
      },
      "reasons": [
        "angular_rate_loss_of_control",
        "attitude_tumble_over_90deg"
      ],
      "severity": 3,
      "severity_label": "S3_uncontrolled_tumble_or_loc",
      "thresholds": {
        "method_a_rate_tolerance_rad_s": 0.45,
        "method_a_roll_pitch_tolerance_deg": 8.0,
        "s0_angular_rate_rad_s": 1.0,
        "s0_final_error_m": 1.5,
        "s0_last_window_s": 2.0,
        "s0_min_altitude_agl_m": 1.0,
        "s0_roll_pitch_deg": 40.0,
        "s2_ground_contact_agl_m": 0.25,
        "s3_angular_rate_rad_s": 8.0,
        "s3_roll_pitch_deg": 90.0
      },
      "uncontrolled": true
    },
    "state_trigger": {
      "event": {
        "detail": {
          "controller_switch_s": 18.003385,
          "state": {
            "angular_rate_norm_rad_s": 1.985130530046602,
            "angular_rate_xyz_rad_s": [
              -0.9244632720947266,
              -1.1349499225616455,
              1.3408950567245483
            ],
            "angular_velocity_timestamp_us": 1783848006774838,
            "attitude_timestamp_us": 1783848006774838,
            "elapsed_s": 18.003385,
            "pitch_deg": -33.502188681876014,
            "pitch_rate_abs_rad_s": 1.1349499225616455,
            "roll_deg": 38.93651554915527,
            "roll_pitch_abs_deg": 38.93651554915527,
            "roll_rate_abs_rad_s": 0.9244632720947266,
            "timestamp_us": 1783848006774838,
            "yaw_deg": -10.139742315463893,
            "yaw_rate_abs_rad_s": 1.3408950567245483
          },
          "trigger": {
            "angular_rate_norm_max_rad_s": 2.15,
            "angular_rate_norm_min_rad_s": 1.55,
            "deadline_s": 54.0,
            "enabled": true,
            "max_topic_age_s": 0.25,
            "method": "SIH groundtruth threshold crossing",
            "roll_pitch_abs_max_deg": 44.0,
            "roll_pitch_abs_min_deg": 36.0,
            "start_s": 18.0
          }
        },
        "elapsed_s": 18.003385,
        "name": "state_trigger",
        "timestamp_us": 1783848006774838
      },
      "fired": true,
      "match": {
        "angular_rate_error_norm_rad_s": 0.0,
        "matched": true,
        "pitch_error_deg": 6.3611093629270335e-15,
        "roll_error_deg": 0.0,
        "score": 6.3611093629270335e-15,
        "switch_us": 25636000
      },
      "task_exit_code": 0
    },
    "task": "tier05_fork_20260712T090728Z/stage0_legacy/evals/pair4_A_rep09_route_a_addendum3_diag_20260629_rp36_44_rate1p55_2p15_w3_r4_f038_s20261902/mcnn_gate3_route_a_addendum3_diag_20260629_rp36_44_rate1p55_2p15_w3_r4_f038_s20261902_mcnn_task.json",