{
  "analysis": {
    "actuator_rate_hz": 229.22926192031352,
    "actuator_total_counts": {
      "allocator_value_residual": 960,
      "neural_value": 12968,
      "unknown": 110
    },
    "allocator_fraction_critical_actuator": {
      "count": 3,
      "fraction": 0.03529411764705882,
      "total": 85
    },
    "allocator_fraction_critical_output": {
      "count": 3,
      "fraction": 0.03529411764705882,
      "total": 85
    },
    "allocator_fraction_full_actuator": {
      "count": 960,
      "fraction": 0.06838580994443653,
      "total": 14038
    },
    "allocator_fraction_full_output": {
      "count": 825,
      "fraction": 0.05886970172684458,
      "total": 14014
    },
    "exact_switch_state": {
      "angular_rate_norm_rad_s": 2.6261821232197424,
      "angular_rate_xyz_rad_s": [
        1.1974670886993408,
        -1.982198715209961,
        1.238464117050171
      ],
      "angular_velocity_dt_ms": 0.0,
      "angular_velocity_timestamp_us": 29216000,
      "angular_velocity_topic": "vehicle_angular_velocity_groundtruth",
      "attitude_dt_ms": 0.0,
      "attitude_timestamp_us": 29216000,
      "attitude_topic": "vehicle_attitude_groundtruth",
      "local_position_dt_ms": 0.0,
      "local_position_timestamp_us": 29216000,
      "local_position_topic": "vehicle_local_position_groundtruth",
      "pitch_deg": 18.191988209352086,
      "pitch_rate_abs_rad_s": 1.982198715209961,
      "position_ned_m": [
        -16.7425537109375,
        -5.490559101104736,
        -2.761993408203125
      ],
      "roll_deg": 48.84908635600365,
      "roll_pitch_abs_deg": 48.84908635600365,
      "roll_rate_abs_rad_s": 1.1974670886993408,
      "switch_us": 29216000,
      "velocity_ned_m_s": [
        -6.95235538482666,
        -0.1377456784248352,
        -0.07077817618846893
      ],
      "velocity_norm_m_s": 6.954080012415556,
      "yaw_rate_abs_rad_s": 1.238464117050171
    },
    "first_loss_us": 29616000,
    "loss_dt_s": 0.38,
    "loss_reason": "tilt>90",
    "mcnn_value_selfcheck": {
      "actuator_samples": 14038,
      "all_allocator_signature_residuals": 960,
      "exact_neural_value_matches": 12968,
      "no_simultaneous_neural_timestamp_allocator_signature_residuals": 380,
      "simultaneous_neural_timestamp_nonmatches_with_allocator_signature": 580,
      "with_simultaneous_neural_control_timestamp": 13548
    },
    "nav23_duration_s": 61.24,
    "nav23_end_us": 90476000,
    "nav23_start_us": 29236000,
    "output_rate_hz": 228.83736120182886,
    "output_total_counts": {
      "allocator_value_residual": 825,
      "neural_value": 13082,
      "unknown": 107
    },
    "severity": {
      "controlled": false,
      "evidence": {
        "active_motor_nonfinite": {
          "first_nonfinite": null,
          "nan_count": 0,
          "neginf_count": 0,
          "nonfinite_count": 0,
          "posinf_count": 0,
          "samples": 14038
        },
        "active_motor_saturation_count": 55758,
        "active_motor_saturation_ratio": 0.9929833309588261,
        "analysis_start_us": 29236000,
        "angular_velocity_topic": "vehicle_angular_velocity_groundtruth",
        "attitude_quaternion_finite": true,
        "attitude_topic": "vehicle_attitude_groundtruth",
        "console": {
          "fault": false,
          "matches": [],
          "px4_timeout_rc": false
        },
        "controller": "mcnn",
        "controller_active_us": 29236000,
        "final_error_to_hover_m": 22.89666011410569,
        "last_angular_rate_norm_rad_s": 20.701206027617843,
        "last_pitch_deg": 51.61090583730843,
        "last_position_ned_m": [
          -22.418088912963867,
          -3.907327175140381,
          0.033599853515625
        ],
        "last_roll_deg": -87.12457003760952,
        "last_window_angular_rate_max_rad_s": 22.29131813657382,
        "last_window_roll_pitch_max_deg": 179.96844205934278,
        "local_position_topic": "vehicle_local_position_groundtruth",
        "mission_end_reached": true,
        "mission_end_us": 90476000,
        "mode_confirmed": true,
        "network_output_nonfinite": {
          "first_nonfinite": null,
          "nan_count": 0,
          "neginf_count": 0,
          "nonfinite_count": 0,
          "posinf_count": 0,
          "samples": 13584
        },
        "neural_control_samples": 13584,
        "observation_nonfinite": {
          "first_nonfinite": null,
          "nan_count": 0,
          "neginf_count": 0,
          "nonfinite_count": 0,
          "posinf_count": 0,
          "samples": 13584
        },
        "post_switch_angular_rate_max_rad_s": 25.025316868001358,
        "post_switch_disarmed": false,
        "post_switch_error_to_hover_max_m": 22.896660154791945,
        "post_switch_failsafe": false,
        "post_switch_hover_ned": [
          0.0,
          0.0,
          -2.5
        ],
        "post_switch_min_altitude_agl_m": -0.033660888671875,
        "post_switch_nav_states": [
          14,
          23
        ],
        "post_switch_roll_pitch_max_deg": 179.98738069687818,
        "switch_us": 29216000,
        "task_exit_code": 0
      },
      "reasons": [
        "angular_rate_loss_of_control",
        "attitude_tumble_over_90deg"
      ],
      "severity": 3,
      "severity_label": "S3_uncontrolled_tumble_or_loc",
      "thresholds": {
        "method_a_rate_tolerance_rad_s": 0.45,
        "method_a_roll_pitch_tolerance_deg": 8.0,
        "s0_angular_rate_rad_s": 1.0,
        "s0_final_error_m": 1.5,
        "s0_last_window_s": 2.0,
        "s0_min_altitude_agl_m": 1.0,
        "s0_roll_pitch_deg": 40.0,
        "s2_ground_contact_agl_m": 0.25,
        "s3_angular_rate_rad_s": 8.0,
        "s3_roll_pitch_deg": 90.0
      },
      "uncontrolled": true
    },
    "state_trigger": {
      "event": {
        "detail": {
          "controller_switch_s": 21.74534,
          "state": {
            "angular_rate_norm_rad_s": 2.6261821232197424,
            "angular_rate_xyz_rad_s": [
              1.1974670886993408,
              -1.982198715209961,
              1.238464117050171
            ],
            "angular_velocity_timestamp_us": 1783848363744283,
            "attitude_timestamp_us": 1783848363744283,
            "elapsed_s": 21.74534,
            "pitch_deg": 18.191988209352086,
            "pitch_rate_abs_rad_s": 1.982198715209961,
            "roll_deg": 48.84908635600365,
            "roll_pitch_abs_deg": 48.84908635600365,
            "roll_rate_abs_rad_s": 1.1974670886993408,
            "timestamp_us": 1783848363744283,
            "yaw_deg": -13.474360381603871,
            "yaw_rate_abs_rad_s": 1.238464117050171
          },
          "trigger": {
            "angular_rate_norm_max_rad_s": 2.9,
            "angular_rate_norm_min_rad_s": 2.45,
            "deadline_s": 54.0,
            "enabled": true,
            "max_topic_age_s": 0.25,
            "method": "SIH groundtruth threshold crossing",
            "roll_pitch_abs_max_deg": 62.0,
            "roll_pitch_abs_min_deg": 48.0,
            "start_s": 18.0
          }
        },
        "elapsed_s": 21.74534,
        "name": "state_trigger",
        "timestamp_us": 1783848363744283
      },
      "fired": true,
      "match": {
        "angular_rate_error_norm_rad_s": 0.0,
        "matched": true,
        "pitch_error_deg": 0.0,
        "roll_error_deg": 0.0,
        "score": 0.0,
        "switch_us": 29216000
      },
      "task_exit_code": 0
    },
    "task": "tier05_fork_20260712T090728Z/stage0_legacy/evals/pair1_A_rep03_route_a_addendum3_diag_20260629_rp48_62_rate2p45_2p90_w6_r6_f045_s20262001/mcnn_gate3_route_a_addendum3_diag_20260629_rp48_62_rate2p45_2p90_w6_r6_f045_s20262001_mcnn_task.json",
    "ulog": "tier05_fork_20260712T090728Z/stage0_legacy/evals/pair1_A_rep03_route_a_addendum3_diag_20260629_rp48_62_rate2p45_2p90_w6_r6_f045_s20262001/mcnn_gate3_route_a_addendum3_diag_20260629_rp48_62_rate2p45_2p90_w6_r6_f045_s20262001_mcnn.ulg"
  },
  "arm": "A",