{
  "analysis": {
    "actuator_rate_hz": 240.33105456386883,
    "actuator_total_counts": {
      "allocator_value_residual": 1305,
      "neural_value": 13700,
      "unknown": 182
    },
    "allocator_fraction_critical_actuator": {
      "count": 21,
      "fraction": 0.06976744186046512,
      "total": 301
    },
    "allocator_fraction_critical_output": {
      "count": 19,
      "fraction": 0.06440677966101695,
      "total": 295
    },
    "allocator_fraction_full_actuator": {
      "count": 1305,
      "fraction": 0.08592875485612696,
      "total": 15187
    },
    "allocator_fraction_full_output": {
      "count": 1180,
      "fraction": 0.07853577371048252,
      "total": 15025
    },
    "exact_switch_state": {
      "angular_rate_norm_rad_s": 0.8587835625034363,
      "angular_rate_xyz_rad_s": [
        0.2951403856277466,
        -0.7822132110595703,
        0.19632588326931
      ],
      "angular_velocity_dt_ms": 0.0,
      "angular_velocity_timestamp_us": 26628000,
      "angular_velocity_topic": "vehicle_angular_velocity_groundtruth",
      "attitude_dt_ms": 0.0,
      "attitude_timestamp_us": 26628000,
      "attitude_topic": "vehicle_attitude_groundtruth",
      "local_position_dt_ms": 0.0,
      "local_position_timestamp_us": 26628000,
      "local_position_topic": "vehicle_local_position_groundtruth",
      "pitch_deg": 10.206726147382083,
      "pitch_rate_abs_rad_s": 0.7822132110595703,
      "position_ned_m": [
        -0.7770700454711914,
        -3.2445924282073975,
        -2.354339599609375
      ],
      "roll_deg": 34.51032185146247,
      "roll_pitch_abs_deg": 34.51032185146247,
      "roll_rate_abs_rad_s": 0.2951403856277466,
      "switch_us": 26628000,
      "velocity_ned_m_s": [
        -3.0058650970458984,
        1.2533193826675415,
        0.05867527052760124
      ],
      "velocity_norm_m_s": 3.257219250216415,
      "yaw_rate_abs_rad_s": 0.19632588326931
    },
    "first_loss_us": 28016000,
    "loss_dt_s": 1.264,
    "loss_reason": "rate>8",
    "mcnn_value_selfcheck": {
      "actuator_samples": 15187,
      "all_allocator_signature_residuals": 1305,
      "exact_neural_value_matches": 13700,
      "no_simultaneous_neural_timestamp_allocator_signature_residuals": 423,
      "simultaneous_neural_timestamp_nonmatches_with_allocator_signature": 882,
      "with_simultaneous_neural_control_timestamp": 14582
    },
    "nav23_duration_s": 63.192,
    "nav23_end_us": 89944000,
    "nav23_start_us": 26752000,
    "output_rate_hz": 237.76743891631853,
    "output_total_counts": {
      "allocator_value_residual": 1180,
      "neural_value": 13667,
      "unknown": 178
    },
    "severity": {
      "controlled": false,
      "evidence": {
        "active_motor_nonfinite": {
          "first_nonfinite": null,
          "nan_count": 0,
          "neginf_count": 0,
          "nonfinite_count": 0,
          "posinf_count": 0,
          "samples": 15299
        },
        "active_motor_saturation_count": 33794,
        "active_motor_saturation_ratio": 0.5522256356624616,
        "analysis_start_us": 26752000,
        "angular_velocity_topic": "vehicle_angular_velocity_groundtruth",
        "attitude_quaternion_finite": true,
        "attitude_topic": "vehicle_attitude_groundtruth",
        "console": {
          "fault": false,
          "matches": [],
          "px4_timeout_rc": false
        },
        "controller": "mcnn",
        "controller_active_us": 26752000,
        "final_error_to_hover_m": 6.412524075287384,
        "last_angular_rate_norm_rad_s": 18.570375993931815,
        "last_pitch_deg": -38.53150447227434,
        "last_position_ned_m": [
          -5.681025981903076,
          1.2117104530334473,
          0.216278076171875
        ],
        "last_roll_deg": -171.72097405925763,
        "last_window_angular_rate_max_rad_s": 19.45111370116047,
        "last_window_roll_pitch_max_deg": 179.5902798987588,
        "local_position_topic": "vehicle_local_position_groundtruth",
        "mission_end_reached": true,
        "mission_end_us": 90396000,
        "mode_confirmed": true,
        "network_output_nonfinite": {
          "first_nonfinite": null,
          "nan_count": 0,
          "neginf_count": 0,
          "nonfinite_count": 0,
          "posinf_count": 0,
          "samples": 14701
        },
        "neural_control_samples": 14701,
        "observation_nonfinite": {
          "first_nonfinite": null,
          "nan_count": 0,
          "neginf_count": 0,
          "nonfinite_count": 0,
          "posinf_count": 0,
          "samples": 14701
        },
        "post_switch_angular_rate_max_rad_s": 21.03455062035798,
        "post_switch_disarmed": false,
        "post_switch_error_to_hover_max_m": 6.51487937614729,
        "post_switch_failsafe": false,
        "post_switch_hover_ned": [
          0.0,
          0.0,
          -2.5
        ],
        "post_switch_min_altitude_agl_m": -0.39459228515625,
        "post_switch_nav_states": [
          14,
          23
        ],
        "post_switch_roll_pitch_max_deg": 179.9955522936566,
        "switch_us": 26628000,
        "task_exit_code": 0
      },
      "reasons": [
        "angular_rate_loss_of_control",
        "attitude_tumble_over_90deg"
      ],
      "severity": 3,
      "severity_label": "S3_uncontrolled_tumble_or_loc",
      "thresholds": {
        "method_a_rate_tolerance_rad_s": 0.45,
        "method_a_roll_pitch_tolerance_deg": 8.0,
        "s0_angular_rate_rad_s": 1.0,
        "s0_final_error_m": 1.5,
        "s0_last_window_s": 2.0,
        "s0_min_altitude_agl_m": 1.0,
        "s0_roll_pitch_deg": 40.0,
        "s2_ground_contact_agl_m": 0.25,
        "s3_angular_rate_rad_s": 8.0,
        "s3_roll_pitch_deg": 90.0
      },
      "uncontrolled": true
    },
    "state_trigger": {
      "event": {
        "detail": {
          "controller_switch_s": 18.343177,
          "state": {
            "angular_rate_norm_rad_s": 0.8587835625034363,
            "angular_rate_xyz_rad_s": [
              0.2951403856277466,
              -0.7822132110595703,
              0.19632588326931
            ],
            "angular_velocity_timestamp_us": 1783852528140464,
            "attitude_timestamp_us": 1783852528140464,
            "elapsed_s": 18.253177,
            "pitch_deg": 10.206726147382083,
            "pitch_rate_abs_rad_s": 0.7822132110595703,
            "roll_deg": 34.51032185146247,
            "roll_pitch_abs_deg": 34.51032185146247,
            "roll_rate_abs_rad_s": 0.2951403856277466,
            "timestamp_us": 1783852528140464,
            "yaw_deg": -8.355235269940732,
            "yaw_rate_abs_rad_s": 0.19632588326931
          },
          "trigger": {
            "angular_rate_norm_max_rad_s": 1.3278,
            "angular_rate_norm_min_rad_s": 0.6278,
            "deadline_s": 54.0,
            "enabled": true,
            "max_topic_age_s": 0.25,
            "method": "SIH groundtruth threshold crossing",
            "roll_pitch_abs_max_deg": 42.5,
            "roll_pitch_abs_min_deg": 34.5,
            "start_s": 18.0,
            "switch_delay_s": 0.09
          }
        },
        "elapsed_s": 18.253177,
        "name": "state_trigger",
        "timestamp_us": 1783852528140464
      },
      "fired": true,
      "match": {
        "angular_rate_error_norm_rad_s": 0.0,
        "matched": true,
        "pitch_error_deg": 0.0,
        "roll_error_deg": 0.0,
        "score": 0.0,
        "switch_us": 26628000
      },
      "task_exit_code": 0
    },
    "task": "tier05_fork_20260712T090728Z/stage3_initial/evals/dense_low_modal_H_rep14_switch_severity_dense_sweep_20260630_wind_m_s_0_s2026062942/mcnn_gate3_switch_severity_dense_sweep_20260630_wind_m_s_0_s2026062942_mcnn_task.json",
    "ulog": "tier05_fork_20260712T090728Z/stage3_initial/evals/dense_low_modal_H_rep14_switch_severity_dense_sweep_20260630_wind_m_s_0_s2026062942/mcnn_gate3_switch_severity_dense_sweep_20260630_wind_m_s_0_s2026062942_mcnn.ulg"
  },