{
  "analysis": {
    "actuator_rate_hz": 240.41307425041822,
    "actuator_total_counts": {
      "allocator_value_residual": 1434,
      "neural_value": 13347,
      "unknown": 165
    },
    "allocator_fraction_critical_actuator": {
      "count": 14,
      "fraction": 0.07446808510638298,
      "total": 188
    },
    "allocator_fraction_critical_output": {
      "count": 13,
      "fraction": 0.06989247311827956,
      "total": 186
    },
    "allocator_fraction_full_actuator": {
      "count": 1434,
      "fraction": 0.09594540345242875,
      "total": 14946
    },
    "allocator_fraction_full_output": {
      "count": 1293,
      "fraction": 0.08747716663283946,
      "total": 14781
    },
    "exact_switch_state": {
      "angular_rate_norm_rad_s": 2.666287207018012,
      "angular_rate_xyz_rad_s": [
        1.4591823816299438,
        -1.8992975950241089,
        1.171555757522583
      ],
      "angular_velocity_dt_ms": 0.0,
      "angular_velocity_timestamp_us": 27908000,
      "angular_velocity_topic": "vehicle_angular_velocity_groundtruth",
      "attitude_dt_ms": 0.0,
      "attitude_timestamp_us": 27908000,
      "attitude_topic": "vehicle_attitude_groundtruth",
      "local_position_dt_ms": 0.0,
      "local_position_timestamp_us": 27908000,
      "local_position_topic": "vehicle_local_position_groundtruth",
      "pitch_deg": 25.44863620547213,
      "pitch_rate_abs_rad_s": 1.8992975950241089,
      "position_ned_m": [
        -9.068467140197754,
        -4.470253944396973,
        -2.320465087890625
      ],
      "roll_deg": 48.82792746696051,
      "roll_pitch_abs_deg": 48.82792746696051,
      "roll_rate_abs_rad_s": 1.4591823816299438,
      "switch_us": 27908000,
      "velocity_ned_m_s": [
        -6.341784954071045,
        -0.9763749837875366,
        0.004947224166244268
      ],
      "velocity_norm_m_s": 6.416507538192015,
      "yaw_rate_abs_rad_s": 1.171555757522583
    },
    "first_loss_us": 28716000,
    "loss_dt_s": 0.784,
    "loss_reason": "tilt>90",
    "mcnn_value_selfcheck": {
      "actuator_samples": 14946,
      "all_allocator_signature_residuals": 1434,
      "exact_neural_value_matches": 13347,
      "no_simultaneous_neural_timestamp_allocator_signature_residuals": 462,
      "simultaneous_neural_timestamp_nonmatches_with_allocator_signature": 972,
      "with_simultaneous_neural_control_timestamp": 14319
    },
    "nav23_duration_s": 62.168,
    "nav23_end_us": 90100000,
    "nav23_start_us": 27932000,
    "output_rate_hz": 237.75897567880583,
    "output_total_counts": {
      "allocator_value_residual": 1293,
      "neural_value": 13327,
      "unknown": 161
    },
    "severity": {
      "controlled": false,
      "evidence": {
        "active_motor_nonfinite": {
          "first_nonfinite": null,
          "nan_count": 0,
          "neginf_count": 0,
          "nonfinite_count": 0,
          "posinf_count": 0,
          "samples": 15026
        },
        "active_motor_saturation_count": 55261,
        "active_motor_saturation_ratio": 0.9194230001331026,
        "analysis_start_us": 27932000,
        "angular_velocity_topic": "vehicle_angular_velocity_groundtruth",
        "attitude_quaternion_finite": true,
        "attitude_topic": "vehicle_attitude_groundtruth",
        "console": {
          "fault": false,
          "matches": [],
          "px4_timeout_rc": false
        },
        "controller": "mcnn",
        "controller_active_us": 27932000,
        "final_error_to_hover_m": 14.107870269387588,
        "last_angular_rate_norm_rad_s": 20.325666885633446,
        "last_pitch_deg": 1.1387028359227833,
        "last_position_ned_m": [
          -13.428503036499023,
          -3.5136055946350098,
          0.02227783203125
        ],
        "last_roll_deg": -27.545235358279374,
        "last_window_angular_rate_max_rad_s": 23.107245817431224,
        "last_window_roll_pitch_max_deg": 179.95909112644085,
        "local_position_topic": "vehicle_local_position_groundtruth",
        "mission_end_reached": true,
        "mission_end_us": 90420000,
        "mode_confirmed": true,
        "network_output_nonfinite": {
          "first_nonfinite": null,
          "nan_count": 0,
          "neginf_count": 0,
          "nonfinite_count": 0,
          "posinf_count": 0,
          "samples": 14395
        },
        "neural_control_samples": 14395,
        "observation_nonfinite": {
          "first_nonfinite": null,
          "nan_count": 0,
          "neginf_count": 0,
          "nonfinite_count": 0,
          "posinf_count": 0,
          "samples": 14395
        },
        "post_switch_angular_rate_max_rad_s": 24.15940055149425,
        "post_switch_disarmed": false,
        "post_switch_error_to_hover_max_m": 14.107870269387588,
        "post_switch_failsafe": false,
        "post_switch_hover_ned": [
          0.0,
          0.0,
          -2.5
        ],
        "post_switch_min_altitude_agl_m": -0.02227783203125,
        "post_switch_nav_states": [
          14,
          23
        ],
        "post_switch_roll_pitch_max_deg": 179.9743503393021,
        "switch_us": 27908000,
        "task_exit_code": 0
      },
      "reasons": [
        "angular_rate_loss_of_control",
        "attitude_tumble_over_90deg"
      ],
      "severity": 3,
      "severity_label": "S3_uncontrolled_tumble_or_loc",
      "thresholds": {
        "method_a_rate_tolerance_rad_s": 0.45,
        "method_a_roll_pitch_tolerance_deg": 8.0,
        "s0_angular_rate_rad_s": 1.0,
        "s0_final_error_m": 1.5,
        "s0_last_window_s": 2.0,
        "s0_min_altitude_agl_m": 1.0,
        "s0_roll_pitch_deg": 40.0,
        "s2_ground_contact_agl_m": 0.25,
        "s3_angular_rate_rad_s": 8.0,
        "s3_roll_pitch_deg": 90.0
      },
      "uncontrolled": true
    },
    "state_trigger": {
      "event": {
        "detail": {
          "controller_switch_s": 19.534587,
          "state": {
            "angular_rate_norm_rad_s": 2.666287207018012,
            "angular_rate_xyz_rad_s": [
              1.4591823816299438,
              -1.8992975950241089,
              1.171555757522583
            ],
            "angular_velocity_timestamp_us": 1783855278491871,
            "attitude_timestamp_us": 1783855278491871,
            "elapsed_s": 19.534587,
            "pitch_deg": 25.44863620547213,
            "pitch_rate_abs_rad_s": 1.8992975950241089,
            "roll_deg": 48.82792746696051,
            "roll_pitch_abs_deg": 48.82792746696051,
            "roll_rate_abs_rad_s": 1.4591823816299438,
            "timestamp_us": 1783855278491871,
            "yaw_deg": -12.337771989253747,
            "yaw_rate_abs_rad_s": 1.171555757522583
          },
          "trigger": {
            "angular_rate_norm_max_rad_s": 2.9,
            "angular_rate_norm_min_rad_s": 2.45,
            "deadline_s": 54.0,
            "enabled": true,
            "max_topic_age_s": 0.25,
            "method": "SIH groundtruth threshold crossing",
            "roll_pitch_abs_max_deg": 62.0,
            "roll_pitch_abs_min_deg": 48.0,
            "start_s": 18.0
          }
        },
        "elapsed_s": 19.534587,
        "name": "state_trigger",
        "timestamp_us": 1783855278491871
      },
      "fired": true,
      "match": {
        "angular_rate_error_norm_rad_s": 0.0,
        "matched": true,
        "pitch_error_deg": 3.1805546814635168e-15,
        "roll_error_deg": 0.0,
        "score": 3.1805546814635168e-15,
        "switch_us": 27908000
      },
      "task_exit_code": 0
    },
    "task": "tier05_fork_20260712T090728Z/stage3_initial/evals/pair1_H_rep09_route_a_addendum3_diag_20260629_rp48_62_rate2p45_2p90_w6_r6_f045_s20262001/mcnn_gate3_route_a_addendum3_diag_20260629_rp48_62_rate2p45_2p90_w6_r6_f045_s20262001_mcnn_task.json",