{
  "analysis": {
    "actuator_rate_hz": 241.50383697684916,
    "actuator_total_counts": {
      "allocator_value_residual": 1409,
      "neural_value": 13394,
      "unknown": 177
    },
    "allocator_fraction_critical_actuator": {
      "count": 18,
      "fraction": 0.08955223880597014,
      "total": 201
    },
    "allocator_fraction_critical_output": {
      "count": 16,
      "fraction": 0.07960199004975124,
      "total": 201
    },
    "allocator_fraction_full_actuator": {
      "count": 1409,
      "fraction": 0.09405874499332444,
      "total": 14980
    },
    "allocator_fraction_full_output": {
      "count": 1281,
      "fraction": 0.08650145181983929,
      "total": 14809
    },
    "exact_switch_state": {
      "angular_rate_norm_rad_s": 2.646308107435487,
      "angular_rate_xyz_rad_s": [
        1.567468523979187,
        -1.8178799152374268,
        1.1141371726989746
      ],
      "angular_velocity_dt_ms": 0.0,
      "angular_velocity_timestamp_us": 27880000,
      "angular_velocity_topic": "vehicle_angular_velocity_groundtruth",
      "attitude_dt_ms": 0.0,
      "attitude_timestamp_us": 27880000,
      "attitude_topic": "vehicle_attitude_groundtruth",
      "local_position_dt_ms": 0.0,
      "local_position_timestamp_us": 27880000,
      "local_position_topic": "vehicle_local_position_groundtruth",
      "pitch_deg": 25.128757113171677,
      "pitch_rate_abs_rad_s": 1.8178799152374268,
      "position_ned_m": [
        -9.181365966796875,
        -5.55706262588501,
        -2.20220947265625
      ],
      "roll_deg": 48.14550171738458,
      "roll_pitch_abs_deg": 48.14550171738458,
      "roll_rate_abs_rad_s": 1.567468523979187,
      "switch_us": 27880000,
      "velocity_ned_m_s": [
        -6.143818378448486,
        -1.2124950885772705,
        -0.1884150505065918
      ],
      "velocity_norm_m_s": 6.265153536701458,
      "yaw_rate_abs_rad_s": 1.1141371726989746
    },
    "first_loss_us": 28736000,
    "loss_dt_s": 0.836,
    "loss_reason": "tilt>90",
    "mcnn_value_selfcheck": {
      "actuator_samples": 14980,
      "all_allocator_signature_residuals": 1409,
      "exact_neural_value_matches": 13394,
      "no_simultaneous_neural_timestamp_allocator_signature_residuals": 440,
      "simultaneous_neural_timestamp_nonmatches_with_allocator_signature": 969,
      "with_simultaneous_neural_control_timestamp": 14363
    },
    "nav23_duration_s": 62.028,
    "nav23_end_us": 89928000,
    "nav23_start_us": 27900000,
    "output_rate_hz": 238.7470174759786,
    "output_total_counts": {
      "allocator_value_residual": 1281,
      "neural_value": 13351,
      "unknown": 177
    },
    "severity": {
      "controlled": false,
      "evidence": {
        "active_motor_nonfinite": {
          "first_nonfinite": null,
          "nan_count": 0,
          "neginf_count": 0,
          "nonfinite_count": 0,
          "posinf_count": 0,
          "samples": 15089
        },
        "active_motor_saturation_count": 50988,
        "active_motor_saturation_ratio": 0.84478759361124,
        "analysis_start_us": 27900000,
        "angular_velocity_topic": "vehicle_angular_velocity_groundtruth",
        "attitude_quaternion_finite": true,
        "attitude_topic": "vehicle_attitude_groundtruth",
        "console": {
          "fault": false,
          "matches": [],
          "px4_timeout_rc": false
        },
        "controller": "mcnn",
        "controller_active_us": 27900000,
        "final_error_to_hover_m": 15.359273833014816,
        "last_angular_rate_norm_rad_s": 20.266447661645586,
        "last_pitch_deg": -0.7699086014367147,
        "last_position_ned_m": [
          -14.505847930908203,
          -4.384544849395752,
          0.002685546875
        ],
        "last_roll_deg": 47.25973575428116,
        "last_window_angular_rate_max_rad_s": 20.32705108671251,
        "last_window_roll_pitch_max_deg": 175.84586722415048,
        "local_position_topic": "vehicle_local_position_groundtruth",
        "mission_end_reached": true,
        "mission_end_us": 90372000,
        "mode_confirmed": true,
        "network_output_nonfinite": {
          "first_nonfinite": null,
          "nan_count": 0,
          "neginf_count": 0,
          "nonfinite_count": 0,
          "posinf_count": 0,
          "samples": 14476
        },
        "neural_control_samples": 14476,
        "observation_nonfinite": {
          "first_nonfinite": null,
          "nan_count": 0,
          "neginf_count": 0,
          "nonfinite_count": 0,
          "posinf_count": 0,
          "samples": 14476
        },
        "post_switch_angular_rate_max_rad_s": 23.60238690688666,
        "post_switch_disarmed": false,
        "post_switch_error_to_hover_max_m": 15.359273833014816,
        "post_switch_failsafe": false,
        "post_switch_hover_ned": [
          0.0,
          0.0,
          -2.5
        ],
        "post_switch_min_altitude_agl_m": -0.01898193359375,
        "post_switch_nav_states": [
          14,
          23
        ],
        "post_switch_roll_pitch_max_deg": 179.9971007418792,
        "switch_us": 27880000,
        "task_exit_code": 0
      },
      "reasons": [
        "angular_rate_loss_of_control",
        "attitude_tumble_over_90deg"
      ],
      "severity": 3,
      "severity_label": "S3_uncontrolled_tumble_or_loc",
      "thresholds": {
        "method_a_rate_tolerance_rad_s": 0.45,
        "method_a_roll_pitch_tolerance_deg": 8.0,
        "s0_angular_rate_rad_s": 1.0,
        "s0_final_error_m": 1.5,
        "s0_last_window_s": 2.0,
        "s0_min_altitude_agl_m": 1.0,
        "s0_roll_pitch_deg": 40.0,
        "s2_ground_contact_agl_m": 0.25,
        "s3_angular_rate_rad_s": 8.0,
        "s3_roll_pitch_deg": 90.0
      },
      "uncontrolled": true
    },
    "state_trigger": {
      "event": {
        "detail": {
          "controller_switch_s": 19.51847,
          "state": {
            "angular_rate_norm_rad_s": 2.646308107435487,
            "angular_rate_xyz_rad_s": [
              1.567468523979187,
              -1.8178799152374268,
              1.1141371726989746
            ],
            "angular_velocity_timestamp_us": 1783855670865069,
            "attitude_timestamp_us": 1783855670865069,
            "elapsed_s": 19.51847,
            "pitch_deg": 25.128757113171677,
            "pitch_rate_abs_rad_s": 1.8178799152374268,
            "roll_deg": 48.14550171738458,
            "roll_pitch_abs_deg": 48.14550171738458,
            "roll_rate_abs_rad_s": 1.567468523979187,
            "timestamp_us": 1783855670865069,
            "yaw_deg": -11.478167157869619,
            "yaw_rate_abs_rad_s": 1.1141371726989746
          },
          "trigger": {
            "angular_rate_norm_max_rad_s": 2.9,
            "angular_rate_norm_min_rad_s": 2.45,
            "deadline_s": 54.0,
            "enabled": true,
            "max_topic_age_s": 0.25,
            "method": "SIH groundtruth threshold crossing",
            "roll_pitch_abs_max_deg": 62.0,
            "roll_pitch_abs_min_deg": 48.0,
            "start_s": 18.0
          }
        },
        "elapsed_s": 19.51847,
        "name": "state_trigger",
        "timestamp_us": 1783855670865069
      },
      "fired": true,
      "match": {
        "angular_rate_error_norm_rad_s": 0.0,
        "matched": true,
        "pitch_error_deg": 0.0,
        "roll_error_deg": 0.0,
        "score": 0.0,
        "switch_us": 27880000
      },
      "task_exit_code": 0
    },
    "task": "tier05_fork_20260712T090728Z/stage3_initial/evals/pair1_H_rep14_route_a_addendum3_diag_20260629_rp48_62_rate2p45_2p90_w6_r6_f045_s20262001/mcnn_gate3_route_a_addendum3_diag_20260629_rp48_62_rate2p45_2p90_w6_r6_f045_s20262001_mcnn_task.json",
    "ulog": "tier05_fork_20260712T090728Z/stage3_initial/evals/pair1_H_rep14_route_a_addendum3_diag_20260629_rp48_62_rate2p45_2p90_w6_r6_f045_s20262001/mcnn_gate3_route_a_addendum3_diag_20260629_rp48_62_rate2p45_2p90_w6_r6_f045_s20262001_mcnn.ulg"
  },
  "arm": "H",