{
  "analysis": {
    "actuator_rate_hz": 240.49153399039676,
    "actuator_total_counts": {
      "allocator_value_residual": 1373,
      "neural_value": 13676,
      "unknown": 177
    },
    "allocator_fraction_critical_actuator": {
      "count": 32,
      "fraction": 0.1,
      "total": 320
    },
    "allocator_fraction_critical_output": {
      "count": 27,
      "fraction": 0.08681672025723473,
      "total": 311
    },
    "allocator_fraction_full_actuator": {
      "count": 1373,
      "fraction": 0.09017470116905293,
      "total": 15226
    },
    "allocator_fraction_full_output": {
      "count": 1217,
      "fraction": 0.08100911935032949,
      "total": 15023
    },
    "exact_switch_state": {
      "angular_rate_norm_rad_s": 0.8361512129028803,
      "angular_rate_xyz_rad_s": [
        0.24677865207195282,
        -0.7603406310081482,
        0.24521678686141968
      ],
      "angular_velocity_dt_ms": 0.0,
      "angular_velocity_timestamp_us": 26732000,
      "angular_velocity_topic": "vehicle_angular_velocity_groundtruth",
      "attitude_dt_ms": 0.0,
      "attitude_timestamp_us": 26732000,
      "attitude_topic": "vehicle_attitude_groundtruth",
      "local_position_dt_ms": 0.0,
      "local_position_timestamp_us": 26732000,
      "local_position_topic": "vehicle_local_position_groundtruth",
      "pitch_deg": 8.316611382552761,
      "pitch_rate_abs_rad_s": 0.7603406310081482,
      "position_ned_m": [
        -0.935887336730957,
        -2.980947732925415,
        -2.47900390625
      ],
      "roll_deg": 34.65646949355195,
      "roll_pitch_abs_deg": 34.65646949355195,
      "roll_rate_abs_rad_s": 0.24677865207195282,
      "switch_us": 26732000,
      "velocity_ned_m_s": [
        -2.8959767818450928,
        1.6121019124984741,
        0.013349605724215508
      ],
      "velocity_norm_m_s": 3.3144731571156356,
      "yaw_rate_abs_rad_s": 0.24521678686141968
    },
    "first_loss_us": 28196000,
    "loss_dt_s": 1.336,
    "loss_reason": "rate>8",
    "mcnn_value_selfcheck": {
      "actuator_samples": 15226,
      "all_allocator_signature_residuals": 1373,
      "exact_neural_value_matches": 13676,
      "no_simultaneous_neural_timestamp_allocator_signature_residuals": 480,
      "simultaneous_neural_timestamp_nonmatches_with_allocator_signature": 893,
      "with_simultaneous_neural_control_timestamp": 14569
    },
    "nav23_duration_s": 63.312,
    "nav23_end_us": 90172000,
    "nav23_start_us": 26860000,
    "output_rate_hz": 237.28519080111195,
    "output_total_counts": {
      "allocator_value_residual": 1217,
      "neural_value": 13630,
      "unknown": 176
    },
    "severity": {
      "controlled": false,
      "evidence": {
        "active_motor_nonfinite": {
          "first_nonfinite": null,
          "nan_count": 0,
          "neginf_count": 0,
          "nonfinite_count": 0,
          "posinf_count": 0,
          "samples": 15284
        },
        "active_motor_saturation_count": 6725,
        "active_motor_saturation_ratio": 0.11000065427898456,
        "analysis_start_us": 26860000,
        "angular_velocity_topic": "vehicle_angular_velocity_groundtruth",
        "attitude_quaternion_finite": true,
        "attitude_topic": "vehicle_attitude_groundtruth",
        "console": {
          "fault": false,
          "matches": [],
          "px4_timeout_rc": false
        },
        "controller": "mcnn",
        "controller_active_us": 26860000,
        "final_error_to_hover_m": 0.1327412070309236,
        "last_angular_rate_norm_rad_s": 0.11256576844608895,
        "last_pitch_deg": 0.17647229465966907,
        "last_position_ned_m": [
          -0.09658904373645782,
          -0.08532050251960754,
          -2.53179931640625
        ],
        "last_roll_deg": -0.8341049432697497,
        "last_window_angular_rate_max_rad_s": 0.3765904755845234,
        "last_window_roll_pitch_max_deg": 2.8174082071642417,
        "local_position_topic": "vehicle_local_position_groundtruth",
        "mission_end_reached": true,
        "mission_end_us": 90408000,
        "mode_confirmed": true,
        "network_output_nonfinite": {
          "first_nonfinite": null,
          "nan_count": 0,
          "neginf_count": 0,
          "nonfinite_count": 0,
          "posinf_count": 0,
          "samples": 14635
        },
        "neural_control_samples": 14635,
        "observation_nonfinite": {
          "first_nonfinite": null,
          "nan_count": 0,
          "neginf_count": 0,
          "nonfinite_count": 0,
          "posinf_count": 0,
          "samples": 14635
        },
        "post_switch_angular_rate_max_rad_s": 16.348529895500892,
        "post_switch_disarmed": false,
        "post_switch_error_to_hover_max_m": 6.232621199280904,
        "post_switch_failsafe": false,
        "post_switch_hover_ned": [
          0.0,
          0.0,
          -2.5
        ],
        "post_switch_min_altitude_agl_m": -0.294708251953125,
        "post_switch_nav_states": [
          14,
          23
        ],
        "post_switch_roll_pitch_max_deg": 179.90128038634407,
        "switch_us": 26732000,
        "task_exit_code": 0
      },
      "reasons": [
        "angular_rate_loss_of_control",
        "attitude_tumble_over_90deg"
      ],
      "severity": 3,
      "severity_label": "S3_uncontrolled_tumble_or_loc",
      "thresholds": {
        "method_a_rate_tolerance_rad_s": 0.45,
        "method_a_roll_pitch_tolerance_deg": 8.0,
        "s0_angular_rate_rad_s": 1.0,
        "s0_final_error_m": 1.5,
        "s0_last_window_s": 2.0,
        "s0_min_altitude_agl_m": 1.0,
        "s0_roll_pitch_deg": 40.0,
        "s2_ground_contact_agl_m": 0.25,
        "s3_angular_rate_rad_s": 8.0,
        "s3_roll_pitch_deg": 90.0
      },
      "uncontrolled": true
    },
    "state_trigger": {
      "event": {
        "detail": {
          "controller_switch_s": 18.386707,
          "state": {
            "angular_rate_norm_rad_s": 0.8361512129028803,
            "angular_rate_xyz_rad_s": [
              0.24677865207195282,
              -0.7603406310081482,
              0.24521678686141968
            ],
            "angular_velocity_timestamp_us": 1783856564023065,
            "attitude_timestamp_us": 1783856564023065,
            "elapsed_s": 18.296707,
            "pitch_deg": 8.316611382552761,
            "pitch_rate_abs_rad_s": 0.7603406310081482,
            "roll_deg": 34.65646949355195,
            "roll_pitch_abs_deg": 34.65646949355195,
            "roll_rate_abs_rad_s": 0.24677865207195282,
            "timestamp_us": 1783856564023065,
            "yaw_deg": -9.66677055346567,
            "yaw_rate_abs_rad_s": 0.24521678686141968
          },
          "trigger": {
            "angular_rate_norm_max_rad_s": 1.3278,
            "angular_rate_norm_min_rad_s": 0.6278,
            "deadline_s": 54.0,
            "enabled": true,
            "max_topic_age_s": 0.25,
            "method": "SIH groundtruth threshold crossing",
            "roll_pitch_abs_max_deg": 42.5,
            "roll_pitch_abs_min_deg": 34.5,
            "start_s": 18.0,
            "switch_delay_s": 0.09
          }
        },
        "elapsed_s": 18.296707,
        "name": "state_trigger",
        "timestamp_us": 1783856564023065
      },
      "fired": true,
      "match": {
        "angular_rate_error_norm_rad_s": 0.0,
        "matched": true,
        "pitch_error_deg": 1.5902773407317584e-15,
        "roll_error_deg": 0.0,
        "score": 1.5902773407317584e-15,
        "switch_us": 26732000
      },
      "task_exit_code": 0
    },
    "task": "tier05_fork_20260712T090728Z/stage3_adaptive_dense_21_40/evals/dense_low_modal_H_rep25_switch_severity_dense_sweep_20260630_wind_m_s_0_s2026062942/mcnn_gate3_switch_severity_dense_sweep_20260630_wind_m_s_0_s2026062942_mcnn_task.json",