{
  "analysis": {
    "actuator_rate_hz": 235.046439628483,
    "actuator_total_counts": {
      "allocator_value_residual": 1669,
      "neural_value": 13285,
      "unknown": 230
    },
    "allocator_fraction_critical_actuator": {
      "count": 1669,
      "fraction": 0.10991833508956797,
      "total": 15184
    },
    "allocator_fraction_critical_output": {
      "count": 1583,
      "fraction": 0.10551926409812025,
      "total": 15002
    },
    "allocator_fraction_full_actuator": {
      "count": 1669,
      "fraction": 0.10991833508956797,
      "total": 15184
    },
    "allocator_fraction_full_output": {
      "count": 1583,
      "fraction": 0.10551926409812025,
      "total": 15002
    },
    "exact_switch_state": {
      "angular_rate_norm_rad_s": 1.9763962116413143,
      "angular_rate_xyz_rad_s": [
        -0.8994385600090027,
        -1.1613670587539673,
        1.3222627639770508
      ],
      "angular_velocity_dt_ms": 0.0,
      "angular_velocity_timestamp_us": 25468000,
      "angular_velocity_topic": "vehicle_angular_velocity_groundtruth",
      "attitude_dt_ms": 0.0,
      "attitude_timestamp_us": 25468000,
      "attitude_topic": "vehicle_attitude_groundtruth",
      "local_position_dt_ms": 0.0,
      "local_position_timestamp_us": 25468000,
      "local_position_topic": "vehicle_local_position_groundtruth",
      "pitch_deg": -31.10817940576183,
      "pitch_rate_abs_rad_s": 1.1613670587539673,
      "position_ned_m": [
        -4.208666801452637,
        -3.0133163928985596,
        -2.50872802734375
      ],
      "roll_deg": 37.250422234845956,
      "roll_pitch_abs_deg": 37.250422234845956,
      "roll_rate_abs_rad_s": 0.8994385600090027,
      "switch_us": 25468000,
      "velocity_ned_m_s": [
        -3.7168209552764893,
        3.6961631774902344,
        -0.1296938806772232
      ],
      "velocity_norm_m_s": 5.243395917809589,
      "yaw_rate_abs_rad_s": 1.3222627639770508
    },
    "first_loss_us": 90104000,
    "loss_dt_s": 64.6,
    "loss_reason": "none",
    "mcnn_value_selfcheck": {
      "actuator_samples": 15184,
      "all_allocator_signature_residuals": 1669,
      "exact_neural_value_matches": 13285,
      "no_simultaneous_neural_timestamp_allocator_signature_residuals": 207,
      "simultaneous_neural_timestamp_nonmatches_with_allocator_signature": 1462,
      "with_simultaneous_neural_control_timestamp": 14747
    },
    "nav23_duration_s": 64.6,
    "nav23_end_us": 90104000,
    "nav23_start_us": 25504000,
    "output_rate_hz": 232.22910216718267,
    "output_total_counts": {
      "allocator_value_residual": 1583,
      "neural_value": 13199,
      "unknown": 220
    },
    "severity": {
      "controlled": true,
      "evidence": {
        "active_motor_nonfinite": {
          "first_nonfinite": null,
          "nan_count": 0,
          "neginf_count": 0,
          "nonfinite_count": 0,
          "posinf_count": 0,
          "samples": 15276
        },
        "active_motor_saturation_count": 3015,
        "active_motor_saturation_ratio": 0.049342105263157895,
        "analysis_start_us": 25504000,
        "angular_velocity_topic": "vehicle_angular_velocity_groundtruth",
        "attitude_quaternion_finite": true,
        "attitude_topic": "vehicle_attitude_groundtruth",
        "console": {
          "fault": false,
          "matches": [],
          "px4_timeout_rc": false
        },
        "controller": "mcnn",
        "controller_active_us": 25504000,
        "final_error_to_hover_m": 0.41243459083647144,
        "last_angular_rate_norm_rad_s": 0.16229057628635357,
        "last_pitch_deg": -3.101385275927632,
        "last_position_ned_m": [
          -0.30591660737991333,
          -0.26296964287757874,
          -2.5858154296875
        ],
        "last_roll_deg": -7.910632122068477,
        "last_window_angular_rate_max_rad_s": 0.6383759226210354,
        "last_window_roll_pitch_max_deg": 13.214157212341762,
        "local_position_topic": "vehicle_local_position_groundtruth",
        "mission_end_reached": true,
        "mission_end_us": 90496000,
        "mode_confirmed": true,
        "network_output_nonfinite": {
          "first_nonfinite": null,
          "nan_count": 0,
          "neginf_count": 0,
          "nonfinite_count": 0,
          "posinf_count": 0,
          "samples": 14835
        },
        "neural_control_samples": 14835,
        "observation_nonfinite": {
          "first_nonfinite": null,
          "nan_count": 0,
          "neginf_count": 0,
          "nonfinite_count": 0,
          "posinf_count": 0,
          "samples": 14835
        },
        "post_switch_angular_rate_max_rad_s": 5.824983754476378,
        "post_switch_disarmed": false,
        "post_switch_error_to_hover_max_m": 5.410156800492738,
        "post_switch_failsafe": false,
        "post_switch_hover_ned": [
          0.0,
          0.0,
          -2.5
        ],
        "post_switch_min_altitude_agl_m": 1.72119140625,
        "post_switch_nav_states": [
          14,
          23
        ],
        "post_switch_roll_pitch_max_deg": 65.04754387173799,
        "switch_us": 25468000,
        "task_exit_code": 0
      },
      "reasons": [],
      "severity": 0,
      "severity_label": "S0_clean_recovery",
      "thresholds": {
        "method_a_rate_tolerance_rad_s": 0.45,
        "method_a_roll_pitch_tolerance_deg": 8.0,
        "s0_angular_rate_rad_s": 1.0,
        "s0_final_error_m": 1.5,
        "s0_last_window_s": 2.0,
        "s0_min_altitude_agl_m": 1.0,
        "s0_roll_pitch_deg": 40.0,
        "s2_ground_contact_agl_m": 0.25,
        "s3_angular_rate_rad_s": 8.0,
        "s3_roll_pitch_deg": 90.0
      },
      "uncontrolled": false
    },
    "state_trigger": {
      "event": {
        "detail": {
          "controller_switch_s": 18.000515,
          "state": {
            "angular_rate_norm_rad_s": 1.9763962116413143,
            "angular_rate_xyz_rad_s": [
              -0.8994385600090027,
              -1.1613670587539673,
              1.3222627639770508
            ],
            "angular_velocity_timestamp_us": 1783609436053224,
            "attitude_timestamp_us": 1783609436053224,
            "elapsed_s": 18.000515,
            "pitch_deg": -31.10817940576183,
            "pitch_rate_abs_rad_s": 1.1613670587539673,
            "roll_deg": 37.250422234845956,
            "roll_pitch_abs_deg": 37.250422234845956,
            "roll_rate_abs_rad_s": 0.8994385600090027,
            "timestamp_us": 1783609436053224,
            "yaw_deg": -10.411344878346153,
            "yaw_rate_abs_rad_s": 1.3222627639770508
          },
          "trigger": {
            "angular_rate_norm_max_rad_s": 2.15,
            "angular_rate_norm_min_rad_s": 1.55,
            "deadline_s": 54.0,
            "enabled": true,
            "max_topic_age_s": 0.25,
            "method": "SIH groundtruth threshold crossing",
            "roll_pitch_abs_max_deg": 44.0,
            "roll_pitch_abs_min_deg": 36.0,
            "start_s": 18.0
          }
        },
        "elapsed_s": 18.000515,
        "name": "state_trigger",
        "timestamp_us": 1783609436053224
      },
      "fired": true,
      "match": {
        "angular_rate_error_norm_rad_s": 0.0,
        "matched": true,
        "pitch_error_deg": 0.0,
        "roll_error_deg": 0.0,
        "score": 0.0,
        "switch_us": 25468000
      },
      "task_exit_code": 0
    },
    "task": "docs/px4_race_r4_gate_20260709/evals/pair4_A_rep03_route_a_addendum3_diag_20260629_rp36_44_rate1p55_2p15_w3_r4_f038_s20261902/mcnn_gate3_route_a_addendum3_diag_20260629_rp36_44_rate1p55_2p15_w3_r4_f038_s20261902_mcnn_task.json",
    "ulog": "docs/px4_race_r4_gate_20260709/evals/pair4_A_rep03_route_a_addendum3_diag_20260629_rp36_44_rate1p55_2p15_w3_r4_f038_s20261902/mcnn_gate3_route_a_addendum3_diag_20260629_rp36_44_rate1p55_2p15_w3_r4_f038_s20261902_mcnn.ulg"
  },
  "arm": "A",
  "case_label": "pair4",