{
  "analysis": {
    "actuator_rate_hz": 241.53258623927877,
    "actuator_total_counts": {
      "allocator_value_residual": 1306,
      "neural_value": 13868,
      "unknown": 258
    },
    "allocator_fraction_critical_actuator": {
      "count": 10,
      "fraction": 0.07042253521126761,
      "total": 142
    },
    "allocator_fraction_critical_output": {
      "count": 7,
      "fraction": 0.04964539007092199,
      "total": 141
    },
    "allocator_fraction_full_actuator": {
      "count": 1306,
      "fraction": 0.08462934162778642,
      "total": 15432
    },
    "allocator_fraction_full_output": {
      "count": 1186,
      "fraction": 0.0776025649414382,
      "total": 15283
    },
    "exact_switch_state": {
      "angular_rate_norm_rad_s": 2.02975163048893,
      "angular_rate_xyz_rad_s": [
        -0.983415424823761,
        -1.118940830230713,
        1.3786795139312744
      ],
      "angular_velocity_dt_ms": 0.0,
      "angular_velocity_timestamp_us": 26376000,
      "angular_velocity_topic": "vehicle_angular_velocity_groundtruth",
      "attitude_dt_ms": 0.0,
      "attitude_timestamp_us": 26376000,
      "attitude_topic": "vehicle_attitude_groundtruth",
      "local_position_dt_ms": 0.0,
      "local_position_timestamp_us": 26376000,
      "local_position_topic": "vehicle_local_position_groundtruth",
      "pitch_deg": -38.46727300679735,
      "pitch_rate_abs_rad_s": 1.118940830230713,
      "position_ned_m": [
        -4.717353343963623,
        -2.8282310962677,
        -2.4632568359375
      ],
      "roll_deg": 36.899939837367846,
      "roll_pitch_abs_deg": 38.46727300679735,
      "roll_rate_abs_rad_s": 0.983415424823761,
      "switch_us": 26376000,
      "velocity_ned_m_s": [
        -2.852283000946045,
        3.909501791000366,
        -0.30791428685188293
      ],
      "velocity_norm_m_s": 4.849178670596532,
      "yaw_rate_abs_rad_s": 1.3786795139312744
    },
    "first_loss_us": 26996000,
    "loss_dt_s": 0.592,
    "loss_reason": "tilt>90",
    "mcnn_value_selfcheck": {
      "actuator_samples": 15432,
      "all_allocator_signature_residuals": 1306,
      "exact_neural_value_matches": 13868,
      "no_simultaneous_neural_timestamp_allocator_signature_residuals": 460,
      "simultaneous_neural_timestamp_nonmatches_with_allocator_signature": 846,
      "with_simultaneous_neural_control_timestamp": 14714
    },
    "nav23_duration_s": 63.892,
    "nav23_end_us": 90296000,
    "nav23_start_us": 26404000,
    "output_rate_hz": 239.20052588743505,
    "output_total_counts": {
      "allocator_value_residual": 1186,
      "neural_value": 13843,
      "unknown": 254
    },
    "severity": {
      "controlled": false,
      "evidence": {
        "active_motor_nonfinite": {
          "first_nonfinite": null,
          "nan_count": 0,
          "neginf_count": 0,
          "nonfinite_count": 0,
          "posinf_count": 0,
          "samples": 15451
        },
        "active_motor_saturation_count": 50135,
        "active_motor_saturation_ratio": 0.811193450262119,
        "analysis_start_us": 26404000,
        "angular_velocity_topic": "vehicle_angular_velocity_groundtruth",
        "attitude_quaternion_finite": true,
        "attitude_topic": "vehicle_attitude_groundtruth",
        "console": {
          "fault": false,
          "matches": [],
          "px4_timeout_rc": false
        },
        "controller": "mcnn",
        "controller_active_us": 26404000,
        "final_error_to_hover_m": 8.927627485627712,
        "last_angular_rate_norm_rad_s": 10.108714836736889,
        "last_pitch_deg": -34.762202509133004,
        "last_position_ned_m": [
          -8.545525550842285,
          0.617353081703186,
          0.009063720703125
        ],
        "last_roll_deg": 49.485413752989444,
        "last_window_angular_rate_max_rad_s": 21.1868386623903,
        "last_window_roll_pitch_max_deg": 177.0516024831094,
        "local_position_topic": "vehicle_local_position_groundtruth",
        "mission_end_reached": true,
        "mission_end_us": 90376000,
        "mode_confirmed": true,
        "network_output_nonfinite": {
          "first_nonfinite": null,
          "nan_count": 0,
          "neginf_count": 0,
          "nonfinite_count": 0,
          "posinf_count": 0,
          "samples": 14757
        },
        "neural_control_samples": 14757,
        "observation_nonfinite": {
          "first_nonfinite": null,
          "nan_count": 0,
          "neginf_count": 0,
          "nonfinite_count": 0,
          "posinf_count": 0,
          "samples": 14757
        },
        "post_switch_angular_rate_max_rad_s": 24.82998308054682,
        "post_switch_disarmed": false,
        "post_switch_error_to_hover_max_m": 8.92763032312026,
        "post_switch_failsafe": false,
        "post_switch_hover_ned": [
          0.0,
          0.0,
          -2.5
        ],
        "post_switch_min_altitude_agl_m": -0.017333984375,
        "post_switch_nav_states": [
          14,
          23
        ],
        "post_switch_roll_pitch_max_deg": 179.98155796360564,
        "switch_us": 26376000,
        "task_exit_code": 0
      },
      "reasons": [
        "angular_rate_loss_of_control",
        "attitude_tumble_over_90deg"
      ],
      "severity": 3,
      "severity_label": "S3_uncontrolled_tumble_or_loc",
      "thresholds": {
        "method_a_rate_tolerance_rad_s": 0.45,
        "method_a_roll_pitch_tolerance_deg": 8.0,
        "s0_angular_rate_rad_s": 1.0,
        "s0_final_error_m": 1.5,
        "s0_last_window_s": 2.0,
        "s0_min_altitude_agl_m": 1.0,
        "s0_roll_pitch_deg": 40.0,
        "s2_ground_contact_agl_m": 0.25,
        "s3_angular_rate_rad_s": 8.0,
        "s3_roll_pitch_deg": 90.0
      },
      "uncontrolled": true
    },
    "state_trigger": {
      "event": {
        "detail": {
          "controller_switch_s": 18.006294,
          "state": {
            "angular_rate_norm_rad_s": 2.02975163048893,
            "angular_rate_xyz_rad_s": [
              -0.983415424823761,
              -1.118940830230713,
              1.3786795139312744
            ],
            "angular_velocity_timestamp_us": 1783853235411034,
            "attitude_timestamp_us": 1783853235411034,
            "elapsed_s": 18.006294,
            "pitch_deg": -38.46727300679735,
            "pitch_rate_abs_rad_s": 1.118940830230713,
            "roll_deg": 36.899939837367846,
            "roll_pitch_abs_deg": 38.46727300679735,
            "roll_rate_abs_rad_s": 0.983415424823761,
            "timestamp_us": 1783853235411034,
            "yaw_deg": -11.866402922601312,
            "yaw_rate_abs_rad_s": 1.3786795139312744
          },
          "trigger": {
            "angular_rate_norm_max_rad_s": 2.15,
            "angular_rate_norm_min_rad_s": 1.55,
            "deadline_s": 54.0,
            "enabled": true,
            "max_topic_age_s": 0.25,
            "method": "SIH groundtruth threshold crossing",
            "roll_pitch_abs_max_deg": 44.0,
            "roll_pitch_abs_min_deg": 36.0,
            "start_s": 18.0
          }
        },
        "elapsed_s": 18.006294,
        "name": "state_trigger",
        "timestamp_us": 1783853235411034
      },
      "fired": true,
      "match": {
        "angular_rate_error_norm_rad_s": 0.0,
        "matched": true,
        "pitch_error_deg": 6.3611093629270335e-15,
        "roll_error_deg": 0.0,
        "score": 6.3611093629270335e-15,
        "switch_us": 26376000
      },
      "task_exit_code": 0
    },
    "task": "tier05_fork_20260712T090728Z/stage3_initial/evals/pair4_H_rep03_route_a_addendum3_diag_20260629_rp36_44_rate1p55_2p15_w3_r4_f038_s20261902/mcnn_gate3_route_a_addendum3_diag_20260629_rp36_44_rate1p55_2p15_w3_r4_f038_s20261902_mcnn_task.json",