{
  "analysis": {
    "actuator_rate_hz": 241.9142534787514,
    "actuator_total_counts": {
      "allocator_value_residual": 1329,
      "neural_value": 13837,
      "unknown": 272
    },
    "allocator_fraction_critical_actuator": {
      "count": 31,
      "fraction": 0.09567901234567901,
      "total": 324
    },
    "allocator_fraction_critical_output": {
      "count": 25,
      "fraction": 0.0778816199376947,
      "total": 321
    },
    "allocator_fraction_full_actuator": {
      "count": 1329,
      "fraction": 0.08608628060629615,
      "total": 15438
    },
    "allocator_fraction_full_output": {
      "count": 1196,
      "fraction": 0.07842108714182676,
      "total": 15251
    },
    "exact_switch_state": {
      "angular_rate_norm_rad_s": 1.9081610620051777,
      "angular_rate_xyz_rad_s": [
        -1.0176905393600464,
        -1.0998783111572266,
        1.1813772916793823
      ],
      "angular_velocity_dt_ms": 0.0,
      "angular_velocity_timestamp_us": 26360000,
      "angular_velocity_topic": "vehicle_angular_velocity_groundtruth",
      "attitude_dt_ms": 0.0,
      "attitude_timestamp_us": 26360000,
      "attitude_topic": "vehicle_attitude_groundtruth",
      "local_position_dt_ms": 0.0,
      "local_position_timestamp_us": 26360000,
      "local_position_topic": "vehicle_local_position_groundtruth",
      "pitch_deg": -36.865376895941964,
      "pitch_rate_abs_rad_s": 1.0998783111572266,
      "position_ned_m": [
        -5.384454727172852,
        -4.745180130004883,
        -2.29248046875
      ],
      "roll_deg": 33.0564964497615,
      "roll_pitch_abs_deg": 36.865376895941964,
      "roll_rate_abs_rad_s": 1.0176905393600464,
      "switch_us": 26360000,
      "velocity_ned_m_s": [
        -3.3427178859710693,
        4.022587299346924,
        -0.31421560049057007
      ],
      "velocity_norm_m_s": 5.239628125129657,
      "yaw_rate_abs_rad_s": 1.1813772916793823
    },
    "first_loss_us": 27720000,
    "loss_dt_s": 1.34,
    "loss_reason": "rate>8",
    "mcnn_value_selfcheck": {
      "actuator_samples": 15438,
      "all_allocator_signature_residuals": 1329,
      "exact_neural_value_matches": 13837,
      "no_simultaneous_neural_timestamp_allocator_signature_residuals": 428,
      "simultaneous_neural_timestamp_nonmatches_with_allocator_signature": 901,
      "with_simultaneous_neural_control_timestamp": 14738
    },
    "nav23_duration_s": 63.816,
    "nav23_end_us": 90196000,
    "nav23_start_us": 26380000,
    "output_rate_hz": 238.98395386736868,
    "output_total_counts": {
      "allocator_value_residual": 1196,
      "neural_value": 13778,
      "unknown": 277
    },
    "severity": {
      "controlled": false,
      "evidence": {
        "active_motor_nonfinite": {
          "first_nonfinite": null,
          "nan_count": 0,
          "neginf_count": 0,
          "nonfinite_count": 0,
          "posinf_count": 0,
          "samples": 15483
        },
        "active_motor_saturation_count": 34589,
        "active_motor_saturation_ratio": 0.5584996447716851,
        "analysis_start_us": 26380000,
        "angular_velocity_topic": "vehicle_angular_velocity_groundtruth",
        "attitude_quaternion_finite": true,
        "attitude_topic": "vehicle_attitude_groundtruth",
        "console": {
          "fault": false,
          "matches": [],
          "px4_timeout_rc": false
        },
        "controller": "mcnn",
        "controller_active_us": 26380000,
        "final_error_to_hover_m": 6.9888209420375045,
        "last_angular_rate_norm_rad_s": 4.728554478066564,
        "last_pitch_deg": -48.41307758581434,
        "last_position_ned_m": [
          -5.9911208152771,
          -2.001461982727051,
          0.490692138671875
        ],
        "last_roll_deg": 101.7359580652681,
        "last_window_angular_rate_max_rad_s": 6.109559370632237,
        "last_window_roll_pitch_max_deg": 179.9321882082079,
        "local_position_topic": "vehicle_local_position_groundtruth",
        "mission_end_reached": true,
        "mission_end_us": 90380000,
        "mode_confirmed": true,
        "network_output_nonfinite": {
          "first_nonfinite": null,
          "nan_count": 0,
          "neginf_count": 0,
          "nonfinite_count": 0,
          "posinf_count": 0,
          "samples": 14784
        },
        "neural_control_samples": 14784,
        "observation_nonfinite": {
          "first_nonfinite": null,
          "nan_count": 0,
          "neginf_count": 0,
          "nonfinite_count": 0,
          "posinf_count": 0,
          "samples": 14784
        },
        "post_switch_angular_rate_max_rad_s": 11.938707890794158,
        "post_switch_disarmed": false,
        "post_switch_error_to_hover_max_m": 7.175687429579698,
        "post_switch_failsafe": false,
        "post_switch_hover_ned": [
          0.0,
          0.0,
          -2.5
        ],
        "post_switch_min_altitude_agl_m": -0.490692138671875,
        "post_switch_nav_states": [
          14,
          23
        ],
        "post_switch_roll_pitch_max_deg": 179.9956332018914,
        "switch_us": 26360000,
        "task_exit_code": 0
      },
      "reasons": [
        "angular_rate_loss_of_control",
        "attitude_tumble_over_90deg"
      ],
      "severity": 3,
      "severity_label": "S3_uncontrolled_tumble_or_loc",
      "thresholds": {
        "method_a_rate_tolerance_rad_s": 0.45,
        "method_a_roll_pitch_tolerance_deg": 8.0,
        "s0_angular_rate_rad_s": 1.0,
        "s0_final_error_m": 1.5,
        "s0_last_window_s": 2.0,
        "s0_min_altitude_agl_m": 1.0,
        "s0_roll_pitch_deg": 40.0,
        "s2_ground_contact_agl_m": 0.25,
        "s3_angular_rate_rad_s": 8.0,
        "s3_roll_pitch_deg": 90.0
      },
      "uncontrolled": true
    },
    "state_trigger": {
      "event": {
        "detail": {
          "controller_switch_s": 18.000099,
          "state": {
            "angular_rate_norm_rad_s": 1.9081610620051777,
            "angular_rate_xyz_rad_s": [
              -1.0176905393600464,
              -1.0998783111572266,
              1.1813772916793823
            ],
            "angular_velocity_timestamp_us": 1783850281058097,
            "attitude_timestamp_us": 1783850281058097,
            "elapsed_s": 18.000099,
            "pitch_deg": -36.865376895941964,
            "pitch_rate_abs_rad_s": 1.0998783111572266,
            "roll_deg": 33.0564964497615,
            "roll_pitch_abs_deg": 36.865376895941964,
            "roll_rate_abs_rad_s": 1.0176905393600464,
            "timestamp_us": 1783850281058097,
            "yaw_deg": -9.683524462188677,
            "yaw_rate_abs_rad_s": 1.1813772916793823
          },
          "trigger": {
            "angular_rate_norm_max_rad_s": 2.15,
            "angular_rate_norm_min_rad_s": 1.55,
            "deadline_s": 54.0,
            "enabled": true,
            "max_topic_age_s": 0.25,
            "method": "SIH groundtruth threshold crossing",
            "roll_pitch_abs_max_deg": 44.0,
            "roll_pitch_abs_min_deg": 36.0,
            "start_s": 18.0
          }
        },
        "elapsed_s": 18.000099,
        "name": "state_trigger",
        "timestamp_us": 1783850281058097
      },
      "fired": true,
      "match": {
        "angular_rate_error_norm_rad_s": 0.0,
        "matched": true,
        "pitch_error_deg": 0.0,
        "roll_error_deg": 0.0,
        "score": 0.0,
        "switch_us": 26360000
      },
      "task_exit_code": 0
    },
    "task": "tier05_fork_20260712T090728Z/stage2_gate_a/evals/pair4_A_rep08_route_a_addendum3_diag_20260629_rp36_44_rate1p55_2p15_w3_r4_f038_s20261902/mcnn_gate3_route_a_addendum3_diag_20260629_rp36_44_rate1p55_2p15_w3_r4_f038_s20261902_mcnn_task.json",
    "ulog": "tier05_fork_20260712T090728Z/stage2_gate_a/evals/pair4_A_rep08_route_a_addendum3_diag_20260629_rp36_44_rate1p55_2p15_w3_r4_f038_s20261902/mcnn_gate3_route_a_addendum3_diag_20260629_rp36_44_rate1p55_2p15_w3_r4_f038_s20261902_mcnn.ulg"
  },