{
  "analysis": {
    "actuator_rate_hz": 241.13475177304966,
    "actuator_total_counts": {
      "allocator_value_residual": 1359,
      "neural_value": 13730,
      "unknown": 279
    },
    "allocator_fraction_critical_actuator": {
      "count": 11,
      "fraction": 0.08527131782945736,
      "total": 129
    },
    "allocator_fraction_critical_output": {
      "count": 8,
      "fraction": 0.06153846153846154,
      "total": 130
    },
    "allocator_fraction_full_actuator": {
      "count": 1359,
      "fraction": 0.08843050494534097,
      "total": 15368
    },
    "allocator_fraction_full_output": {
      "count": 1220,
      "fraction": 0.08019457043318215,
      "total": 15213
    },
    "exact_switch_state": {
      "angular_rate_norm_rad_s": 2.0145738301094394,
      "angular_rate_xyz_rad_s": [
        -0.9209460616111755,
        -1.14931058883667,
        1.3745731115341187
      ],
      "angular_velocity_dt_ms": 0.0,
      "angular_velocity_timestamp_us": 26360000,
      "angular_velocity_topic": "vehicle_angular_velocity_groundtruth",
      "attitude_dt_ms": 0.0,
      "attitude_timestamp_us": 26360000,
      "attitude_topic": "vehicle_attitude_groundtruth",
      "local_position_dt_ms": 0.0,
      "local_position_timestamp_us": 26360000,
      "local_position_topic": "vehicle_local_position_groundtruth",
      "pitch_deg": -38.874150517048214,
      "pitch_rate_abs_rad_s": 1.14931058883667,
      "position_ned_m": [
        -4.641406059265137,
        -2.9309213161468506,
        -2.45648193359375
      ],
      "roll_deg": 37.51442073487369,
      "roll_pitch_abs_deg": 38.874150517048214,
      "roll_rate_abs_rad_s": 0.9209460616111755,
      "switch_us": 26360000,
      "velocity_ned_m_s": [
        -2.700941562652588,
        3.7887580394744873,
        -0.4439813494682312
      ],
      "velocity_norm_m_s": 4.674065922216159,
      "yaw_rate_abs_rad_s": 1.3745731115341187
    },
    "first_loss_us": 26920000,
    "loss_dt_s": 0.54,
    "loss_reason": "tilt>90",
    "mcnn_value_selfcheck": {
      "actuator_samples": 15368,
      "all_allocator_signature_residuals": 1359,
      "exact_neural_value_matches": 13730,
      "no_simultaneous_neural_timestamp_allocator_signature_residuals": 412,
      "simultaneous_neural_timestamp_nonmatches_with_allocator_signature": 947,
      "with_simultaneous_neural_control_timestamp": 14677
    },
    "nav23_duration_s": 63.732,
    "nav23_end_us": 90112000,
    "nav23_start_us": 26380000,
    "output_rate_hz": 238.70269252494822,
    "output_total_counts": {
      "allocator_value_residual": 1220,
      "neural_value": 13708,
      "unknown": 285
    },
    "severity": {
      "controlled": false,
      "evidence": {
        "active_motor_nonfinite": {
          "first_nonfinite": null,
          "nan_count": 0,
          "neginf_count": 0,
          "nonfinite_count": 0,
          "posinf_count": 0,
          "samples": 15437
        },
        "active_motor_saturation_count": 49660,
        "active_motor_saturation_ratio": 0.8042365744639502,
        "analysis_start_us": 26380000,
        "angular_velocity_topic": "vehicle_angular_velocity_groundtruth",
        "attitude_quaternion_finite": true,
        "attitude_topic": "vehicle_attitude_groundtruth",
        "console": {
          "fault": false,
          "matches": [],
          "px4_timeout_rc": false
        },
        "controller": "mcnn",
        "controller_active_us": 26380000,
        "final_error_to_hover_m": 8.839113810237617,
        "last_angular_rate_norm_rad_s": 19.866522495367224,
        "last_pitch_deg": -20.679088152487555,
        "last_position_ned_m": [
          -8.464871406555176,
          0.4564264416694641,
          0.003509521484375
        ],
        "last_roll_deg": -81.46794475559793,
        "last_window_angular_rate_max_rad_s": 23.11422033326091,
        "last_window_roll_pitch_max_deg": 179.8786058375628,
        "local_position_topic": "vehicle_local_position_groundtruth",
        "mission_end_reached": true,
        "mission_end_us": 90392000,
        "mode_confirmed": true,
        "network_output_nonfinite": {
          "first_nonfinite": null,
          "nan_count": 0,
          "neginf_count": 0,
          "nonfinite_count": 0,
          "posinf_count": 0,
          "samples": 14744
        },
        "neural_control_samples": 14744,
        "observation_nonfinite": {
          "first_nonfinite": null,
          "nan_count": 0,
          "neginf_count": 0,
          "nonfinite_count": 0,
          "posinf_count": 0,
          "samples": 14744
        },
        "post_switch_angular_rate_max_rad_s": 24.13124066981174,
        "post_switch_disarmed": false,
        "post_switch_error_to_hover_max_m": 8.839116456253661,
        "post_switch_failsafe": false,
        "post_switch_hover_ned": [
          0.0,
          0.0,
          -2.5
        ],
        "post_switch_min_altitude_agl_m": -0.0301513671875,
        "post_switch_nav_states": [
          14,
          23
        ],
        "post_switch_roll_pitch_max_deg": 179.9830848469159,
        "switch_us": 26360000,
        "task_exit_code": 0
      },
      "reasons": [
        "angular_rate_loss_of_control",
        "attitude_tumble_over_90deg"
      ],
      "severity": 3,
      "severity_label": "S3_uncontrolled_tumble_or_loc",
      "thresholds": {
        "method_a_rate_tolerance_rad_s": 0.45,
        "method_a_roll_pitch_tolerance_deg": 8.0,
        "s0_angular_rate_rad_s": 1.0,
        "s0_final_error_m": 1.5,
        "s0_last_window_s": 2.0,
        "s0_min_altitude_agl_m": 1.0,
        "s0_roll_pitch_deg": 40.0,
        "s2_ground_contact_agl_m": 0.25,
        "s3_angular_rate_rad_s": 8.0,
        "s3_roll_pitch_deg": 90.0
      },
      "uncontrolled": true
    },
    "state_trigger": {
      "event": {
        "detail": {
          "controller_switch_s": 18.000634,
          "state": {
            "angular_rate_norm_rad_s": 2.0145738301094394,
            "angular_rate_xyz_rad_s": [
              -0.9209460616111755,
              -1.14931058883667,
              1.3745731115341187
            ],
            "angular_velocity_timestamp_us": 1783853549338069,
            "attitude_timestamp_us": 1783853549338069,
            "elapsed_s": 18.000634,
            "pitch_deg": -38.874150517048214,
            "pitch_rate_abs_rad_s": 1.14931058883667,
            "roll_deg": 37.51442073487369,
            "roll_pitch_abs_deg": 38.874150517048214,
            "roll_rate_abs_rad_s": 0.9209460616111755,
            "timestamp_us": 1783853549338069,
            "yaw_deg": -12.360681221096321,
            "yaw_rate_abs_rad_s": 1.3745731115341187
          },
          "trigger": {
            "angular_rate_norm_max_rad_s": 2.15,
            "angular_rate_norm_min_rad_s": 1.55,
            "deadline_s": 54.0,
            "enabled": true,
            "max_topic_age_s": 0.25,
            "method": "SIH groundtruth threshold crossing",
            "roll_pitch_abs_max_deg": 44.0,
            "roll_pitch_abs_min_deg": 36.0,
            "start_s": 18.0
          }
        },
        "elapsed_s": 18.000634,
        "name": "state_trigger",
        "timestamp_us": 1783853549338069
      },
      "fired": true,
      "match": {
        "angular_rate_error_norm_rad_s": 0.0,
        "matched": true,
        "pitch_error_deg": 6.3611093629270335e-15,
        "roll_error_deg": 0.0,
        "score": 6.3611093629270335e-15,
        "switch_us": 26360000
      },
      "task_exit_code": 0
    },
    "task": "tier05_fork_20260712T090728Z/stage3_initial/evals/pair4_H_rep07_route_a_addendum3_diag_20260629_rp36_44_rate1p55_2p15_w3_r4_f038_s20261902/mcnn_gate3_route_a_addendum3_diag_20260629_rp36_44_rate1p55_2p15_w3_r4_f038_s20261902_mcnn_task.json",