{
  "analysis": {
    "actuator_rate_hz": 240.71750321750324,
    "actuator_total_counts": {
      "allocator_value_residual": 1331,
      "neural_value": 13470,
      "unknown": 162
    },
    "allocator_fraction_critical_actuator": {
      "count": 13,
      "fraction": 0.06666666666666667,
      "total": 195
    },
    "allocator_fraction_critical_output": {
      "count": 13,
      "fraction": 0.06701030927835051,
      "total": 194
    },
    "allocator_fraction_full_actuator": {
      "count": 1331,
      "fraction": 0.08895275011695515,
      "total": 14963
    },
    "allocator_fraction_full_output": {
      "count": 1209,
      "fraction": 0.08146900269541779,
      "total": 14840
    },
    "exact_switch_state": {
      "angular_rate_norm_rad_s": 2.7167611628077704,
      "angular_rate_xyz_rad_s": [
        1.5887465476989746,
        -1.8554190397262573,
        1.1891576051712036
      ],
      "angular_velocity_dt_ms": 0.0,
      "angular_velocity_timestamp_us": 27872000,
      "angular_velocity_topic": "vehicle_angular_velocity_groundtruth",
      "attitude_dt_ms": 0.0,
      "attitude_timestamp_us": 27872000,
      "attitude_topic": "vehicle_attitude_groundtruth",
      "local_position_dt_ms": 0.0,
      "local_position_timestamp_us": 27872000,
      "local_position_topic": "vehicle_local_position_groundtruth",
      "pitch_deg": 26.84283496837771,
      "pitch_rate_abs_rad_s": 1.8554190397262573,
      "position_ned_m": [
        -9.305487632751465,
        -4.805484771728516,
        -2.1025390625
      ],
      "roll_deg": 48.40537857520282,
      "roll_pitch_abs_deg": 48.40537857520282,
      "roll_rate_abs_rad_s": 1.5887465476989746,
      "switch_us": 27872000,
      "velocity_ned_m_s": [
        -6.296408653259277,
        -1.0660170316696167,
        0.017358902841806412
      ],
      "velocity_norm_m_s": 6.38603598268565,
      "yaw_rate_abs_rad_s": 1.1891576051712036
    },
    "first_loss_us": 28684000,
    "loss_dt_s": 0.788,
    "loss_reason": "tilt>90",
    "mcnn_value_selfcheck": {
      "actuator_samples": 14963,
      "all_allocator_signature_residuals": 1331,
      "exact_neural_value_matches": 13470,
      "no_simultaneous_neural_timestamp_allocator_signature_residuals": 403,
      "simultaneous_neural_timestamp_nonmatches_with_allocator_signature": 928,
      "with_simultaneous_neural_control_timestamp": 14398
    },
    "nav23_duration_s": 62.16,
    "nav23_end_us": 90056000,
    "nav23_start_us": 27896000,
    "output_rate_hz": 238.73873873873876,
    "output_total_counts": {
      "allocator_value_residual": 1209,
      "neural_value": 13470,
      "unknown": 161
    },
    "severity": {
      "controlled": false,
      "evidence": {
        "active_motor_nonfinite": {
          "first_nonfinite": null,
          "nan_count": 0,
          "neginf_count": 0,
          "nonfinite_count": 0,
          "posinf_count": 0,
          "samples": 15042
        },
        "active_motor_saturation_count": 52917,
        "active_motor_saturation_ratio": 0.8794874351814919,
        "analysis_start_us": 27896000,
        "angular_velocity_topic": "vehicle_angular_velocity_groundtruth",
        "attitude_quaternion_finite": true,
        "attitude_topic": "vehicle_attitude_groundtruth",
        "console": {
          "fault": false,
          "matches": [],
          "px4_timeout_rc": false
        },
        "controller": "mcnn",
        "controller_active_us": 27896000,
        "final_error_to_hover_m": 14.576004954143269,
        "last_angular_rate_norm_rad_s": 20.464339488994764,
        "last_pitch_deg": 63.15560310914605,
        "last_position_ned_m": [
          -13.825373649597168,
          -3.881856679916382,
          3.0517578125e-05
        ],
        "last_roll_deg": -56.15513968142372,
        "last_window_angular_rate_max_rad_s": 22.165899094465935,
        "last_window_roll_pitch_max_deg": 179.98096157842127,
        "local_position_topic": "vehicle_local_position_groundtruth",
        "mission_end_reached": true,
        "mission_end_us": 90380000,
        "mode_confirmed": true,
        "network_output_nonfinite": {
          "first_nonfinite": null,
          "nan_count": 0,
          "neginf_count": 0,
          "nonfinite_count": 0,
          "posinf_count": 0,
          "samples": 14480
        },
        "neural_control_samples": 14480,
        "observation_nonfinite": {
          "first_nonfinite": null,
          "nan_count": 0,
          "neginf_count": 0,
          "nonfinite_count": 0,
          "posinf_count": 0,
          "samples": 14480
        },
        "post_switch_angular_rate_max_rad_s": 23.833408808359074,
        "post_switch_disarmed": false,
        "post_switch_error_to_hover_max_m": 14.576009079381164,
        "post_switch_failsafe": false,
        "post_switch_hover_ned": [
          0.0,
          0.0,
          -2.5
        ],
        "post_switch_min_altitude_agl_m": -0.022003173828125,
        "post_switch_nav_states": [
          14,
          23
        ],
        "post_switch_roll_pitch_max_deg": 179.99602720875487,
        "switch_us": 27872000,
        "task_exit_code": 0
      },
      "reasons": [
        "angular_rate_loss_of_control",
        "attitude_tumble_over_90deg"
      ],
      "severity": 3,
      "severity_label": "S3_uncontrolled_tumble_or_loc",
      "thresholds": {
        "method_a_rate_tolerance_rad_s": 0.45,
        "method_a_roll_pitch_tolerance_deg": 8.0,
        "s0_angular_rate_rad_s": 1.0,
        "s0_final_error_m": 1.5,
        "s0_last_window_s": 2.0,
        "s0_min_altitude_agl_m": 1.0,
        "s0_roll_pitch_deg": 40.0,
        "s2_ground_contact_agl_m": 0.25,
        "s3_angular_rate_rad_s": 8.0,
        "s3_roll_pitch_deg": 90.0
      },
      "uncontrolled": true
    },
    "state_trigger": {
      "event": {
        "detail": {
          "controller_switch_s": 19.519693,
          "state": {
            "angular_rate_norm_rad_s": 2.7167611628077704,
            "angular_rate_xyz_rad_s": [
              1.5887465476989746,
              -1.8554190397262573,
              1.1891576051712036
            ],
            "angular_velocity_timestamp_us": 1783854885922813,
            "attitude_timestamp_us": 1783854885922813,
            "elapsed_s": 19.519693,
            "pitch_deg": 26.84283496837771,
            "pitch_rate_abs_rad_s": 1.8554190397262573,
            "roll_deg": 48.40537857520282,
            "roll_pitch_abs_deg": 48.40537857520282,
            "roll_rate_abs_rad_s": 1.5887465476989746,
            "timestamp_us": 1783854885922813,
            "yaw_deg": -12.613453517840087,
            "yaw_rate_abs_rad_s": 1.1891576051712036
          },
          "trigger": {
            "angular_rate_norm_max_rad_s": 2.9,
            "angular_rate_norm_min_rad_s": 2.45,
            "deadline_s": 54.0,
            "enabled": true,
            "max_topic_age_s": 0.25,
            "method": "SIH groundtruth threshold crossing",
            "roll_pitch_abs_max_deg": 62.0,
            "roll_pitch_abs_min_deg": 48.0,
            "start_s": 18.0
          }
        },
        "elapsed_s": 19.519693,
        "name": "state_trigger",
        "timestamp_us": 1783854885922813
      },
      "fired": true,
      "match": {
        "angular_rate_error_norm_rad_s": 0.0,
        "matched": true,
        "pitch_error_deg": 0.0,
        "roll_error_deg": 0.0,
        "score": 0.0,
        "switch_us": 27872000
      },
      "task_exit_code": 0
    },
    "task": "tier05_fork_20260712T090728Z/stage3_initial/evals/pair1_H_rep04_route_a_addendum3_diag_20260629_rp48_62_rate2p45_2p90_w6_r6_f045_s20262001/mcnn_gate3_route_a_addendum3_diag_20260629_rp48_62_rate2p45_2p90_w6_r6_f045_s20262001_mcnn_task.json",
    "ulog": "tier05_fork_20260712T090728Z/stage3_initial/evals/pair1_H_rep04_route_a_addendum3_diag_20260629_rp48_62_rate2p45_2p90_w6_r6_f045_s20262001/mcnn_gate3_route_a_addendum3_diag_20260629_rp48_62_rate2p45_2p90_w6_r6_f045_s20262001_mcnn.ulg"
  },