{
  "analysis": {
    "actuator_rate_hz": 240.8768293448904,
    "actuator_total_counts": {
      "allocator_value_residual": 1448,
      "neural_value": 13635,
      "unknown": 257
    },
    "allocator_fraction_critical_actuator": {
      "count": 8,
      "fraction": 0.10666666666666667,
      "total": 75
    },
    "allocator_fraction_critical_output": {
      "count": 8,
      "fraction": 0.10666666666666667,
      "total": 75
    },
    "allocator_fraction_full_actuator": {
      "count": 1448,
      "fraction": 0.09439374185136896,
      "total": 15340
    },
    "allocator_fraction_full_output": {
      "count": 1319,
      "fraction": 0.08687919905150837,
      "total": 15182
    },
    "exact_switch_state": {
      "angular_rate_norm_rad_s": 2.0069229067236845,
      "angular_rate_xyz_rad_s": [
        -0.9521132707595825,
        -1.1205673217773438,
        1.3658509254455566
      ],
      "angular_velocity_dt_ms": 0.0,
      "angular_velocity_timestamp_us": 26368000,
      "angular_velocity_topic": "vehicle_angular_velocity_groundtruth",
      "attitude_dt_ms": 0.0,
      "attitude_timestamp_us": 26368000,
      "attitude_topic": "vehicle_attitude_groundtruth",
      "local_position_dt_ms": 0.0,
      "local_position_timestamp_us": 26368000,
      "local_position_topic": "vehicle_local_position_groundtruth",
      "pitch_deg": -39.82678280267948,
      "pitch_rate_abs_rad_s": 1.1205673217773438,
      "position_ned_m": [
        -4.880421161651611,
        -2.908719539642334,
        -2.47802734375
      ],
      "roll_deg": 36.17799124846313,
      "roll_pitch_abs_deg": 39.82678280267948,
      "roll_rate_abs_rad_s": 0.9521132707595825,
      "switch_us": 26368000,
      "velocity_ned_m_s": [
        -2.63348126411438,
        3.970425605773926,
        -0.41601449251174927
      ],
      "velocity_norm_m_s": 4.78252769123259,
      "yaw_rate_abs_rad_s": 1.3658509254455566
    },
    "first_loss_us": 26688000,
    "loss_dt_s": 0.296,
    "loss_reason": "rate>8",
    "mcnn_value_selfcheck": {
      "actuator_samples": 15340,
      "all_allocator_signature_residuals": 1448,
      "exact_neural_value_matches": 13635,
      "no_simultaneous_neural_timestamp_allocator_signature_residuals": 495,
      "simultaneous_neural_timestamp_nonmatches_with_allocator_signature": 953,
      "with_simultaneous_neural_control_timestamp": 14588
    },
    "nav23_duration_s": 63.684,
    "nav23_end_us": 90076000,
    "nav23_start_us": 26392000,
    "output_rate_hz": 238.39582940770052,
    "output_total_counts": {
      "allocator_value_residual": 1319,
      "neural_value": 13607,
      "unknown": 256
    },
    "severity": {
      "controlled": false,
      "evidence": {
        "active_motor_nonfinite": {
          "first_nonfinite": null,
          "nan_count": 0,
          "neginf_count": 0,
          "nonfinite_count": 0,
          "posinf_count": 0,
          "samples": 15417
        },
        "active_motor_saturation_count": 51150,
        "active_motor_saturation_ratio": 0.8294415255886359,
        "analysis_start_us": 26392000,
        "angular_velocity_topic": "vehicle_angular_velocity_groundtruth",
        "attitude_quaternion_finite": true,
        "attitude_topic": "vehicle_attitude_groundtruth",
        "console": {
          "fault": false,
          "matches": [],
          "px4_timeout_rc": false
        },
        "controller": "mcnn",
        "controller_active_us": 26392000,
        "final_error_to_hover_m": 9.651843694712486,
        "last_angular_rate_norm_rad_s": 8.01224228878222,
        "last_pitch_deg": 0.7861259261473303,
        "last_position_ned_m": [
          -9.225502014160156,
          -1.3077870607376099,
          0.01751708984375
        ],
        "last_roll_deg": -131.2243550330996,
        "last_window_angular_rate_max_rad_s": 13.65618420548694,
        "last_window_roll_pitch_max_deg": 179.73742350558376,
        "local_position_topic": "vehicle_local_position_groundtruth",
        "mission_end_reached": true,
        "mission_end_us": 90384000,
        "mode_confirmed": true,
        "network_output_nonfinite": {
          "first_nonfinite": null,
          "nan_count": 0,
          "neginf_count": 0,
          "nonfinite_count": 0,
          "posinf_count": 0,
          "samples": 14679
        },
        "neural_control_samples": 14679,
        "observation_nonfinite": {
          "first_nonfinite": null,
          "nan_count": 0,
          "neginf_count": 0,
          "nonfinite_count": 0,
          "posinf_count": 0,
          "samples": 14679
        },
        "post_switch_angular_rate_max_rad_s": 24.31532782030111,
        "post_switch_disarmed": false,
        "post_switch_error_to_hover_max_m": 9.652073715513016,
        "post_switch_failsafe": false,
        "post_switch_hover_ned": [
          0.0,
          0.0,
          -2.5
        ],
        "post_switch_min_altitude_agl_m": -0.026824951171875,
        "post_switch_nav_states": [
          14,
          23
        ],
        "post_switch_roll_pitch_max_deg": 179.9871351412258,
        "switch_us": 26368000,
        "task_exit_code": 0
      },
      "reasons": [
        "angular_rate_loss_of_control",
        "attitude_tumble_over_90deg"
      ],
      "severity": 3,
      "severity_label": "S3_uncontrolled_tumble_or_loc",
      "thresholds": {
        "method_a_rate_tolerance_rad_s": 0.45,
        "method_a_roll_pitch_tolerance_deg": 8.0,
        "s0_angular_rate_rad_s": 1.0,
        "s0_final_error_m": 1.5,
        "s0_last_window_s": 2.0,
        "s0_min_altitude_agl_m": 1.0,
        "s0_roll_pitch_deg": 40.0,
        "s2_ground_contact_agl_m": 0.25,
        "s3_angular_rate_rad_s": 8.0,
        "s3_roll_pitch_deg": 90.0
      },
      "uncontrolled": true
    },
    "state_trigger": {
      "event": {
        "detail": {
          "controller_switch_s": 18.005552,
          "state": {
            "angular_rate_norm_rad_s": 2.0069229067236845,
            "angular_rate_xyz_rad_s": [
              -0.9521132707595825,
              -1.1205673217773438,
              1.3658509254455566
            ],
            "angular_velocity_timestamp_us": 1783854177251254,
            "attitude_timestamp_us": 1783854177251254,
            "elapsed_s": 18.005552,
            "pitch_deg": -39.82678280267948,
            "pitch_rate_abs_rad_s": 1.1205673217773438,
            "roll_deg": 36.17799124846313,
            "roll_pitch_abs_deg": 39.82678280267948,
            "roll_rate_abs_rad_s": 0.9521132707595825,
            "timestamp_us": 1783854177251254,
            "yaw_deg": -11.996694284512643,
            "yaw_rate_abs_rad_s": 1.3658509254455566
          },
          "trigger": {
            "angular_rate_norm_max_rad_s": 2.15,
            "angular_rate_norm_min_rad_s": 1.55,
            "deadline_s": 54.0,
            "enabled": true,
            "max_topic_age_s": 0.25,
            "method": "SIH groundtruth threshold crossing",
            "roll_pitch_abs_max_deg": 44.0,
            "roll_pitch_abs_min_deg": 36.0,
            "start_s": 18.0
          }
        },
        "elapsed_s": 18.005552,
        "name": "state_trigger",
        "timestamp_us": 1783854177251254
      },
      "fired": true,
      "match": {
        "angular_rate_error_norm_rad_s": 0.0,
        "matched": true,
        "pitch_error_deg": 0.0,
        "roll_error_deg": 0.0,
        "score": 0.0,
        "switch_us": 26368000
      },
      "task_exit_code": 0
    },
    "task": "tier05_fork_20260712T090728Z/stage3_initial/evals/pair4_H_rep15_route_a_addendum3_diag_20260629_rp36_44_rate1p55_2p15_w3_r4_f038_s20261902/mcnn_gate3_route_a_addendum3_diag_20260629_rp36_44_rate1p55_2p15_w3_r4_f038_s20261902_mcnn_task.json",
    "ulog": "tier05_fork_20260712T090728Z/stage3_initial/evals/pair4_H_rep15_route_a_addendum3_diag_20260629_rp36_44_rate1p55_2p15_w3_r4_f038_s20261902/mcnn_gate3_route_a_addendum3_diag_20260629_rp36_44_rate1p55_2p15_w3_r4_f038_s20261902_mcnn.ulg"
  },