{
  "analysis": {
    "actuator_rate_hz": 231.57312150019533,
    "actuator_total_counts": {
      "allocator_value_residual": 1054,
      "neural_value": 13006,
      "unknown": 166
    },
    "allocator_fraction_critical_actuator": {
      "count": 3,
      "fraction": 0.028846153846153848,
      "total": 104
    },
    "allocator_fraction_critical_output": {
      "count": 3,
      "fraction": 0.02912621359223301,
      "total": 103
    },
    "allocator_fraction_full_actuator": {
      "count": 1054,
      "fraction": 0.0740896949247856,
      "total": 14226
    },
    "allocator_fraction_full_output": {
      "count": 921,
      "fraction": 0.06486829130863501,
      "total": 14198
    },
    "exact_switch_state": {
      "angular_rate_norm_rad_s": 1.9609029675682117,
      "angular_rate_xyz_rad_s": [
        -1.0700345039367676,
        -1.0304067134857178,
        1.2800111770629883
      ],
      "angular_velocity_dt_ms": 0.0,
      "angular_velocity_timestamp_us": 28980000,
      "angular_velocity_topic": "vehicle_angular_velocity_groundtruth",
      "attitude_dt_ms": 0.0,
      "attitude_timestamp_us": 28980000,
      "attitude_topic": "vehicle_attitude_groundtruth",
      "local_position_dt_ms": 0.0,
      "local_position_timestamp_us": 28980000,
      "local_position_topic": "vehicle_local_position_groundtruth",
      "pitch_deg": -36.78930472649606,
      "pitch_rate_abs_rad_s": 1.0304067134857178,
      "position_ned_m": [
        -5.084465503692627,
        -2.6312313079833984,
        -2.118621826171875
      ],
      "roll_deg": 34.719292363331,
      "roll_pitch_abs_deg": 36.78930472649606,
      "roll_rate_abs_rad_s": 1.0700345039367676,
      "switch_us": 28980000,
      "velocity_ned_m_s": [
        -3.296813488006592,
        4.451450824737549,
        0.08216023445129395
      ],
      "velocity_norm_m_s": 5.53995883774274,
      "yaw_rate_abs_rad_s": 1.2800111770629883
    },
    "first_loss_us": 29432000,
    "loss_dt_s": 0.424,
    "loss_reason": "tilt>90",
    "mcnn_value_selfcheck": {
      "actuator_samples": 14226,
      "all_allocator_signature_residuals": 1054,
      "exact_neural_value_matches": 13006,
      "no_simultaneous_neural_timestamp_allocator_signature_residuals": 410,
      "simultaneous_neural_timestamp_nonmatches_with_allocator_signature": 644,
      "with_simultaneous_neural_control_timestamp": 13650
    },
    "nav23_duration_s": 61.432,
    "nav23_end_us": 90440000,
    "nav23_start_us": 29008000,
    "output_rate_hz": 231.1173329860659,
    "output_total_counts": {
      "allocator_value_residual": 921,
      "neural_value": 13112,
      "unknown": 165
    },
    "severity": {
      "controlled": false,
      "evidence": {
        "active_motor_nonfinite": {
          "first_nonfinite": null,
          "nan_count": 0,
          "neginf_count": 0,
          "nonfinite_count": 0,
          "posinf_count": 0,
          "samples": 14244
        },
        "active_motor_saturation_count": 51806,
        "active_motor_saturation_ratio": 0.9092600393147993,
        "analysis_start_us": 29008000,
        "angular_velocity_topic": "vehicle_angular_velocity_groundtruth",
        "attitude_quaternion_finite": true,
        "attitude_topic": "vehicle_attitude_groundtruth",
        "console": {
          "fault": false,
          "matches": [],
          "px4_timeout_rc": false
        },
        "controller": "mcnn",
        "controller_active_us": 29008000,
        "final_error_to_hover_m": 8.487343028138088,
        "last_angular_rate_norm_rad_s": 21.922505879060086,
        "last_pitch_deg": 56.53411782924872,
        "last_position_ned_m": [
          -7.962249755859375,
          1.5076185464859009,
          0.0228271484375
        ],
        "last_roll_deg": 43.766281943244365,
        "last_window_angular_rate_max_rad_s": 22.019481764667248,
        "last_window_roll_pitch_max_deg": 92.49558931341795,
        "local_position_topic": "vehicle_local_position_groundtruth",
        "mission_end_reached": true,
        "mission_end_us": 90512000,
        "mode_confirmed": true,
        "network_output_nonfinite": {
          "first_nonfinite": null,
          "nan_count": 0,
          "neginf_count": 0,
          "nonfinite_count": 0,
          "posinf_count": 0,
          "samples": 13689
        },
        "neural_control_samples": 13689,
        "observation_nonfinite": {
          "first_nonfinite": null,
          "nan_count": 0,
          "neginf_count": 0,
          "nonfinite_count": 0,
          "posinf_count": 0,
          "samples": 13689
        },
        "post_switch_angular_rate_max_rad_s": 24.4496046428141,
        "post_switch_disarmed": false,
        "post_switch_error_to_hover_max_m": 8.487343028138088,
        "post_switch_failsafe": false,
        "post_switch_hover_ned": [
          0.0,
          0.0,
          -2.5
        ],
        "post_switch_min_altitude_agl_m": -0.02288818359375,
        "post_switch_nav_states": [
          14,
          23
        ],
        "post_switch_roll_pitch_max_deg": 179.99521163705128,
        "switch_us": 28980000,
        "task_exit_code": 0
      },
      "reasons": [
        "angular_rate_loss_of_control",
        "attitude_tumble_over_90deg"
      ],
      "severity": 3,
      "severity_label": "S3_uncontrolled_tumble_or_loc",
      "thresholds": {
        "method_a_rate_tolerance_rad_s": 0.45,
        "method_a_roll_pitch_tolerance_deg": 8.0,
        "s0_angular_rate_rad_s": 1.0,
        "s0_final_error_m": 1.5,
        "s0_last_window_s": 2.0,
        "s0_min_altitude_agl_m": 1.0,
        "s0_roll_pitch_deg": 40.0,
        "s2_ground_contact_agl_m": 0.25,
        "s3_angular_rate_rad_s": 8.0,
        "s3_roll_pitch_deg": 90.0
      },
      "uncontrolled": true
    },
    "state_trigger": {
      "event": {
        "detail": {
          "controller_switch_s": 18.026546,
          "state": {
            "angular_rate_norm_rad_s": 1.9609029675682117,
            "angular_rate_xyz_rad_s": [
              -1.0700345039367676,
              -1.0304067134857178,
              1.2800111770629883
            ],
            "angular_velocity_timestamp_us": 1783847312386409,
            "attitude_timestamp_us": 1783847312386409,
            "elapsed_s": 18.026546,
            "pitch_deg": -36.78930472649606,
            "pitch_rate_abs_rad_s": 1.0304067134857178,
            "roll_deg": 34.719292363331,
            "roll_pitch_abs_deg": 36.78930472649606,
            "roll_rate_abs_rad_s": 1.0700345039367676,
            "timestamp_us": 1783847312386409,
            "yaw_deg": -8.325805987103525,
            "yaw_rate_abs_rad_s": 1.2800111770629883
          },
          "trigger": {
            "angular_rate_norm_max_rad_s": 2.15,
            "angular_rate_norm_min_rad_s": 1.55,
            "deadline_s": 54.0,
            "enabled": true,
            "max_topic_age_s": 0.25,
            "method": "SIH groundtruth threshold crossing",
            "roll_pitch_abs_max_deg": 44.0,
            "roll_pitch_abs_min_deg": 36.0,
            "start_s": 18.0
          }
        },
        "elapsed_s": 18.026546,
        "name": "state_trigger",
        "timestamp_us": 1783847312386409
      },
      "fired": true,
      "match": {
        "angular_rate_error_norm_rad_s": 0.0,
        "matched": true,
        "pitch_error_deg": 0.0,
        "roll_error_deg": 6.3611093629270335e-15,
        "score": 6.3611093629270335e-15,
        "switch_us": 28980000
      },
      "task_exit_code": 0
    },
    "task": "tier05_fork_20260712T090728Z/stage0_legacy/evals/pair4_A_rep01_route_a_addendum3_diag_20260629_rp36_44_rate1p55_2p15_w3_r4_f038_s20261902/mcnn_gate3_route_a_addendum3_diag_20260629_rp36_44_rate1p55_2p15_w3_r4_f038_s20261902_mcnn_task.json",