{
  "analysis": {
    "actuator_rate_hz": 240.21458687307282,
    "actuator_total_counts": {
      "allocator_value_residual": 1381,
      "neural_value": 13615,
      "unknown": 273
    },
    "allocator_fraction_critical_actuator": {
      "count": 13,
      "fraction": 0.1015625,
      "total": 128
    },
    "allocator_fraction_critical_output": {
      "count": 11,
      "fraction": 0.0859375,
      "total": 128
    },
    "allocator_fraction_full_actuator": {
      "count": 1381,
      "fraction": 0.09044469185932281,
      "total": 15269
    },
    "allocator_fraction_full_output": {
      "count": 1226,
      "fraction": 0.08119743029339692,
      "total": 15099
    },
    "exact_switch_state": {
      "angular_rate_norm_rad_s": 2.007558307889055,
      "angular_rate_xyz_rad_s": [
        -0.8986550569534302,
        -1.1678799390792847,
        1.363365650177002
      ],
      "angular_velocity_dt_ms": 0.0,
      "angular_velocity_timestamp_us": 26380000,
      "angular_velocity_topic": "vehicle_angular_velocity_groundtruth",
      "attitude_dt_ms": 0.0,
      "attitude_timestamp_us": 26380000,
      "attitude_topic": "vehicle_attitude_groundtruth",
      "local_position_dt_ms": 0.0,
      "local_position_timestamp_us": 26380000,
      "local_position_topic": "vehicle_local_position_groundtruth",
      "pitch_deg": -38.884124976327826,
      "pitch_rate_abs_rad_s": 1.1678799390792847,
      "position_ned_m": [
        -4.674301624298096,
        -3.0286340713500977,
        -2.420013427734375
      ],
      "roll_deg": 36.7938059666539,
      "roll_pitch_abs_deg": 38.884124976327826,
      "roll_rate_abs_rad_s": 0.8986550569534302,
      "switch_us": 26380000,
      "velocity_ned_m_s": [
        -2.7197511196136475,
        3.808938980102539,
        -0.44147345423698425
      ],
      "velocity_norm_m_s": 4.701059573923755,
      "yaw_rate_abs_rad_s": 1.363365650177002
    },
    "first_loss_us": 26924000,
    "loss_dt_s": 0.52,
    "loss_reason": "tilt>90",
    "mcnn_value_selfcheck": {
      "actuator_samples": 15269,
      "all_allocator_signature_residuals": 1381,
      "exact_neural_value_matches": 13615,
      "no_simultaneous_neural_timestamp_allocator_signature_residuals": 490,
      "simultaneous_neural_timestamp_nonmatches_with_allocator_signature": 891,
      "with_simultaneous_neural_control_timestamp": 14506
    },
    "nav23_duration_s": 63.564,
    "nav23_end_us": 89968000,
    "nav23_start_us": 26404000,
    "output_rate_hz": 237.5401170473853,
    "output_total_counts": {
      "allocator_value_residual": 1226,
      "neural_value": 13603,
      "unknown": 270
    },
    "severity": {
      "controlled": false,
      "evidence": {
        "active_motor_nonfinite": {
          "first_nonfinite": null,
          "nan_count": 0,
          "neginf_count": 0,
          "nonfinite_count": 0,
          "posinf_count": 0,
          "samples": 15373
        },
        "active_motor_saturation_count": 48988,
        "active_motor_saturation_ratio": 0.7966564756391076,
        "analysis_start_us": 26404000,
        "angular_velocity_topic": "vehicle_angular_velocity_groundtruth",
        "attitude_quaternion_finite": true,
        "attitude_topic": "vehicle_attitude_groundtruth",
        "console": {
          "fault": false,
          "matches": [],
          "px4_timeout_rc": false
        },
        "controller": "mcnn",
        "controller_active_us": 26404000,
        "final_error_to_hover_m": 8.9956801940155,
        "last_angular_rate_norm_rad_s": 20.085346142247328,
        "last_pitch_deg": 16.704626588169848,
        "last_position_ned_m": [
          -8.637035369873047,
          0.26927459239959717,
          0.000274658203125
        ],
        "last_roll_deg": -131.4256478582525,
        "last_window_angular_rate_max_rad_s": 20.085346142247328,
        "last_window_roll_pitch_max_deg": 179.03126830026736,
        "local_position_topic": "vehicle_local_position_groundtruth",
        "mission_end_reached": true,
        "mission_end_us": 90392000,
        "mode_confirmed": true,
        "network_output_nonfinite": {
          "first_nonfinite": null,
          "nan_count": 0,
          "neginf_count": 0,
          "nonfinite_count": 0,
          "posinf_count": 0,
          "samples": 14622
        },
        "neural_control_samples": 14622,
        "observation_nonfinite": {
          "first_nonfinite": null,
          "nan_count": 0,
          "neginf_count": 0,
          "nonfinite_count": 0,
          "posinf_count": 0,
          "samples": 14622
        },
        "post_switch_angular_rate_max_rad_s": 24.431317972029657,
        "post_switch_disarmed": false,
        "post_switch_error_to_hover_max_m": 8.998072516504386,
        "post_switch_failsafe": false,
        "post_switch_hover_ned": [
          0.0,
          0.0,
          -2.5
        ],
        "post_switch_min_altitude_agl_m": -0.025299072265625,
        "post_switch_nav_states": [
          14,
          23
        ],
        "post_switch_roll_pitch_max_deg": 179.98594133876264,
        "switch_us": 26380000,
        "task_exit_code": 0
      },
      "reasons": [
        "angular_rate_loss_of_control",
        "attitude_tumble_over_90deg"
      ],
      "severity": 3,
      "severity_label": "S3_uncontrolled_tumble_or_loc",
      "thresholds": {
        "method_a_rate_tolerance_rad_s": 0.45,
        "method_a_roll_pitch_tolerance_deg": 8.0,
        "s0_angular_rate_rad_s": 1.0,
        "s0_final_error_m": 1.5,
        "s0_last_window_s": 2.0,
        "s0_min_altitude_agl_m": 1.0,
        "s0_roll_pitch_deg": 40.0,
        "s2_ground_contact_agl_m": 0.25,
        "s3_angular_rate_rad_s": 8.0,
        "s3_roll_pitch_deg": 90.0
      },
      "uncontrolled": true
    },
    "state_trigger": {
      "event": {
        "detail": {
          "controller_switch_s": 18.00283,
          "state": {
            "angular_rate_norm_rad_s": 2.007558307889055,
            "angular_rate_xyz_rad_s": [
              -0.8986550569534302,
              -1.1678799390792847,
              1.363365650177002
            ],
            "angular_velocity_timestamp_us": 1783850359535631,
            "attitude_timestamp_us": 1783850359535631,
            "elapsed_s": 18.00283,
            "pitch_deg": -38.884124976327826,
            "pitch_rate_abs_rad_s": 1.1678799390792847,
            "roll_deg": 36.7938059666539,
            "roll_pitch_abs_deg": 38.884124976327826,
            "roll_rate_abs_rad_s": 0.8986550569534302,
            "timestamp_us": 1783850359535631,
            "yaw_deg": -12.167978222052783,
            "yaw_rate_abs_rad_s": 1.363365650177002
          },
          "trigger": {
            "angular_rate_norm_max_rad_s": 2.15,
            "angular_rate_norm_min_rad_s": 1.55,
            "deadline_s": 54.0,
            "enabled": true,
            "max_topic_age_s": 0.25,
            "method": "SIH groundtruth threshold crossing",
            "roll_pitch_abs_max_deg": 44.0,
            "roll_pitch_abs_min_deg": 36.0,
            "start_s": 18.0
          }
        },
        "elapsed_s": 18.00283,
        "name": "state_trigger",
        "timestamp_us": 1783850359535631
      },
      "fired": true,
      "match": {
        "angular_rate_error_norm_rad_s": 0.0,
        "matched": true,
        "pitch_error_deg": 0.0,
        "roll_error_deg": 0.0,
        "score": 0.0,
        "switch_us": 26380000
      },
      "task_exit_code": 0
    },
    "task": "tier05_fork_20260712T090728Z/stage2_gate_a/evals/pair4_A_rep09_route_a_addendum3_diag_20260629_rp36_44_rate1p55_2p15_w3_r4_f038_s20261902/mcnn_gate3_route_a_addendum3_diag_20260629_rp36_44_rate1p55_2p15_w3_r4_f038_s20261902_mcnn_task.json",
    "ulog": "tier05_fork_20260712T090728Z/stage2_gate_a/evals/pair4_A_rep09_route_a_addendum3_diag_20260629_rp36_44_rate1p55_2p15_w3_r4_f038_s20261902/mcnn_gate3_route_a_addendum3_diag_20260629_rp36_44_rate1p55_2p15_w3_r4_f038_s20261902_mcnn.ulg"
  },
  "arm": "A",