{
  "analysis": {
    "actuator_rate_hz": 240.68934357451752,
    "actuator_total_counts": {
      "allocator_value_residual": 1339,
      "neural_value": 13415,
      "unknown": 162
    },
    "allocator_fraction_critical_actuator": {
      "count": 8,
      "fraction": 0.058394160583941604,
      "total": 137
    },
    "allocator_fraction_critical_output": {
      "count": 6,
      "fraction": 0.044444444444444446,
      "total": 135
    },
    "allocator_fraction_full_actuator": {
      "count": 1339,
      "fraction": 0.08976937516760526,
      "total": 14916
    },
    "allocator_fraction_full_output": {
      "count": 1193,
      "fraction": 0.08096918691461925,
      "total": 14734
    },
    "exact_switch_state": {
      "angular_rate_norm_rad_s": 2.6616669837897358,
      "angular_rate_xyz_rad_s": [
        1.4236091375350952,
        -1.9509912729263306,
        1.118678331375122
      ],
      "angular_velocity_dt_ms": 0.0,
      "angular_velocity_timestamp_us": 27912000,
      "angular_velocity_topic": "vehicle_angular_velocity_groundtruth",
      "attitude_dt_ms": 0.0,
      "attitude_timestamp_us": 27912000,
      "attitude_topic": "vehicle_attitude_groundtruth",
      "local_position_dt_ms": 0.0,
      "local_position_timestamp_us": 27912000,
      "local_position_topic": "vehicle_local_position_groundtruth",
      "pitch_deg": 22.92540535717805,
      "pitch_rate_abs_rad_s": 1.9509912729263306,
      "position_ned_m": [
        -9.952497482299805,
        -3.961160898208618,
        -2.99249267578125
      ],
      "roll_deg": 48.150643158349204,
      "roll_pitch_abs_deg": 48.150643158349204,
      "roll_rate_abs_rad_s": 1.4236091375350952,
      "switch_us": 27912000,
      "velocity_ned_m_s": [
        -6.352537631988525,
        -0.8610617518424988,
        -0.3138398826122284
      ],
      "velocity_norm_m_s": 6.418306410435272,
      "yaw_rate_abs_rad_s": 1.118678331375122
    },
    "first_loss_us": 28492000,
    "loss_dt_s": 0.552,
    "loss_reason": "tilt>90",
    "mcnn_value_selfcheck": {
      "actuator_samples": 14916,
      "all_allocator_signature_residuals": 1339,
      "exact_neural_value_matches": 13415,
      "no_simultaneous_neural_timestamp_allocator_signature_residuals": 418,
      "simultaneous_neural_timestamp_nonmatches_with_allocator_signature": 921,
      "with_simultaneous_neural_control_timestamp": 14336
    },
    "nav23_duration_s": 61.972,
    "nav23_end_us": 89912000,
    "nav23_start_us": 27940000,
    "output_rate_hz": 237.75253340218163,
    "output_total_counts": {
      "allocator_value_residual": 1193,
      "neural_value": 13377,
      "unknown": 164
    },
    "severity": {
      "controlled": false,
      "evidence": {
        "active_motor_nonfinite": {
          "first_nonfinite": null,
          "nan_count": 0,
          "neginf_count": 0,
          "nonfinite_count": 0,
          "posinf_count": 0,
          "samples": 15027
        },
        "active_motor_saturation_count": 57557,
        "active_motor_saturation_ratio": 0.957559725826845,
        "analysis_start_us": 27940000,
        "angular_velocity_topic": "vehicle_angular_velocity_groundtruth",
        "attitude_quaternion_finite": true,
        "attitude_topic": "vehicle_attitude_groundtruth",
        "console": {
          "fault": false,
          "matches": [],
          "px4_timeout_rc": false
        },
        "controller": "mcnn",
        "controller_active_us": 27940000,
        "final_error_to_hover_m": 15.623266841869007,
        "last_angular_rate_norm_rad_s": 19.523874168837605,
        "last_pitch_deg": 34.106084189739185,
        "last_position_ned_m": [
          -15.190276145935059,
          -2.6438205242156982,
          0.020355224609375
        ],
        "last_roll_deg": -124.42832372001044,
        "last_window_angular_rate_max_rad_s": 20.471180831456227,
        "last_window_roll_pitch_max_deg": 179.74243746909255,
        "local_position_topic": "vehicle_local_position_groundtruth",
        "mission_end_reached": true,
        "mission_end_us": 90368000,
        "mode_confirmed": true,
        "network_output_nonfinite": {
          "first_nonfinite": null,
          "nan_count": 0,
          "neginf_count": 0,
          "nonfinite_count": 0,
          "posinf_count": 0,
          "samples": 14428
        },
        "neural_control_samples": 14428,
        "observation_nonfinite": {
          "first_nonfinite": null,
          "nan_count": 0,
          "neginf_count": 0,
          "nonfinite_count": 0,
          "posinf_count": 0,
          "samples": 14428
        },
        "post_switch_angular_rate_max_rad_s": 24.85983850289426,
        "post_switch_disarmed": false,
        "post_switch_error_to_hover_max_m": 15.623266962906948,
        "post_switch_failsafe": false,
        "post_switch_hover_ned": [
          0.0,
          0.0,
          -2.5
        ],
        "post_switch_min_altitude_agl_m": -0.0203857421875,
        "post_switch_nav_states": [
          14,
          23
        ],
        "post_switch_roll_pitch_max_deg": 179.9999571699768,
        "switch_us": 27912000,
        "task_exit_code": 0
      },
      "reasons": [
        "angular_rate_loss_of_control",
        "attitude_tumble_over_90deg"
      ],
      "severity": 3,
      "severity_label": "S3_uncontrolled_tumble_or_loc",
      "thresholds": {
        "method_a_rate_tolerance_rad_s": 0.45,
        "method_a_roll_pitch_tolerance_deg": 8.0,
        "s0_angular_rate_rad_s": 1.0,
        "s0_final_error_m": 1.5,
        "s0_last_window_s": 2.0,
        "s0_min_altitude_agl_m": 1.0,
        "s0_roll_pitch_deg": 40.0,
        "s2_ground_contact_agl_m": 0.25,
        "s3_angular_rate_rad_s": 8.0,
        "s3_roll_pitch_deg": 90.0
      },
      "uncontrolled": true
    },
    "state_trigger": {
      "event": {
        "detail": {
          "controller_switch_s": 19.538606,
          "state": {
            "angular_rate_norm_rad_s": 2.6616669837897358,
            "angular_rate_xyz_rad_s": [
              1.4236091375350952,
              -1.9509912729263306,
              1.118678331375122
            ],
            "angular_velocity_timestamp_us": 1783854650595792,
            "attitude_timestamp_us": 1783854650595792,
            "elapsed_s": 19.538606,
            "pitch_deg": 22.92540535717805,
            "pitch_rate_abs_rad_s": 1.9509912729263306,
            "roll_deg": 48.150643158349204,
            "roll_pitch_abs_deg": 48.150643158349204,
            "roll_rate_abs_rad_s": 1.4236091375350952,
            "timestamp_us": 1783854650595792,
            "yaw_deg": -11.91055366563061,
            "yaw_rate_abs_rad_s": 1.118678331375122
          },
          "trigger": {
            "angular_rate_norm_max_rad_s": 2.9,
            "angular_rate_norm_min_rad_s": 2.45,
            "deadline_s": 54.0,
            "enabled": true,
            "max_topic_age_s": 0.25,
            "method": "SIH groundtruth threshold crossing",
            "roll_pitch_abs_max_deg": 62.0,
            "roll_pitch_abs_min_deg": 48.0,
            "start_s": 18.0
          }
        },
        "elapsed_s": 19.538606,
        "name": "state_trigger",
        "timestamp_us": 1783854650595792
      },
      "fired": true,
      "match": {
        "angular_rate_error_norm_rad_s": 0.0,
        "matched": true,
        "pitch_error_deg": 0.0,
        "roll_error_deg": 0.0,
        "score": 0.0,
        "switch_us": 27912000
      },
      "task_exit_code": 0
    },
    "task": "tier05_fork_20260712T090728Z/stage3_initial/evals/pair1_H_rep01_route_a_addendum3_diag_20260629_rp48_62_rate2p45_2p90_w6_r6_f045_s20262001/mcnn_gate3_route_a_addendum3_diag_20260629_rp48_62_rate2p45_2p90_w6_r6_f045_s20262001_mcnn_task.json",
    "ulog": "tier05_fork_20260712T090728Z/stage3_initial/evals/pair1_H_rep01_route_a_addendum3_diag_20260629_rp48_62_rate2p45_2p90_w6_r6_f045_s20262001/mcnn_gate3_route_a_addendum3_diag_20260629_rp48_62_rate2p45_2p90_w6_r6_f045_s20262001_mcnn.ulg"
  },