{
  "analysis": {
    "actuator_rate_hz": 234.29477020602218,
    "actuator_total_counts": {
      "allocator_value_residual": 1675,
      "neural_value": 12983,
      "unknown": 126
    },
    "allocator_fraction_critical_actuator": {
      "count": 19,
      "fraction": 0.10919540229885058,
      "total": 174
    },
    "allocator_fraction_critical_output": {
      "count": 17,
      "fraction": 0.09770114942528736,
      "total": 174
    },
    "allocator_fraction_full_actuator": {
      "count": 1675,
      "fraction": 0.11329816017316018,
      "total": 14784
    },
    "allocator_fraction_full_output": {
      "count": 1566,
      "fraction": 0.10733379026730637,
      "total": 14590
    },
    "exact_switch_state": {
      "angular_rate_norm_rad_s": 2.5550556897201187,
      "angular_rate_xyz_rad_s": [
        1.2767395973205566,
        -1.8944352865219116,
        1.1442729234695435
      ],
      "angular_velocity_dt_ms": 0.0,
      "angular_velocity_timestamp_us": 27084000,
      "angular_velocity_topic": "vehicle_angular_velocity_groundtruth",
      "attitude_dt_ms": 0.0,
      "attitude_timestamp_us": 27084000,
      "attitude_topic": "vehicle_attitude_groundtruth",
      "local_position_dt_ms": 0.0,
      "local_position_timestamp_us": 27084000,
      "local_position_topic": "vehicle_local_position_groundtruth",
      "pitch_deg": 22.558656797030153,
      "pitch_rate_abs_rad_s": 1.8944352865219116,
      "position_ned_m": [
        -9.519876480102539,
        -4.924646377563477,
        -2.513031005859375
      ],
      "roll_deg": 48.1708579900691,
      "roll_pitch_abs_deg": 48.1708579900691,
      "roll_rate_abs_rad_s": 1.2767395973205566,
      "switch_us": 27084000,
      "velocity_ned_m_s": [
        -6.416112899780273,
        -1.0053166151046753,
        -0.16986531019210815
      ],
      "velocity_norm_m_s": 6.496616077846913,
      "yaw_rate_abs_rad_s": 1.1442729234695435
    },
    "first_loss_us": 27860000,
    "loss_dt_s": 0.744,
    "loss_reason": "tilt>90",
    "mcnn_value_selfcheck": {
      "actuator_samples": 14784,
      "all_allocator_signature_residuals": 1675,
      "exact_neural_value_matches": 12983,
      "no_simultaneous_neural_timestamp_allocator_signature_residuals": 215,
      "simultaneous_neural_timestamp_nonmatches_with_allocator_signature": 1460,
      "with_simultaneous_neural_control_timestamp": 14443
    },
    "nav23_duration_s": 63.1,
    "nav23_end_us": 90216000,
    "nav23_start_us": 27116000,
    "output_rate_hz": 231.2202852614897,
    "output_total_counts": {
      "allocator_value_residual": 1566,
      "neural_value": 12903,
      "unknown": 121
    },
    "severity": {
      "controlled": false,
      "evidence": {
        "active_motor_nonfinite": {
          "first_nonfinite": null,
          "nan_count": 0,
          "neginf_count": 0,
          "nonfinite_count": 0,
          "posinf_count": 0,
          "samples": 14845
        },
        "active_motor_saturation_count": 53343,
        "active_motor_saturation_ratio": 0.8983327719770967,
        "analysis_start_us": 27116000,
        "angular_velocity_topic": "vehicle_angular_velocity_groundtruth",
        "attitude_quaternion_finite": true,
        "attitude_topic": "vehicle_attitude_groundtruth",
        "console": {
          "fault": false,
          "matches": [],
          "px4_timeout_rc": false
        },
        "controller": "mcnn",
        "controller_active_us": 27116000,
        "final_error_to_hover_m": 15.127006238325777,
        "last_angular_rate_norm_rad_s": 21.095623590042255,
        "last_pitch_deg": 45.55165301446732,
        "last_position_ned_m": [
          -14.505542755126953,
          -3.484058380126953,
          0.00537109375
        ],
        "last_roll_deg": -44.85946385396291,
        "last_window_angular_rate_max_rad_s": 21.27065770955673,
        "last_window_roll_pitch_max_deg": 179.7081645431605,
        "local_position_topic": "vehicle_local_position_groundtruth",
        "mission_end_reached": true,
        "mission_end_us": 90488000,
        "mode_confirmed": true,
        "network_output_nonfinite": {
          "first_nonfinite": null,
          "nan_count": 0,
          "neginf_count": 0,
          "nonfinite_count": 0,
          "posinf_count": 0,
          "samples": 14504
        },
        "neural_control_samples": 14504,
        "observation_nonfinite": {
          "first_nonfinite": null,
          "nan_count": 0,
          "neginf_count": 0,
          "nonfinite_count": 0,
          "posinf_count": 0,
          "samples": 14504
        },
        "post_switch_angular_rate_max_rad_s": 24.295525795815212,
        "post_switch_disarmed": false,
        "post_switch_error_to_hover_max_m": 15.127006238325777,
        "post_switch_failsafe": false,
        "post_switch_hover_ned": [
          0.0,
          0.0,
          -2.5
        ],
        "post_switch_min_altitude_agl_m": -0.0225830078125,
        "post_switch_nav_states": [
          14,
          23
        ],
        "post_switch_roll_pitch_max_deg": 179.99384651016632,
        "switch_us": 27084000,
        "task_exit_code": 0
      },
      "reasons": [
        "angular_rate_loss_of_control",
        "attitude_tumble_over_90deg"
      ],
      "severity": 3,
      "severity_label": "S3_uncontrolled_tumble_or_loc",
      "thresholds": {
        "method_a_rate_tolerance_rad_s": 0.45,
        "method_a_roll_pitch_tolerance_deg": 8.0,
        "s0_angular_rate_rad_s": 1.0,
        "s0_final_error_m": 1.5,
        "s0_last_window_s": 2.0,
        "s0_min_altitude_agl_m": 1.0,
        "s0_roll_pitch_deg": 40.0,
        "s2_ground_contact_agl_m": 0.25,
        "s3_angular_rate_rad_s": 8.0,
        "s3_roll_pitch_deg": 90.0
      },
      "uncontrolled": true
    },
    "state_trigger": {
      "event": {
        "detail": {
          "controller_switch_s": 19.559891,
          "state": {
            "angular_rate_norm_rad_s": 2.5550556897201187,
            "angular_rate_xyz_rad_s": [
              1.2767395973205566,
              -1.8944352865219116,
              1.1442729234695435
            ],
            "angular_velocity_timestamp_us": 1783609701088987,
            "attitude_timestamp_us": 1783609701088987,
            "elapsed_s": 19.559891,
            "pitch_deg": 22.558656797030153,
            "pitch_rate_abs_rad_s": 1.8944352865219116,
            "roll_deg": 48.1708579900691,
            "roll_pitch_abs_deg": 48.1708579900691,
            "roll_rate_abs_rad_s": 1.2767395973205566,
            "timestamp_us": 1783609701088987,
            "yaw_deg": -14.156292601321647,
            "yaw_rate_abs_rad_s": 1.1442729234695435
          },
          "trigger": {
            "angular_rate_norm_max_rad_s": 2.9,
            "angular_rate_norm_min_rad_s": 2.45,
            "deadline_s": 54.0,
            "enabled": true,
            "max_topic_age_s": 0.25,
            "method": "SIH groundtruth threshold crossing",
            "roll_pitch_abs_max_deg": 62.0,
            "roll_pitch_abs_min_deg": 48.0,
            "start_s": 18.0
          }
        },
        "elapsed_s": 19.559891,
        "name": "state_trigger",
        "timestamp_us": 1783609701088987
      },
      "fired": true,
      "match": {
        "angular_rate_error_norm_rad_s": 0.0,
        "matched": true,
        "pitch_error_deg": 0.0,
        "roll_error_deg": 0.0,
        "score": 0.0,
        "switch_us": 27084000
      },
      "task_exit_code": 0
    },
    "task": "docs/px4_race_r4_gate_20260709/evals/pair1_A_rep03_route_a_addendum3_diag_20260629_rp48_62_rate2p45_2p90_w6_r6_f045_s20262001/mcnn_gate3_route_a_addendum3_diag_20260629_rp48_62_rate2p45_2p90_w6_r6_f045_s20262001_mcnn_task.json",
    "ulog": "docs/px4_race_r4_gate_20260709/evals/pair1_A_rep03_route_a_addendum3_diag_20260629_rp48_62_rate2p45_2p90_w6_r6_f045_s20262001/mcnn_gate3_route_a_addendum3_diag_20260629_rp48_62_rate2p45_2p90_w6_r6_f045_s20262001_mcnn.ulg"
  },
  "arm": "A",