{
  "analysis": {
    "actuator_rate_hz": 232.34258172155967,
    "actuator_total_counts": {
      "allocator_value_residual": 1102,
      "neural_value": 13733,
      "unknown": 205
    },
    "allocator_fraction_critical_actuator": {
      "count": 8,
      "fraction": 0.050314465408805034,
      "total": 159
    },
    "allocator_fraction_critical_output": {
      "count": 8,
      "fraction": 0.050314465408805034,
      "total": 159
    },
    "allocator_fraction_full_actuator": {
      "count": 1102,
      "fraction": 0.07327127659574469,
      "total": 15040
    },
    "allocator_fraction_full_output": {
      "count": 967,
      "fraction": 0.06460017369229741,
      "total": 14969
    },
    "exact_switch_state": {
      "angular_rate_norm_rad_s": 2.0147919826750997,
      "angular_rate_xyz_rad_s": [
        -0.9833219051361084,
        -1.1345467567443848,
        1.3436027765274048
      ],
      "angular_velocity_dt_ms": 0.0,
      "angular_velocity_timestamp_us": 25744000,
      "angular_velocity_topic": "vehicle_angular_velocity_groundtruth",
      "attitude_dt_ms": 0.0,
      "attitude_timestamp_us": 25744000,
      "attitude_topic": "vehicle_attitude_groundtruth",
      "local_position_dt_ms": 0.0,
      "local_position_timestamp_us": 25744000,
      "local_position_topic": "vehicle_local_position_groundtruth",
      "pitch_deg": -37.89695908752976,
      "pitch_rate_abs_rad_s": 1.1345467567443848,
      "position_ned_m": [
        -4.6802144050598145,
        -3.09423565864563,
        -2.78216552734375
      ],
      "roll_deg": 38.930649404642836,
      "roll_pitch_abs_deg": 38.930649404642836,
      "roll_rate_abs_rad_s": 0.9833219051361084,
      "switch_us": 25744000,
      "velocity_ned_m_s": [
        -3.3091516494750977,
        3.8880677223205566,
        -0.2579248249530792
      ],
      "velocity_norm_m_s": 5.112150278297949,
      "yaw_rate_abs_rad_s": 1.3436027765274048
    },
    "first_loss_us": 26444000,
    "loss_dt_s": 0.684,
    "loss_reason": "tilt>90",
    "mcnn_value_selfcheck": {
      "actuator_samples": 15040,
      "all_allocator_signature_residuals": 1102,
      "exact_neural_value_matches": 13733,
      "no_simultaneous_neural_timestamp_allocator_signature_residuals": 421,
      "simultaneous_neural_timestamp_nonmatches_with_allocator_signature": 681,
      "with_simultaneous_neural_control_timestamp": 14414
    },
    "nav23_duration_s": 64.732,
    "nav23_end_us": 90492000,
    "nav23_start_us": 25760000,
    "output_rate_hz": 231.2457517147624,
    "output_total_counts": {
      "allocator_value_residual": 967,
      "neural_value": 13800,
      "unknown": 202
    },
    "severity": {
      "controlled": false,
      "evidence": {
        "active_motor_nonfinite": {
          "first_nonfinite": null,
          "nan_count": 0,
          "neginf_count": 0,
          "nonfinite_count": 0,
          "posinf_count": 0,
          "samples": 15047
        },
        "active_motor_saturation_count": 56093,
        "active_motor_saturation_ratio": 0.9319631820296405,
        "analysis_start_us": 25760000,
        "angular_velocity_topic": "vehicle_angular_velocity_groundtruth",
        "attitude_quaternion_finite": true,
        "attitude_topic": "vehicle_attitude_groundtruth",
        "console": {
          "fault": false,
          "matches": [],
          "px4_timeout_rc": false
        },
        "controller": "mcnn",
        "controller_active_us": 25760000,
        "final_error_to_hover_m": 9.632032958394943,
        "last_angular_rate_norm_rad_s": 22.570574918957377,
        "last_pitch_deg": 68.65693922021352,
        "last_position_ned_m": [
          -9.285024642944336,
          0.47767573595046997,
          0.017181396484375
        ],
        "last_roll_deg": 64.05514977612721,
        "last_window_angular_rate_max_rad_s": 23.508477443164615,
        "last_window_roll_pitch_max_deg": 108.8128302563831,
        "local_position_topic": "vehicle_local_position_groundtruth",
        "mission_end_reached": true,
        "mission_end_us": 90520000,
        "mode_confirmed": true,
        "network_output_nonfinite": {
          "first_nonfinite": null,
          "nan_count": 0,
          "neginf_count": 0,
          "nonfinite_count": 0,
          "posinf_count": 0,
          "samples": 14433
        },
        "neural_control_samples": 14433,
        "observation_nonfinite": {
          "first_nonfinite": null,
          "nan_count": 0,
          "neginf_count": 0,
          "nonfinite_count": 0,
          "posinf_count": 0,
          "samples": 14433
        },
        "post_switch_angular_rate_max_rad_s": 24.52461104223288,
        "post_switch_disarmed": false,
        "post_switch_error_to_hover_max_m": 9.632034900553071,
        "post_switch_failsafe": false,
        "post_switch_hover_ned": [
          0.0,
          0.0,
          -2.5
        ],
        "post_switch_min_altitude_agl_m": -0.0172119140625,
        "post_switch_nav_states": [
          14,
          23
        ],
        "post_switch_roll_pitch_max_deg": 179.9993544230185,
        "switch_us": 25744000,
        "task_exit_code": 0
      },
      "reasons": [
        "angular_rate_loss_of_control",
        "attitude_tumble_over_90deg"
      ],
      "severity": 3,
      "severity_label": "S3_uncontrolled_tumble_or_loc",
      "thresholds": {
        "method_a_rate_tolerance_rad_s": 0.45,
        "method_a_roll_pitch_tolerance_deg": 8.0,
        "s0_angular_rate_rad_s": 1.0,
        "s0_final_error_m": 1.5,
        "s0_last_window_s": 2.0,
        "s0_min_altitude_agl_m": 1.0,
        "s0_roll_pitch_deg": 40.0,
        "s2_ground_contact_agl_m": 0.25,
        "s3_angular_rate_rad_s": 8.0,
        "s3_roll_pitch_deg": 90.0
      },
      "uncontrolled": true
    },
    "state_trigger": {
      "event": {
        "detail": {
          "controller_switch_s": 18.007679,
          "state": {
            "angular_rate_norm_rad_s": 2.0147919826750997,
            "angular_rate_xyz_rad_s": [
              -0.9833219051361084,
              -1.1345467567443848,
              1.3436027765274048
            ],
            "angular_velocity_timestamp_us": 1783849846296665,
            "attitude_timestamp_us": 1783849846296665,
            "elapsed_s": 18.007679,
            "pitch_deg": -37.89695908752976,
            "pitch_rate_abs_rad_s": 1.1345467567443848,
            "roll_deg": 38.930649404642836,
            "roll_pitch_abs_deg": 38.930649404642836,
            "roll_rate_abs_rad_s": 0.9833219051361084,
            "timestamp_us": 1783849846296665,
            "yaw_deg": -9.66169665716278,
            "yaw_rate_abs_rad_s": 1.3436027765274048
          },
          "trigger": {
            "angular_rate_norm_max_rad_s": 2.15,
            "angular_rate_norm_min_rad_s": 1.55,
            "deadline_s": 54.0,
            "enabled": true,
            "max_topic_age_s": 0.25,
            "method": "SIH groundtruth threshold crossing",
            "roll_pitch_abs_max_deg": 44.0,
            "roll_pitch_abs_min_deg": 36.0,
            "start_s": 18.0
          }
        },
        "elapsed_s": 18.007679,
        "name": "state_trigger",
        "timestamp_us": 1783849846296665
      },
      "fired": true,
      "match": {
        "angular_rate_error_norm_rad_s": 0.0,
        "matched": true,
        "pitch_error_deg": 0.0,
        "roll_error_deg": 0.0,
        "score": 0.0,
        "switch_us": 25744000
      },
      "task_exit_code": 0
    },
    "task": "tier05_fork_20260712T090728Z/stage2_gate_a/evals/pair4_A_rep03_route_a_addendum3_diag_20260629_rp36_44_rate1p55_2p15_w3_r4_f038_s20261902/mcnn_gate3_route_a_addendum3_diag_20260629_rp36_44_rate1p55_2p15_w3_r4_f038_s20261902_mcnn_task.json",
    "ulog": "tier05_fork_20260712T090728Z/stage2_gate_a/evals/pair4_A_rep03_route_a_addendum3_diag_20260629_rp36_44_rate1p55_2p15_w3_r4_f038_s20261902/mcnn_gate3_route_a_addendum3_diag_20260629_rp36_44_rate1p55_2p15_w3_r4_f038_s20261902_mcnn.ulg"
  },