{
  "classical": {
    "controller": "classical",
    "effective_estimator_params": {
      "EKF2_DELAY_MAX": 300.0,
      "EKF2_GPS_P_GATE": 12.0,
      "EKF2_GPS_P_NOISE": 0.009999999776482582,
      "EKF2_GPS_V_GATE": 12.0,
      "EKF2_GPS_V_NOISE": 0.009999999776482582,
      "EKF2_IMU_POS_X": 0.0,
      "EKF2_IMU_POS_Y": 0.0,
      "EKF2_IMU_POS_Z": 0.0,
      "EKF2_MAG_DELAY": 0.0,
      "EKF2_MAG_GATE": 3.0,
      "EKF2_MAG_NOISE": 0.05000000074505806,
      "EKF2_TAU_POS": 1.0,
      "EKF2_TAU_VEL": 1.0,
      "SENS_GPS0_DELAY": 300,
      "SENS_GPS1_DELAY": 300
    },
    "estimator_status": {
      "filter_fault_flags_final": 0,
      "filter_fault_flags_max": 0,
      "gps_check_fail_flags_final": 0,
      "gps_check_fail_flags_max": 0,
      "hdg_test_ratio_max": 0.145851731300354,
      "hdg_test_ratio_mean": 0.0832347040842364,
      "hgt_test_ratio_max": 0.030102988705039024,
      "hgt_test_ratio_mean": 0.014026468573045032,
      "output_tracking_error_angle_rad_max": 0.03285200893878937,
      "output_tracking_error_angle_rad_mean": 0.008027504842319032,
      "output_tracking_error_position_m_max": 0.9031091928482056,
      "output_tracking_error_position_m_mean": 0.41348139371449266,
      "output_tracking_error_velocity_m_s_max": 0.3772922158241272,
      "output_tracking_error_velocity_m_s_mean": 0.15520722917706958,
      "pos_horiz_accuracy_max": 0.3673178255558014,
      "pos_horiz_accuracy_mean": 0.32985516426445305,
      "pos_test_ratio_max": 0.04273470491170883,
      "pos_test_ratio_mean": 0.01197757456899164,
      "pos_vert_accuracy_max": 0.03277137130498886,
      "pos_vert_accuracy_mean": 0.031024664790294636,
      "present": true,
      "reset_count_pod_d_final": 2,
      "reset_count_pod_d_max": 2,
      "reset_count_pos_ne_final": 3,
      "reset_count_pos_ne_max": 3,
      "reset_count_quat_final": 1,
      "reset_count_quat_max": 1,
      "reset_count_vel_d_final": 1,
      "reset_count_vel_d_max": 1,
      "reset_count_vel_ne_final": 2,
      "reset_count_vel_ne_max": 2,
      "time_slip_max": 0.004000000189989805,
      "time_slip_mean": 0.004000000189989805,
      "vel_test_ratio_max": 0.1524980664253235,
      "vel_test_ratio_mean": 0.04536570750175976,
      "window_samples": 2001
    },
    "local_position_vs_groundtruth": {
      "position_error_final_m": 1.1558567782580436,
      "position_error_max_m": 1.3238685753801578,
      "position_error_rms_m": 0.7046610269117595,
      "present": true,
      "velocity_error_final_m_s": 0.6853115327390925,
      "velocity_error_max_m_s": 1.1827337812213499,
      "velocity_error_rms_m_s": 0.5599473726090364,
      "window_samples": 2001
    },
    "raptor_input": {
      "active_samples": 0,
      "present": true
    },
    "topics_present": [
      "actuator_armed",
      "actuator_motors",
      "actuator_outputs",
      "battery_status",
      "config_overrides",
      "control_allocator_status",
      "cpuload",
      "distance_sensor",
      "distance_sensor_mode_change_request",
      "ekf2_timestamps",
      "esc_status",
      "estimator_aid_src_baro_hgt",
      "estimator_aid_src_gnss_hgt",
      "estimator_aid_src_gnss_pos",
      "estimator_aid_src_gnss_vel",
      "estimator_aid_src_gravity",
      "estimator_aid_src_mag",
      "estimator_aid_src_rng_hgt",
      "estimator_baro_bias",
      "estimator_event_flags",
      "estimator_gnss_hgt_bias",
      "estimator_gps_status",
      "estimator_innovation_test_ratios",
      "estimator_innovation_variances",
      "estimator_innovations",
      "estimator_sensor_bias",
      "estimator_states",
      "estimator_status",
      "estimator_status_flags",
      "event",
      "failsafe_flags",
      "failure_detector_status",
      "gripper",
      "home_position",
      "hover_thrust_estimate",
      "logger_status",
      "manual_control_setpoint",
      "mission_result",
      "navigator_mission_item",
      "navigator_status",
      "offboard_control_mode",
      "parameter_update",
      "position_setpoint_triplet",
      "ranging_beacon",
      "raptor_input",
      "raptor_status",
      "rate_ctrl_status",
      "rtl_status",
      "rtl_time_estimate",
      "sensor_accel",
      "sensor_baro",
      "sensor_combined",
      "sensor_gps",
      "sensor_gyro",
      "sensor_gyro_fft",
      "sensor_mag",
      "sensor_selection",
      "sensors_status_imu",
      "system_power",
      "takeoff_status",
      "telemetry_status",
      "timesync_status",
      "trajectory_setpoint",
      "transponder_report",
      "vehicle_acceleration",
      "vehicle_air_data",
      "vehicle_angular_velocity",
      "vehicle_angular_velocity_groundtruth",
      "vehicle_attitude",
      "vehicle_attitude_groundtruth",
      "vehicle_attitude_setpoint",
      "vehicle_command",
      "vehicle_command_ack",
      "vehicle_constraints",
      "vehicle_control_mode",
      "vehicle_global_position",
      "vehicle_global_position_groundtruth",
      "vehicle_gps_position",
      "vehicle_imu",
      "vehicle_imu_status",
      "vehicle_land_detected",
      "vehicle_local_position",
      "vehicle_local_position_groundtruth",
      "vehicle_local_position_setpoint",
      "vehicle_magnetometer",
      "vehicle_rates_setpoint",
      "vehicle_status",
      "vehicle_thrust_setpoint",
      "vehicle_torque_setpoint",
      "yaw_estimator_status"
    ],
    "ulog": "docs/m2_5_estimator_harsh_1x_20260624/m1_m2_5_estimator_harsh_300ms_sine8hz_classical.ulg",
    "window": {
      "active_us": 26180000,
      "mission_end_us": 46144725,
      "origin_us": 8130123,
      "trajectory_start_us": 30140000
    }
  },
  "fairness": {
    "fair_shared_estimator_pollution": true,
    "note": "Estimator-error magnitudes need not match exactly because controller trajectories differ; fairness is parameter-identical shared EKF estimate pollution, not RAPTOR-only observation modification.",
    "param_checks": {
      "EKF2_DELAY_MAX": {
        "classical": 300.0,
        "classical_matches_raptor": true,
        "classical_matches_theta": true,
        "raptor": 300.0,
        "raptor_matches_theta": true,
        "theta": 300
      },
      "EKF2_GPS_P_GATE": {
        "classical": 12.0,
        "classical_matches_raptor": true,
        "classical_matches_theta": true,
        "raptor": 12.0,
        "raptor_matches_theta": true,
        "theta": 12.0
      },
      "EKF2_GPS_P_NOISE": {
        "classical": 0.009999999776482582,
        "classical_matches_raptor": true,
        "classical_matches_theta": true,
        "raptor": 0.009999999776482582,
        "raptor_matches_theta": true,
        "theta": 0.01
      },
      "EKF2_GPS_V_GATE": {
        "classical": 12.0,
        "classical_matches_raptor": true,
        "classical_matches_theta": true,
        "raptor": 12.0,
        "raptor_matches_theta": true,
        "theta": 12.0
      },
      "EKF2_GPS_V_NOISE": {
        "classical": 0.009999999776482582,
        "classical_matches_raptor": true,
        "classical_matches_theta": true,
        "raptor": 0.009999999776482582,
        "raptor_matches_theta": true,
        "theta": 0.01
      },
      "EKF2_IMU_POS_X": {
        "classical": 0.0,
        "classical_matches_raptor": true,
        "classical_matches_theta": true,
        "raptor": 0.0,
        "raptor_matches_theta": true,
        "theta": 0.0
      },
      "EKF2_IMU_POS_Y": {
        "classical": 0.0,
        "classical_matches_raptor": true,
        "classical_matches_theta": true,
        "raptor": 0.0,
        "raptor_matches_theta": true,
        "theta": 0.0
      },
      "EKF2_IMU_POS_Z": {
        "classical": 0.0,
        "classical_matches_raptor": true,
        "classical_matches_theta": true,
        "raptor": 0.0,
        "raptor_matches_theta": true,
        "theta": 0.0
      },
      "EKF2_MAG_DELAY": {
        "classical": 0.0,
        "classical_matches_raptor": true,
        "classical_matches_theta": true,
        "raptor": 0.0,