{
  "analysis": {
    "actuator_rate_hz": 240.56217306359108,
    "actuator_total_counts": {
      "allocator_value_residual": 1320,
      "neural_value": 13759,
      "unknown": 189
    },
    "allocator_fraction_critical_actuator": {
      "count": 25,
      "fraction": 0.09259259259259259,
      "total": 270
    },
    "allocator_fraction_critical_output": {
      "count": 23,
      "fraction": 0.08582089552238806,
      "total": 268
    },
    "allocator_fraction_full_actuator": {
      "count": 1320,
      "fraction": 0.08645533141210375,
      "total": 15268
    },
    "allocator_fraction_full_output": {
      "count": 1195,
      "fraction": 0.07891956148461234,
      "total": 15142
    },
    "exact_switch_state": {
      "angular_rate_norm_rad_s": 0.866320250584933,
      "angular_rate_xyz_rad_s": [
        0.23984463512897491,
        -0.7910374402999878,
        0.2593165934085846
      ],
      "angular_velocity_dt_ms": 0.0,
      "angular_velocity_timestamp_us": 26744000,
      "angular_velocity_topic": "vehicle_angular_velocity_groundtruth",
      "attitude_dt_ms": 0.0,
      "attitude_timestamp_us": 26744000,
      "attitude_topic": "vehicle_attitude_groundtruth",
      "local_position_dt_ms": 0.0,
      "local_position_timestamp_us": 26744000,
      "local_position_topic": "vehicle_local_position_groundtruth",
      "pitch_deg": 8.387485032780742,
      "pitch_rate_abs_rad_s": 0.7910374402999878,
      "position_ned_m": [
        -0.8761720061302185,
        -2.9015891551971436,
        -2.48944091796875
      ],
      "roll_deg": 34.57730735121082,
      "roll_pitch_abs_deg": 34.57730735121082,
      "roll_rate_abs_rad_s": 0.23984463512897491,
      "switch_us": 26744000,
      "velocity_ned_m_s": [
        -3.0515830516815186,
        1.5303311347961426,
        -0.002297465456649661
      ],
      "velocity_norm_m_s": 3.413806933876587,
      "yaw_rate_abs_rad_s": 0.2593165934085846
    },
    "first_loss_us": 27984000,
    "loss_dt_s": 1.124,
    "loss_reason": "rate>8",
    "mcnn_value_selfcheck": {
      "actuator_samples": 15268,
      "all_allocator_signature_residuals": 1320,
      "exact_neural_value_matches": 13759,
      "no_simultaneous_neural_timestamp_allocator_signature_residuals": 425,
      "simultaneous_neural_timestamp_nonmatches_with_allocator_signature": 895,
      "with_simultaneous_neural_control_timestamp": 14654
    },
    "nav23_duration_s": 63.468,
    "nav23_end_us": 90328000,
    "nav23_start_us": 26860000,
    "output_rate_hz": 238.57692065292744,
    "output_total_counts": {
      "allocator_value_residual": 1195,
      "neural_value": 13757,
      "unknown": 190
    },
    "severity": {
      "controlled": false,
      "evidence": {
        "active_motor_nonfinite": {
          "first_nonfinite": null,
          "nan_count": 0,
          "neginf_count": 0,
          "nonfinite_count": 0,
          "posinf_count": 0,
          "samples": 15291
        },
        "active_motor_saturation_count": 40102,
        "active_motor_saturation_ratio": 0.6556471126806618,
        "analysis_start_us": 26860000,
        "angular_velocity_topic": "vehicle_angular_velocity_groundtruth",
        "attitude_quaternion_finite": true,
        "attitude_topic": "vehicle_attitude_groundtruth",
        "console": {
          "fault": false,
          "matches": [],
          "px4_timeout_rc": false
        },
        "controller": "mcnn",
        "controller_active_us": 26860000,
        "final_error_to_hover_m": 7.654804034272439,
        "last_angular_rate_norm_rad_s": 12.96474774655316,
        "last_pitch_deg": -67.5702326454698,
        "last_position_ned_m": [
          -7.196800708770752,
          0.7384908199310303,
          0.0013427734375
        ],
        "last_roll_deg": 178.33129504306746,
        "last_window_angular_rate_max_rad_s": 21.83928836678818,
        "last_window_roll_pitch_max_deg": 179.49059200052216,
        "local_position_topic": "vehicle_local_position_groundtruth",
        "mission_end_reached": true,
        "mission_end_us": 90420000,
        "mode_confirmed": true,
        "network_output_nonfinite": {
          "first_nonfinite": null,
          "nan_count": 0,
          "neginf_count": 0,
          "nonfinite_count": 0,
          "posinf_count": 0,
          "samples": 14692
        },
        "neural_control_samples": 14692,
        "observation_nonfinite": {
          "first_nonfinite": null,
          "nan_count": 0,
          "neginf_count": 0,
          "nonfinite_count": 0,
          "posinf_count": 0,
          "samples": 14692
        },
        "post_switch_angular_rate_max_rad_s": 24.676310519150714,
        "post_switch_disarmed": false,
        "post_switch_error_to_hover_max_m": 7.937792714593269,
        "post_switch_failsafe": false,
        "post_switch_hover_ned": [
          0.0,
          0.0,
          -2.5
        ],
        "post_switch_min_altitude_agl_m": -0.0291748046875,
        "post_switch_nav_states": [
          14,
          23
        ],
        "post_switch_roll_pitch_max_deg": 179.9768013421724,
        "switch_us": 26744000,
        "task_exit_code": 0
      },
      "reasons": [
        "angular_rate_loss_of_control",
        "attitude_tumble_over_90deg"
      ],
      "severity": 3,
      "severity_label": "S3_uncontrolled_tumble_or_loc",
      "thresholds": {
        "method_a_rate_tolerance_rad_s": 0.45,
        "method_a_roll_pitch_tolerance_deg": 8.0,
        "s0_angular_rate_rad_s": 1.0,
        "s0_final_error_m": 1.5,
        "s0_last_window_s": 2.0,
        "s0_min_altitude_agl_m": 1.0,
        "s0_roll_pitch_deg": 40.0,
        "s2_ground_contact_agl_m": 0.25,
        "s3_angular_rate_rad_s": 8.0,
        "s3_roll_pitch_deg": 90.0
      },
      "uncontrolled": true
    },
    "state_trigger": {
      "event": {
        "detail": {
          "controller_switch_s": 18.400617,
          "state": {
            "angular_rate_norm_rad_s": 0.866320250584933,
            "angular_rate_xyz_rad_s": [
              0.23984463512897491,
              -0.7910374402999878,
              0.2593165934085846
            ],
            "angular_velocity_timestamp_us": 1783857427789173,
            "attitude_timestamp_us": 1783857427789173,
            "elapsed_s": 18.310617,
            "pitch_deg": 8.387485032780742,
            "pitch_rate_abs_rad_s": 0.7910374402999878,
            "roll_deg": 34.57730735121082,
            "roll_pitch_abs_deg": 34.57730735121082,
            "roll_rate_abs_rad_s": 0.23984463512897491,
            "timestamp_us": 1783857427789173,
            "yaw_deg": -9.140036756342603,
            "yaw_rate_abs_rad_s": 0.2593165934085846
          },
          "trigger": {
            "angular_rate_norm_max_rad_s": 1.3278,
            "angular_rate_norm_min_rad_s": 0.6278,
            "deadline_s": 54.0,
            "enabled": true,
            "max_topic_age_s": 0.25,
            "method": "SIH groundtruth threshold crossing",
            "roll_pitch_abs_max_deg": 42.5,
            "roll_pitch_abs_min_deg": 34.5,
            "start_s": 18.0,
            "switch_delay_s": 0.09
          }
        },
        "elapsed_s": 18.310617,
        "name": "state_trigger",
        "timestamp_us": 1783857427789173
      },
      "fired": true,
      "match": {
        "angular_rate_error_norm_rad_s": 0.0,
        "matched": true,
        "pitch_error_deg": 1.5902773407317584e-15,
        "roll_error_deg": 6.3611093629270335e-15,
        "score": 7.951386703658792e-15,
        "switch_us": 26744000
      },
      "task_exit_code": 0
    },
    "task": "tier05_fork_20260712T090728Z/stage3_adaptive_dense_21_40/evals/dense_low_modal_H_rep36_switch_severity_dense_sweep_20260630_wind_m_s_0_s2026062942/mcnn_gate3_switch_severity_dense_sweep_20260630_wind_m_s_0_s2026062942_mcnn_task.json",