{
  "classical": {
    "controller": "classical",
    "effective_estimator_params": {
      "EKF2_DELAY_MAX": 200.0,
      "EKF2_GPS_P_GATE": 8.0,
      "EKF2_GPS_P_NOISE": 0.10000000149011612,
      "EKF2_GPS_V_GATE": 8.0,
      "EKF2_GPS_V_NOISE": 0.05000000074505806,
      "EKF2_IMU_POS_X": 0.0,
      "EKF2_IMU_POS_Y": 0.0,
      "EKF2_IMU_POS_Z": 0.0,
      "EKF2_MAG_DELAY": 0.0,
      "EKF2_MAG_GATE": 3.0,
      "EKF2_MAG_NOISE": 0.05000000074505806,
      "EKF2_TAU_POS": 0.25,
      "EKF2_TAU_VEL": 0.25,
      "SENS_GPS0_DELAY": 60,
      "SENS_GPS1_DELAY": 60
    },
    "estimator_status": {
      "filter_fault_flags_final": 0,
      "filter_fault_flags_max": 0,
      "gps_check_fail_flags_final": 0,
      "gps_check_fail_flags_max": 0,
      "hdg_test_ratio_max": 0.16360628604888916,
      "hdg_test_ratio_mean": 0.08890494669397632,
      "hgt_test_ratio_max": 0.03025641292333603,
      "hgt_test_ratio_mean": 0.01479904640522115,
      "output_tracking_error_angle_rad_max": 0.023611608892679214,
      "output_tracking_error_angle_rad_mean": 0.006110445324544901,
      "output_tracking_error_position_m_max": 0.17017622292041779,
      "output_tracking_error_position_m_mean": 0.054344522532191186,
      "output_tracking_error_velocity_m_s_max": 0.09676094353199005,
      "output_tracking_error_velocity_m_s_mean": 0.030265415919662312,
      "pos_horiz_accuracy_max": 0.3001316785812378,
      "pos_horiz_accuracy_mean": 0.2904437281090716,
      "pos_test_ratio_max": 0.056691884994506836,
      "pos_test_ratio_mean": 0.027439086424049852,
      "pos_vert_accuracy_max": 0.03240542858839035,
      "pos_vert_accuracy_mean": 0.030817823738918237,
      "present": true,
      "reset_count_pod_d_final": 2,
      "reset_count_pod_d_max": 2,
      "reset_count_pos_ne_final": 3,
      "reset_count_pos_ne_max": 3,
      "reset_count_quat_final": 1,
      "reset_count_quat_max": 1,
      "reset_count_vel_d_final": 1,
      "reset_count_vel_d_max": 1,
      "reset_count_vel_ne_final": 2,
      "reset_count_vel_ne_max": 2,
      "time_slip_max": 0.0,
      "time_slip_mean": 0.0,
      "vel_test_ratio_max": 0.20650090277194977,
      "vel_test_ratio_mean": 0.09563698319940939,
      "window_samples": 1999
    },
    "local_position_vs_groundtruth": {
      "position_error_final_m": 0.13172274743942847,
      "position_error_max_m": 0.5377138972956221,
      "position_error_rms_m": 0.2963950513299394,
      "present": true,
      "velocity_error_final_m_s": 0.267084137390289,
      "velocity_error_max_m_s": 0.9093989183850307,
      "velocity_error_rms_m_s": 0.43589323656073137,
      "window_samples": 1999
    },
    "raptor_input": {
      "active_samples": 0,
      "present": true
    },
    "topics_present": [
      "actuator_armed",
      "actuator_motors",
      "actuator_outputs",
      "battery_status",
      "config_overrides",
      "control_allocator_status",
      "cpuload",
      "distance_sensor",
      "distance_sensor_mode_change_request",
      "ekf2_timestamps",
      "esc_status",
      "estimator_aid_src_baro_hgt",
      "estimator_aid_src_fake_hgt",
      "estimator_aid_src_fake_pos",
      "estimator_aid_src_gnss_hgt",
      "estimator_aid_src_gnss_pos",
      "estimator_aid_src_gnss_vel",
      "estimator_aid_src_gravity",
      "estimator_aid_src_mag",
      "estimator_aid_src_rng_hgt",
      "estimator_baro_bias",
      "estimator_event_flags",
      "estimator_fusion_control",
      "estimator_gnss_hgt_bias",
      "estimator_gps_status",
      "estimator_innovation_test_ratios",
      "estimator_innovation_variances",
      "estimator_innovations",
      "estimator_sensor_bias",
      "estimator_states",
      "estimator_status",
      "estimator_status_flags",
      "event",
      "failsafe_flags",
      "failure_detector_status",
      "gripper",
      "home_position",
      "hover_thrust_estimate",
      "landing_gear",
      "logger_status",
      "manual_control_setpoint",
      "mission_result",
      "navigator_mission_item",
      "navigator_status",
      "offboard_control_mode",
      "parameter_update",
      "position_setpoint_triplet",
      "ranging_beacon",
      "raptor_input",
      "raptor_status",
      "rate_ctrl_status",
      "rtl_status",
      "rtl_time_estimate",
      "sensor_accel",
      "sensor_baro",
      "sensor_combined",
      "sensor_gps",
      "sensor_gyro",
      "sensor_gyro_fft",
      "sensor_mag",
      "sensor_selection",
      "sensors_status_imu",
      "system_power",
      "takeoff_status",
      "telemetry_status",
      "timesync_status",
      "trajectory_setpoint",
      "transponder_report",
      "vehicle_acceleration",
      "vehicle_air_data",
      "vehicle_angular_velocity",
      "vehicle_angular_velocity_groundtruth",
      "vehicle_attitude",
      "vehicle_attitude_groundtruth",
      "vehicle_attitude_setpoint",
      "vehicle_command",
      "vehicle_command_ack",
      "vehicle_constraints",
      "vehicle_control_mode",
      "vehicle_global_position",
      "vehicle_global_position_groundtruth",
      "vehicle_gps_position",
      "vehicle_imu",
      "vehicle_imu_status",
      "vehicle_land_detected",
      "vehicle_local_position",
      "vehicle_local_position_groundtruth",
      "vehicle_local_position_setpoint",
      "vehicle_magnetometer",
      "vehicle_rates_setpoint",
      "vehicle_status",
      "vehicle_thrust_setpoint",
      "vehicle_torque_setpoint",
      "yaw_estimator_status"
    ],
    "ulog": "/workspace/docs/m2_5_estimator_delay_scan_1x_20260624/evals/m2_5_estimator_delay_scan_1x_20260624_gpsdelay_060ms/m1_m2_5_estimator_delay_scan_1x_20260624_gpsdelay_060ms_classical.ulg",
    "window": {
      "active_us": 22808000,
      "mission_end_us": 42769020,
      "origin_us": 4767116,
      "trajectory_start_us": 26780000
    }
  },
  "fairness": {
    "fair_shared_estimator_pollution": true,
    "note": "Estimator-error magnitudes need not match exactly because controller trajectories differ; fairness is parameter-identical shared EKF estimate pollution, not RAPTOR-only observation modification.",
    "param_checks": {
      "EKF2_DELAY_MAX": {
        "classical": 200.0,
        "classical_matches_raptor": true,
        "classical_matches_theta": true,
        "raptor": 200.0,
        "raptor_matches_theta": true,
        "theta": 200
      },
      "EKF2_GPS_P_GATE": {
        "classical": 8.0,
        "classical_matches_raptor": true,
        "classical_matches_theta": true,
        "raptor": 8.0,
        "raptor_matches_theta": true,
        "theta": 8.0
      },
      "EKF2_GPS_P_NOISE": {
        "classical": 0.10000000149011612,
        "classical_matches_raptor": true,
        "classical_matches_theta": true,
        "raptor": 0.10000000149011612,
        "raptor_matches_theta": true,
        "theta": 0.1
      },
      "EKF2_GPS_V_GATE": {
        "classical": 8.0,
        "classical_matches_raptor": true,
        "classical_matches_theta": true,
        "raptor": 8.0,
        "raptor_matches_theta": true,
        "theta": 8.0
      },
      "EKF2_GPS_V_NOISE": {
        "classical": 0.05000000074505806,
        "classical_matches_raptor": true,
        "classical_matches_theta": true,
        "raptor": 0.05000000074505806,
        "raptor_matches_theta": true,
        "theta": 0.05
      },
      "EKF2_IMU_POS_X": {
        "classical": 0.0,
        "classical_matches_raptor": true,
        "classical_matches_theta": true,
        "raptor": 0.0,
        "raptor_matches_theta": true,
        "theta": 0.0
      },
      "EKF2_IMU_POS_Y": {
        "classical": 0.0,
        "classical_matches_raptor": true,
        "classical_matches_theta": true,
        "raptor": 0.0,
        "raptor_matches_theta": true,
        "theta": 0.0
      },
      "EKF2_IMU_POS_Z": {
        "classical": 0.0,
        "classical_matches_raptor": true,
        "classical_matches_theta": true,
        "raptor": 0.0,
        "raptor_matches_theta": true,