{
  "analysis": {
    "actuator_rate_hz": 239.68507387928875,
    "actuator_total_counts": {
      "allocator_value_residual": 1382,
      "neural_value": 13665,
      "unknown": 266
    },
    "allocator_fraction_critical_actuator": {
      "count": 14,
      "fraction": 0.12173913043478261,
      "total": 115
    },
    "allocator_fraction_critical_output": {
      "count": 15,
      "fraction": 0.12931034482758622,
      "total": 116
    },
    "allocator_fraction_full_actuator": {
      "count": 1382,
      "fraction": 0.09025011428198262,
      "total": 15313
    },
    "allocator_fraction_full_output": {
      "count": 1245,
      "fraction": 0.08215110524579347,
      "total": 15155
    },
    "exact_switch_state": {
      "angular_rate_norm_rad_s": 1.962475921714726,
      "angular_rate_xyz_rad_s": [
        -0.907568097114563,
        -1.101211428642273,
        1.347206473350525
      ],
      "angular_velocity_dt_ms": 0.0,
      "angular_velocity_timestamp_us": 26392000,
      "angular_velocity_topic": "vehicle_angular_velocity_groundtruth",
      "attitude_dt_ms": 0.0,
      "attitude_timestamp_us": 26392000,
      "attitude_topic": "vehicle_attitude_groundtruth",
      "local_position_dt_ms": 0.0,
      "local_position_timestamp_us": 26392000,
      "local_position_topic": "vehicle_local_position_groundtruth",
      "pitch_deg": -40.01009286998766,
      "pitch_rate_abs_rad_s": 1.101211428642273,
      "position_ned_m": [
        -4.874510765075684,
        -2.428703546524048,
        -2.966522216796875
      ],
      "roll_deg": 35.08398008055308,
      "roll_pitch_abs_deg": 40.01009286998766,
      "roll_rate_abs_rad_s": 0.907568097114563,
      "switch_us": 26392000,
      "velocity_ned_m_s": [
        -2.566333055496216,
        4.182746410369873,
        -0.5472134351730347
      ],
      "velocity_norm_m_s": 4.937699406487648,
      "yaw_rate_abs_rad_s": 1.347206473350525
    },
    "first_loss_us": 26888000,
    "loss_dt_s": 0.472,
    "loss_reason": "tilt>90",
    "mcnn_value_selfcheck": {
      "actuator_samples": 15313,
      "all_allocator_signature_residuals": 1382,
      "exact_neural_value_matches": 13665,
      "no_simultaneous_neural_timestamp_allocator_signature_residuals": 474,
      "simultaneous_neural_timestamp_nonmatches_with_allocator_signature": 908,
      "with_simultaneous_neural_control_timestamp": 14573
    },
    "nav23_duration_s": 63.888,
    "nav23_end_us": 90304000,
    "nav23_start_us": 26416000,
    "output_rate_hz": 237.21199599298774,
    "output_total_counts": {
      "allocator_value_residual": 1245,
      "neural_value": 13638,
      "unknown": 272
    },
    "severity": {
      "controlled": false,
      "evidence": {
        "active_motor_nonfinite": {
          "first_nonfinite": null,
          "nan_count": 0,
          "neginf_count": 0,
          "nonfinite_count": 0,
          "posinf_count": 0,
          "samples": 15334
        },
        "active_motor_saturation_count": 56781,
        "active_motor_saturation_ratio": 0.9257369244815443,
        "analysis_start_us": 26416000,
        "angular_velocity_topic": "vehicle_angular_velocity_groundtruth",
        "attitude_quaternion_finite": true,
        "attitude_topic": "vehicle_attitude_groundtruth",
        "console": {
          "fault": false,
          "matches": [],
          "px4_timeout_rc": false
        },
        "controller": "mcnn",
        "controller_active_us": 26416000,
        "final_error_to_hover_m": 8.380625787820847,
        "last_angular_rate_norm_rad_s": 21.637029079572507,
        "last_pitch_deg": 59.668644259554306,
        "last_position_ned_m": [
          -7.764892101287842,
          1.8686950206756592,
          0.03955078125
        ],
        "last_roll_deg": 64.39684376850923,
        "last_window_angular_rate_max_rad_s": 21.985577359494165,
        "last_window_roll_pitch_max_deg": 89.03313389580087,
        "local_position_topic": "vehicle_local_position_groundtruth",
        "mission_end_reached": true,
        "mission_end_us": 90388000,
        "mode_confirmed": true,
        "network_output_nonfinite": {
          "first_nonfinite": null,
          "nan_count": 0,
          "neginf_count": 0,
          "nonfinite_count": 0,
          "posinf_count": 0,
          "samples": 14600
        },
        "neural_control_samples": 14600,
        "observation_nonfinite": {
          "first_nonfinite": null,
          "nan_count": 0,
          "neginf_count": 0,
          "nonfinite_count": 0,
          "posinf_count": 0,
          "samples": 14600
        },
        "post_switch_angular_rate_max_rad_s": 24.430273286378995,
        "post_switch_disarmed": false,
        "post_switch_error_to_hover_max_m": 8.380630720156914,
        "post_switch_failsafe": false,
        "post_switch_hover_ned": [
          0.0,
          0.0,
          -2.5
        ],
        "post_switch_min_altitude_agl_m": -0.03961181640625,
        "post_switch_nav_states": [
          14,
          23
        ],
        "post_switch_roll_pitch_max_deg": 179.97854146834626,
        "switch_us": 26392000,
        "task_exit_code": 0
      },
      "reasons": [
        "angular_rate_loss_of_control",
        "attitude_tumble_over_90deg"
      ],
      "severity": 3,
      "severity_label": "S3_uncontrolled_tumble_or_loc",
      "thresholds": {
        "method_a_rate_tolerance_rad_s": 0.45,
        "method_a_roll_pitch_tolerance_deg": 8.0,
        "s0_angular_rate_rad_s": 1.0,
        "s0_final_error_m": 1.5,
        "s0_last_window_s": 2.0,
        "s0_min_altitude_agl_m": 1.0,
        "s0_roll_pitch_deg": 40.0,
        "s2_ground_contact_agl_m": 0.25,
        "s3_angular_rate_rad_s": 8.0,
        "s3_roll_pitch_deg": 90.0
      },
      "uncontrolled": true
    },
    "state_trigger": {
      "event": {
        "detail": {
          "controller_switch_s": 18.00774,
          "state": {
            "angular_rate_norm_rad_s": 1.962475921714726,
            "angular_rate_xyz_rad_s": [
              -0.907568097114563,
              -1.101211428642273,
              1.347206473350525
            ],
            "angular_velocity_timestamp_us": 1783854098778936,
            "attitude_timestamp_us": 1783854098778936,
            "elapsed_s": 18.00774,
            "pitch_deg": -40.01009286998766,
            "pitch_rate_abs_rad_s": 1.101211428642273,
            "roll_deg": 35.08398008055308,
            "roll_pitch_abs_deg": 40.01009286998766,
            "roll_rate_abs_rad_s": 0.907568097114563,
            "timestamp_us": 1783854098778936,
            "yaw_deg": -10.863919147489428,
            "yaw_rate_abs_rad_s": 1.347206473350525
          },
          "trigger": {
            "angular_rate_norm_max_rad_s": 2.15,
            "angular_rate_norm_min_rad_s": 1.55,
            "deadline_s": 54.0,
            "enabled": true,
            "max_topic_age_s": 0.25,
            "method": "SIH groundtruth threshold crossing",
            "roll_pitch_abs_max_deg": 44.0,
            "roll_pitch_abs_min_deg": 36.0,
            "start_s": 18.0
          }
        },
        "elapsed_s": 18.00774,
        "name": "state_trigger",
        "timestamp_us": 1783854098778936
      },
      "fired": true,
      "match": {
        "angular_rate_error_norm_rad_s": 0.0,
        "matched": true,
        "pitch_error_deg": 0.0,
        "roll_error_deg": 0.0,
        "score": 0.0,
        "switch_us": 26392000
      },
      "task_exit_code": 0
    },
    "task": "tier05_fork_20260712T090728Z/stage3_initial/evals/pair4_H_rep14_route_a_addendum3_diag_20260629_rp36_44_rate1p55_2p15_w3_r4_f038_s20261902/mcnn_gate3_route_a_addendum3_diag_20260629_rp36_44_rate1p55_2p15_w3_r4_f038_s20261902_mcnn_task.json",
    "ulog": "tier05_fork_20260712T090728Z/stage3_initial/evals/pair4_H_rep14_route_a_addendum3_diag_20260629_rp36_44_rate1p55_2p15_w3_r4_f038_s20261902/mcnn_gate3_route_a_addendum3_diag_20260629_rp36_44_rate1p55_2p15_w3_r4_f038_s20261902_mcnn.ulg"
  },
  "arm": "H",