{
  "analysis": {
    "actuator_rate_hz": 239.69788901529517,
    "actuator_total_counts": {
      "allocator_value_residual": 1337,
      "neural_value": 13659,
      "unknown": 174
    },
    "allocator_fraction_critical_actuator": {
      "count": 24,
      "fraction": 0.09836065573770492,
      "total": 244
    },
    "allocator_fraction_critical_output": {
      "count": 21,
      "fraction": 0.08677685950413223,
      "total": 242
    },
    "allocator_fraction_full_actuator": {
      "count": 1337,
      "fraction": 0.08813447593935399,
      "total": 15170
    },
    "allocator_fraction_full_output": {
      "count": 1186,
      "fraction": 0.0791828014421151,
      "total": 14978
    },
    "exact_switch_state": {
      "angular_rate_norm_rad_s": 0.8323294335290493,
      "angular_rate_xyz_rad_s": [
        0.2226756513118744,
        -0.7708989977836609,
        0.22113926708698273
      ],
      "angular_velocity_dt_ms": 0.0,
      "angular_velocity_timestamp_us": 26636000,
      "angular_velocity_topic": "vehicle_angular_velocity_groundtruth",
      "attitude_dt_ms": 0.0,
      "attitude_timestamp_us": 26636000,
      "attitude_topic": "vehicle_attitude_groundtruth",
      "local_position_dt_ms": 0.0,
      "local_position_timestamp_us": 26636000,
      "local_position_topic": "vehicle_local_position_groundtruth",
      "pitch_deg": 8.530276912730793,
      "pitch_rate_abs_rad_s": 0.7708989977836609,
      "position_ned_m": [
        -0.9794715046882629,
        -2.7076447010040283,
        -2.48126220703125
      ],
      "roll_deg": 34.62386825209674,
      "roll_pitch_abs_deg": 34.62386825209674,
      "roll_rate_abs_rad_s": 0.2226756513118744,
      "switch_us": 26636000,
      "velocity_ned_m_s": [
        -2.911369800567627,
        1.483249306678772,
        0.05523337423801422
      ],
      "velocity_norm_m_s": 3.267897389308599,
      "yaw_rate_abs_rad_s": 0.22113926708698273
    },
    "first_loss_us": 27748000,
    "loss_dt_s": 0.996,
    "loss_reason": "rate>8",
    "mcnn_value_selfcheck": {
      "actuator_samples": 15170,
      "all_allocator_signature_residuals": 1337,
      "exact_neural_value_matches": 13659,
      "no_simultaneous_neural_timestamp_allocator_signature_residuals": 429,
      "simultaneous_neural_timestamp_nonmatches_with_allocator_signature": 908,
      "with_simultaneous_neural_control_timestamp": 14567
    },
    "nav23_duration_s": 63.288,
    "nav23_end_us": 90040000,
    "nav23_start_us": 26752000,
    "output_rate_hz": 236.66413854127165,
    "output_total_counts": {
      "allocator_value_residual": 1186,
      "neural_value": 13622,
      "unknown": 170
    },
    "severity": {
      "controlled": false,
      "evidence": {
        "active_motor_nonfinite": {
          "first_nonfinite": null,
          "nan_count": 0,
          "neginf_count": 0,
          "nonfinite_count": 0,
          "posinf_count": 0,
          "samples": 15250
        },
        "active_motor_saturation_count": 42826,
        "active_motor_saturation_ratio": 0.7020655737704918,
        "analysis_start_us": 26752000,
        "angular_velocity_topic": "vehicle_angular_velocity_groundtruth",
        "attitude_quaternion_finite": true,
        "attitude_topic": "vehicle_attitude_groundtruth",
        "console": {
          "fault": false,
          "matches": [],
          "px4_timeout_rc": false
        },
        "controller": "mcnn",
        "controller_active_us": 26752000,
        "final_error_to_hover_m": 5.873099501219772,
        "last_angular_rate_norm_rad_s": 19.269915800017678,
        "last_pitch_deg": -19.079033298875423,
        "last_position_ned_m": [
          -5.255393028259277,
          0.7740105986595154,
          0.0050048828125
        ],
        "last_roll_deg": -56.01656519144489,
        "last_window_angular_rate_max_rad_s": 19.337391457472343,
        "last_window_roll_pitch_max_deg": 178.32270260039,
        "local_position_topic": "vehicle_local_position_groundtruth",
        "mission_end_reached": true,
        "mission_end_us": 90368000,
        "mode_confirmed": true,
        "network_output_nonfinite": {
          "first_nonfinite": null,
          "nan_count": 0,
          "neginf_count": 0,
          "nonfinite_count": 0,
          "posinf_count": 0,
          "samples": 14640
        },
        "neural_control_samples": 14640,
        "observation_nonfinite": {
          "first_nonfinite": null,
          "nan_count": 0,
          "neginf_count": 0,
          "nonfinite_count": 0,
          "posinf_count": 0,
          "samples": 14640
        },
        "post_switch_angular_rate_max_rad_s": 24.007654959913783,
        "post_switch_disarmed": false,
        "post_switch_error_to_hover_max_m": 6.906653548836264,
        "post_switch_failsafe": false,
        "post_switch_hover_ned": [
          0.0,
          0.0,
          -2.5
        ],
        "post_switch_min_altitude_agl_m": -0.03314208984375,
        "post_switch_nav_states": [
          14,
          23
        ],
        "post_switch_roll_pitch_max_deg": 179.9969198256922,
        "switch_us": 26636000,
        "task_exit_code": 0
      },
      "reasons": [
        "angular_rate_loss_of_control",
        "attitude_tumble_over_90deg"
      ],
      "severity": 3,
      "severity_label": "S3_uncontrolled_tumble_or_loc",
      "thresholds": {
        "method_a_rate_tolerance_rad_s": 0.45,
        "method_a_roll_pitch_tolerance_deg": 8.0,
        "s0_angular_rate_rad_s": 1.0,
        "s0_final_error_m": 1.5,
        "s0_last_window_s": 2.0,
        "s0_min_altitude_agl_m": 1.0,
        "s0_roll_pitch_deg": 40.0,
        "s2_ground_contact_agl_m": 0.25,
        "s3_angular_rate_rad_s": 8.0,
        "s3_roll_pitch_deg": 90.0
      },
      "uncontrolled": true
    },
    "state_trigger": {
      "event": {
        "detail": {
          "controller_switch_s": 18.371537,
          "state": {
            "angular_rate_norm_rad_s": 0.8323294335290493,
            "angular_rate_xyz_rad_s": [
              0.2226756513118744,
              -0.7708989977836609,
              0.22113926708698273
            ],
            "angular_velocity_timestamp_us": 1783856799492006,
            "attitude_timestamp_us": 1783856799492006,
            "elapsed_s": 18.281537,
            "pitch_deg": 8.530276912730793,
            "pitch_rate_abs_rad_s": 0.7708989977836609,
            "roll_deg": 34.62386825209674,
            "roll_pitch_abs_deg": 34.62386825209674,
            "roll_rate_abs_rad_s": 0.2226756513118744,
            "timestamp_us": 1783856799492006,
            "yaw_deg": -8.581102281176923,
            "yaw_rate_abs_rad_s": 0.22113926708698273
          },
          "trigger": {
            "angular_rate_norm_max_rad_s": 1.3278,
            "angular_rate_norm_min_rad_s": 0.6278,
            "deadline_s": 54.0,
            "enabled": true,
            "max_topic_age_s": 0.25,
            "method": "SIH groundtruth threshold crossing",
            "roll_pitch_abs_max_deg": 42.5,
            "roll_pitch_abs_min_deg": 34.5,
            "start_s": 18.0,
            "switch_delay_s": 0.09
          }
        },
        "elapsed_s": 18.281537,
        "name": "state_trigger",
        "timestamp_us": 1783856799492006
      },
      "fired": true,
      "match": {
        "angular_rate_error_norm_rad_s": 0.0,
        "matched": true,
        "pitch_error_deg": 0.0,
        "roll_error_deg": 0.0,
        "score": 0.0,
        "switch_us": 26636000
      },
      "task_exit_code": 0
    },
    "task": "tier05_fork_20260712T090728Z/stage3_adaptive_dense_21_40/evals/dense_low_modal_H_rep28_switch_severity_dense_sweep_20260630_wind_m_s_0_s2026062942/mcnn_gate3_switch_severity_dense_sweep_20260630_wind_m_s_0_s2026062942_mcnn_task.json",