{
  "classical": {
    "controller": "classical",
    "effective_estimator_params": {
      "EKF2_DELAY_MAX": 200.0,
      "EKF2_GPS_P_GATE": 8.0,
      "EKF2_GPS_P_NOISE": 0.10000000149011612,
      "EKF2_GPS_V_GATE": 8.0,
      "EKF2_GPS_V_NOISE": 0.05000000074505806,
      "EKF2_IMU_POS_X": 0.0,
      "EKF2_IMU_POS_Y": 0.0,
      "EKF2_IMU_POS_Z": 0.0,
      "EKF2_MAG_DELAY": 0.0,
      "EKF2_MAG_GATE": 3.0,
      "EKF2_MAG_NOISE": 0.05000000074505806,
      "EKF2_TAU_POS": 0.25,
      "EKF2_TAU_VEL": 0.25,
      "SENS_GPS0_DELAY": 120,
      "SENS_GPS1_DELAY": 120
    },
    "estimator_status": {
      "filter_fault_flags_final": 0,
      "filter_fault_flags_max": 0,
      "gps_check_fail_flags_final": 0,
      "gps_check_fail_flags_max": 0,
      "hdg_test_ratio_max": 0.16931189596652985,
      "hdg_test_ratio_mean": 0.09134987270043439,
      "hgt_test_ratio_max": 0.030438989400863647,
      "hgt_test_ratio_mean": 0.01589686940753435,
      "output_tracking_error_angle_rad_max": 0.005928981117904186,
      "output_tracking_error_angle_rad_mean": 0.0018357715490473685,
      "output_tracking_error_position_m_max": 0.1661059707403183,
      "output_tracking_error_position_m_mean": 0.041797879217858096,
      "output_tracking_error_velocity_m_s_max": 0.09619057923555374,
      "output_tracking_error_velocity_m_s_mean": 0.023957139965274075,
      "pos_horiz_accuracy_max": 0.3015553951263428,
      "pos_horiz_accuracy_mean": 0.28900863652465225,
      "pos_test_ratio_max": 0.03904407471418381,
      "pos_test_ratio_mean": 0.024449912500965676,
      "pos_vert_accuracy_max": 0.03304775431752205,
      "pos_vert_accuracy_mean": 0.031795453779149926,
      "present": true,
      "reset_count_pod_d_final": 2,
      "reset_count_pod_d_max": 2,
      "reset_count_pos_ne_final": 5,
      "reset_count_pos_ne_max": 5,
      "reset_count_quat_final": 1,
      "reset_count_quat_max": 1,
      "reset_count_vel_d_final": 2,
      "reset_count_vel_d_max": 2,
      "reset_count_vel_ne_final": 4,
      "reset_count_vel_ne_max": 4,
      "time_slip_max": 0.03999999910593033,
      "time_slip_mean": 0.03999999910593033,
      "vel_test_ratio_max": 0.1579781472682953,
      "vel_test_ratio_mean": 0.07628007319503124,
      "window_samples": 2001
    },
    "local_position_vs_groundtruth": {
      "position_error_final_m": 0.09685819310393774,
      "position_error_max_m": 0.4714132742269293,
      "position_error_rms_m": 0.27571675045486005,
      "present": true,
      "velocity_error_final_m_s": 0.2043987246903797,
      "velocity_error_max_m_s": 0.7613843055975055,
      "velocity_error_rms_m_s": 0.3632197391514973,
      "window_samples": 2001
    },
    "raptor_input": {
      "active_samples": 0,
      "present": true
    },
    "topics_present": [
      "actuator_armed",
      "actuator_controls_status_0",
      "actuator_motors",
      "actuator_outputs",
      "battery_status",
      "config_overrides",
      "control_allocator_status",
      "cpuload",
      "distance_sensor",
      "distance_sensor_mode_change_request",
      "ekf2_timestamps",
      "esc_status",
      "estimator_aid_src_baro_hgt",
      "estimator_aid_src_fake_hgt",
      "estimator_aid_src_fake_pos",
      "estimator_aid_src_gnss_hgt",
      "estimator_aid_src_gnss_pos",
      "estimator_aid_src_gnss_vel",
      "estimator_aid_src_gravity",
      "estimator_aid_src_mag",
      "estimator_aid_src_rng_hgt",
      "estimator_baro_bias",
      "estimator_event_flags",
      "estimator_fusion_control",
      "estimator_gnss_hgt_bias",
      "estimator_gps_status",
      "estimator_innovation_test_ratios",
      "estimator_innovation_variances",
      "estimator_innovations",
      "estimator_sensor_bias",
      "estimator_states",
      "estimator_status",
      "estimator_status_flags",
      "event",
      "failsafe_flags",
      "failure_detector_status",
      "gripper",
      "home_position",
      "hover_thrust_estimate",
      "landing_gear",
      "logger_status",
      "manual_control_setpoint",
      "mission_result",
      "navigator_mission_item",
      "navigator_status",
      "offboard_control_mode",
      "parameter_update",
      "position_setpoint_triplet",
      "ranging_beacon",
      "raptor_input",
      "raptor_status",
      "rate_ctrl_status",
      "rtl_status",
      "rtl_time_estimate",
      "sensor_accel",
      "sensor_baro",
      "sensor_combined",
      "sensor_gps",
      "sensor_gyro",
      "sensor_gyro_fft",
      "sensor_mag",
      "sensor_selection",
      "sensors_status_imu",
      "system_power",
      "takeoff_status",
      "telemetry_status",
      "timesync_status",
      "trajectory_setpoint",
      "transponder_report",
      "vehicle_acceleration",
      "vehicle_air_data",
      "vehicle_angular_velocity",
      "vehicle_angular_velocity_groundtruth",
      "vehicle_attitude",
      "vehicle_attitude_groundtruth",
      "vehicle_attitude_setpoint",
      "vehicle_command",
      "vehicle_command_ack",
      "vehicle_constraints",
      "vehicle_control_mode",
      "vehicle_global_position",
      "vehicle_global_position_groundtruth",
      "vehicle_gps_position",
      "vehicle_imu",
      "vehicle_imu_status",
      "vehicle_land_detected",
      "vehicle_local_position",
      "vehicle_local_position_groundtruth",
      "vehicle_local_position_setpoint",
      "vehicle_magnetometer",
      "vehicle_rates_setpoint",
      "vehicle_status",
      "vehicle_thrust_setpoint",
      "vehicle_torque_setpoint",
      "yaw_estimator_status"
    ],
    "ulog": "/workspace/docs/m2_5_estimator_smoke4x_20260624/evals/m2_5_estimator_smoke4x_20260624_gpsdelay_120ms/m1_m2_5_estimator_smoke4x_20260624_gpsdelay_120ms_classical.ulg",
    "window": {
      "active_us": 53524000,
      "mission_end_us": 73479914,
      "origin_us": 35467423,
      "trajectory_start_us": 57471275
    }
  },
  "fairness": {
    "fair_shared_estimator_pollution": true,
    "note": "Estimator-error magnitudes need not match exactly because controller trajectories differ; fairness is parameter-identical shared EKF estimate pollution, not RAPTOR-only observation modification.",
    "param_checks": {
      "EKF2_DELAY_MAX": {
        "classical": 200.0,
        "classical_matches_raptor": true,
        "classical_matches_theta": true,
        "raptor": 200.0,
        "raptor_matches_theta": true,
        "theta": 200
      },
      "EKF2_GPS_P_GATE": {
        "classical": 8.0,
        "classical_matches_raptor": true,
        "classical_matches_theta": true,
        "raptor": 8.0,
        "raptor_matches_theta": true,
        "theta": 8.0
      },
      "EKF2_GPS_P_NOISE": {
        "classical": 0.10000000149011612,
        "classical_matches_raptor": true,
        "classical_matches_theta": true,
        "raptor": 0.10000000149011612,
        "raptor_matches_theta": true,
        "theta": 0.1
      },
      "EKF2_GPS_V_GATE": {
        "classical": 8.0,
        "classical_matches_raptor": true,
        "classical_matches_theta": true,
        "raptor": 8.0,
        "raptor_matches_theta": true,
        "theta": 8.0
      },
      "EKF2_GPS_V_NOISE": {
        "classical": 0.05000000074505806,
        "classical_matches_raptor": true,
        "classical_matches_theta": true,
        "raptor": 0.05000000074505806,
        "raptor_matches_theta": true,
        "theta": 0.05
      },
      "EKF2_IMU_POS_X": {
        "classical": 0.0,
        "classical_matches_raptor": true,
        "classical_matches_theta": true,
        "raptor": 0.0,
        "raptor_matches_theta": true,
        "theta": 0.0
      },
      "EKF2_IMU_POS_Y": {
        "classical": 0.0,
        "classical_matches_raptor": true,
        "classical_matches_theta": true,
        "raptor": 0.0,
        "raptor_matches_theta": true,
        "theta": 0.0
      },
      "EKF2_IMU_POS_Z": {
        "classical": 0.0,
        "classical_matches_raptor": true,
        "classical_matches_theta": true,