{
  "analysis": {
    "actuator_rate_hz": 240.21178984414277,
    "actuator_total_counts": {
      "allocator_value_residual": 1349,
      "neural_value": 13741,
      "unknown": 199
    },
    "allocator_fraction_critical_actuator": {
      "count": 29,
      "fraction": 0.10507246376811594,
      "total": 276
    },
    "allocator_fraction_critical_output": {
      "count": 24,
      "fraction": 0.08856088560885608,
      "total": 271
    },
    "allocator_fraction_full_actuator": {
      "count": 1349,
      "fraction": 0.08823337039701747,
      "total": 15289
    },
    "allocator_fraction_full_output": {
      "count": 1219,
      "fraction": 0.08068038917201668,
      "total": 15109
    },
    "exact_switch_state": {
      "angular_rate_norm_rad_s": 0.8538555468288686,
      "angular_rate_xyz_rad_s": [
        0.25407683849334717,
        -0.7862556576728821,
        0.21521221101284027
      ],
      "angular_velocity_dt_ms": 0.0,
      "angular_velocity_timestamp_us": 26644000,
      "angular_velocity_topic": "vehicle_angular_velocity_groundtruth",
      "attitude_dt_ms": 0.0,
      "attitude_timestamp_us": 26644000,
      "attitude_topic": "vehicle_attitude_groundtruth",
      "local_position_dt_ms": 0.0,
      "local_position_timestamp_us": 26644000,
      "local_position_topic": "vehicle_local_position_groundtruth",
      "pitch_deg": 8.516937451853439,
      "pitch_rate_abs_rad_s": 0.7862556576728821,
      "position_ned_m": [
        -1.000840187072754,
        -3.0206527709960938,
        -2.5472412109375
      ],
      "roll_deg": 34.6862265195202,
      "roll_pitch_abs_deg": 34.6862265195202,
      "roll_rate_abs_rad_s": 0.25407683849334717,
      "switch_us": 26644000,
      "velocity_ned_m_s": [
        -2.9035298824310303,
        1.4680566787719727,
        0.027675895020365715
      ],
      "velocity_norm_m_s": 3.2536813220446352,
      "yaw_rate_abs_rad_s": 0.21521221101284027
    },
    "first_loss_us": 27912000,
    "loss_dt_s": 1.144,
    "loss_reason": "rate>8",
    "mcnn_value_selfcheck": {
      "actuator_samples": 15289,
      "all_allocator_signature_residuals": 1349,
      "exact_neural_value_matches": 13741,
      "no_simultaneous_neural_timestamp_allocator_signature_residuals": 446,
      "simultaneous_neural_timestamp_nonmatches_with_allocator_signature": 903,
      "with_simultaneous_neural_control_timestamp": 14644
    },
    "nav23_duration_s": 63.648,
    "nav23_end_us": 90416000,
    "nav23_start_us": 26768000,
    "output_rate_hz": 237.38373554550023,
    "output_total_counts": {
      "allocator_value_residual": 1219,
      "neural_value": 13689,
      "unknown": 201
    },
    "severity": {
      "controlled": false,
      "evidence": {
        "active_motor_nonfinite": {
          "first_nonfinite": null,
          "nan_count": 0,
          "neginf_count": 0,
          "nonfinite_count": 0,
          "posinf_count": 0,
          "samples": 15289
        },
        "active_motor_saturation_count": 32557,
        "active_motor_saturation_ratio": 0.5323598665707371,
        "analysis_start_us": 26768000,
        "angular_velocity_topic": "vehicle_angular_velocity_groundtruth",
        "attitude_quaternion_finite": true,
        "attitude_topic": "vehicle_attitude_groundtruth",
        "console": {
          "fault": false,
          "matches": [],
          "px4_timeout_rc": false
        },
        "controller": "mcnn",
        "controller_active_us": 26768000,
        "final_error_to_hover_m": 6.3566346364545785,
        "last_angular_rate_norm_rad_s": 21.473493450430794,
        "last_pitch_deg": 80.41025565812748,
        "last_position_ned_m": [
          -5.529294490814209,
          1.8807941675186157,
          0.009246826171875
        ],
        "last_roll_deg": 37.186890303086656,
        "last_window_angular_rate_max_rad_s": 21.473493450430794,
        "last_window_roll_pitch_max_deg": 112.98463841534314,
        "local_position_topic": "vehicle_local_position_groundtruth",
        "mission_end_reached": true,
        "mission_end_us": 90416000,
        "mode_confirmed": true,
        "network_output_nonfinite": {
          "first_nonfinite": null,
          "nan_count": 0,
          "neginf_count": 0,
          "nonfinite_count": 0,
          "posinf_count": 0,
          "samples": 14642
        },
        "neural_control_samples": 14642,
        "observation_nonfinite": {
          "first_nonfinite": null,
          "nan_count": 0,
          "neginf_count": 0,
          "nonfinite_count": 0,
          "posinf_count": 0,
          "samples": 14642
        },
        "post_switch_angular_rate_max_rad_s": 24.089452781767108,
        "post_switch_disarmed": false,
        "post_switch_error_to_hover_max_m": 6.559956207683184,
        "post_switch_failsafe": false,
        "post_switch_hover_ned": [
          0.0,
          0.0,
          -2.5
        ],
        "post_switch_min_altitude_agl_m": -0.0330810546875,
        "post_switch_nav_states": [
          14,
          23
        ],
        "post_switch_roll_pitch_max_deg": 179.9962308898845,
        "switch_us": 26644000,
        "task_exit_code": 0
      },
      "reasons": [
        "angular_rate_loss_of_control",
        "attitude_tumble_over_90deg"
      ],
      "severity": 3,
      "severity_label": "S3_uncontrolled_tumble_or_loc",
      "thresholds": {
        "method_a_rate_tolerance_rad_s": 0.45,
        "method_a_roll_pitch_tolerance_deg": 8.0,
        "s0_angular_rate_rad_s": 1.0,
        "s0_final_error_m": 1.5,
        "s0_last_window_s": 2.0,
        "s0_min_altitude_agl_m": 1.0,
        "s0_roll_pitch_deg": 40.0,
        "s2_ground_contact_agl_m": 0.25,
        "s3_angular_rate_rad_s": 8.0,
        "s3_roll_pitch_deg": 90.0
      },
      "uncontrolled": true
    },
    "state_trigger": {
      "event": {
        "detail": {
          "controller_switch_s": 18.362209,
          "state": {
            "angular_rate_norm_rad_s": 0.8538555468288686,
            "angular_rate_xyz_rad_s": [
              0.25407683849334717,
              -0.7862556576728821,
              0.21521221101284027
            ],
            "angular_velocity_timestamp_us": 1783851664761026,
            "attitude_timestamp_us": 1783851664761026,
            "elapsed_s": 18.272209,
            "pitch_deg": 8.516937451853439,
            "pitch_rate_abs_rad_s": 0.7862556576728821,
            "roll_deg": 34.6862265195202,
            "roll_pitch_abs_deg": 34.6862265195202,
            "roll_rate_abs_rad_s": 0.25407683849334717,
            "timestamp_us": 1783851664761026,
            "yaw_deg": -8.82437152742933,
            "yaw_rate_abs_rad_s": 0.21521221101284027
          },
          "trigger": {
            "angular_rate_norm_max_rad_s": 1.3278,
            "angular_rate_norm_min_rad_s": 0.6278,
            "deadline_s": 54.0,
            "enabled": true,
            "max_topic_age_s": 0.25,
            "method": "SIH groundtruth threshold crossing",
            "roll_pitch_abs_max_deg": 42.5,
            "roll_pitch_abs_min_deg": 34.5,
            "start_s": 18.0,
            "switch_delay_s": 0.09
          }
        },
        "elapsed_s": 18.272209,
        "name": "state_trigger",
        "timestamp_us": 1783851664761026
      },
      "fired": true,
      "match": {
        "angular_rate_error_norm_rad_s": 0.0,
        "matched": true,
        "pitch_error_deg": 0.0,
        "roll_error_deg": 0.0,
        "score": 0.0,
        "switch_us": 26644000
      },
      "task_exit_code": 0
    },
    "task": "tier05_fork_20260712T090728Z/stage3_initial/evals/dense_low_modal_H_rep03_switch_severity_dense_sweep_20260630_wind_m_s_0_s2026062942/mcnn_gate3_switch_severity_dense_sweep_20260630_wind_m_s_0_s2026062942_mcnn_task.json",