{
  "budget_used": 144,
  "evidence": {
    "beta_probability_threshold": 0.01,
    "classifier_sha256": "11568fe11729751fa6952a90e472d91ccf8d76e5765e22802c237dbe051adc4a",
    "gate_a_pass": true,
    "outcomes": {
      "dense_low_modal": {
        "S0": 0,
        "S1": 0,
        "S2": 0,
        "S3": 60,
        "S4": 0
      },
      "pair1": {
        "S0": 0,
        "S1": 0,
        "S2": 0,
        "S3": 20,
        "S4": 0
      },
      "pair4": {
        "S0": 0,
        "S1": 0,
        "S2": 0,
        "S3": 20,
        "S4": 0
      }
    },
    "pair1_generalized_variance_reduction_x": 94.83012772912613,
    "pair1_trigger_span_reduction_x": 84.75308689023936,
    "px4_binary_md5": "4502483282e5d04e7af418c6dd2c26a0",
    "stage3_flips": 0,
    "stage3_invalid": 0,
    "stage3_valid": 100,
    "zero_flip_probability_bound": 0.0036573646470336777
  },
  "thresholds": {
    "alpha_min_flips": 3,
    "beta_p0_max_exclusive": 0.01,
    "gate_generalized_variance_max": 0.00025654189993854035,
    "gate_state_std_max": [
      0.33958803,
      3.771601,
      0.06598521
    ],
    "gate_trigger_span_max_s": 0.2223921
  },
  "verdict": "\u03b2"
}
