{
  "compare_metric_stats": {
    "classical": {
      "angular_rate_max_rad_s": {
        "count": 5,
        "max": 0.38675061019395995,
        "mean": 0.34670649234054113,
        "min": 0.31953134462733984,
        "range": 0.06721926556662011,
        "stdev": 0.030703852026189606
      },
      "angular_rate_std_rad_s": {
        "count": 5,
        "max": 0.05332620974758655,
        "mean": 0.05206571535850588,
        "min": 0.05042852718694924,
        "range": 0.002897682560637306,
        "stdev": 0.001081912612025613
      },
      "final_error_m": {
        "count": 5,
        "max": 0.6116172910604659,
        "mean": 0.4344286032749527,
        "min": 0.14926533458969665,
        "range": 0.46235195647076927,
        "stdev": 0.17852230187553123
      },
      "motor_saturation_ratio": {
        "count": 5,
        "max": 0.0,
        "mean": 0.0,
        "min": 0.0,
        "range": 0.0,
        "stdev": 0.0
      },
      "roll_pitch_max_deg": {
        "count": 5,
        "max": 4.900332819416443,
        "mean": 4.283230918141823,
        "min": 3.037559866227938,
        "range": 1.8627729531885047,
        "stdev": 0.7438786908576129
      },
      "roll_pitch_std_deg": {
        "count": 5,
        "max": 1.2406313815007948,
        "mean": 0.9167791056495054,
        "min": 0.6107100448377619,
        "range": 0.6299213366630328,
        "stdev": 0.2360407664779714
      },
      "tracking_error_max_m": {
        "count": 5,
        "max": 0.915474968649807,
        "mean": 0.7908073084671798,
        "min": 0.4987696200248967,
        "range": 0.4167053486249103,
        "stdev": 0.17198866323407228
      },
      "tracking_error_rms_m": {
        "count": 5,
        "max": 0.6335656224220929,
        "mean": 0.4702890980121025,
        "min": 0.27041732743786717,
        "range": 0.36314829498422574,
        "stdev": 0.13748499329870045
      }
    },
    "raptor": {
      "angular_rate_max_rad_s": {
        "count": 5,
        "max": 0.39528058440080405,
        "mean": 0.36182674748096616,
        "min": 0.3201494129570649,
        "range": 0.07513117144373915,
        "stdev": 0.029038190077967988
      },
      "angular_rate_std_rad_s": {
        "count": 5,
        "max": 0.056057280252049195,
        "mean": 0.054133806528128346,
        "min": 0.05235902157939444,
        "range": 0.0036982586726547542,
        "stdev": 0.0015585247672180863
      },
      "final_error_m": {
        "count": 5,
        "max": 0.6748176921784207,
        "mean": 0.43067810183105976,
        "min": 0.2707858298036186,
        "range": 0.4040318623748021,
        "stdev": 0.15002511570372315
      },
      "motor_saturation_ratio": {
        "count": 5,
        "max": 0.0,
        "mean": 0.0,
        "min": 0.0,
        "range": 0.0,
        "stdev": 0.0
      },
      "roll_pitch_max_deg": {
        "count": 5,
        "max": 4.734014133690009,
        "mean": 4.248184582267365,
        "min": 3.93730695949445,
        "range": 0.7967071741955585,
        "stdev": 0.33466180821447983
      },
      "roll_pitch_std_deg": {
        "count": 5,
        "max": 1.1853433687351624,
        "mean": 0.9024527005402094,
        "min": 0.7304457038057884,
        "range": 0.454897664929374,
        "stdev": 0.1869354565317131
      },
      "tracking_error_max_m": {
        "count": 5,
        "max": 0.9040801044384298,
        "mean": 0.8163837907023581,
        "min": 0.6919063050548606,
        "range": 0.21217379938356917,
        "stdev": 0.07831422575978325
      },
      "tracking_error_rms_m": {
        "count": 5,
        "max": 0.5481863584192216,
        "mean": 0.4982654873159641,
        "min": 0.4511001144287569,
        "range": 0.09708624399046467,
        "stdev": 0.04235157222052829
      }
    }
  },
  "metadata": {
    "created_utc": "2026-06-24T10:55:00.187925+00:00",
    "run_id": "m2b_noise_floor_4x_high_twr_20260624",
    "scope_note": "M2b-1 high-TWR same-theta noise-floor remeasurement; not M3.",
    "seeds": [
      20260901,
      20260902,
      20260903,
      20260904,
      20260905
    ],
    "sim_speed_factor": 4.0,
    "sine_amplitude_m": 0.22,
    "sine_axis": "z",
    "sine_frequency_hz": 2.5,
    "thrust_to_weight_ratio": 2.3
  },
  "observed_noise_floor": {
    "angular_rate_max_rad_s": 0.07513117144373915,
    "angular_rate_std_rad_s": 0.0036982586726547542,
    "final_error_m": 0.46235195647076927,
    "motor_saturation_ratio": 0.0,
    "roll_pitch_max_deg": 1.8627729531885047,
    "roll_pitch_std_deg": 0.6299213366630328,
    "tracking_error_max_m": 0.4167053486249103,
    "tracking_error_rms_m": 0.36314829498422574
  },
  "records": [
    {
      "classical_active_motor_nan_count": 0,
      "classical_metrics_path": "/workspace/docs/m2b_noise_floor_4x_high_twr_20260624/evals/m2b_noise_floor_4x_high_twr_20260624_s20260901/m1_m2b_noise_floor_4x_high_twr_20260624_s20260901_classical_metrics.json",
      "classical_rate_max_rad_s": 0.32404508447401603,
      "classical_safe": true,
      "classical_tracking_max_m": 0.8570866769218976,
      "classical_tracking_rms_m": 0.43867507390551846,
      "classical_usable": true,
      "compare_path": "/workspace/docs/m2b_noise_floor_4x_high_twr_20260624/evals/m2b_noise_floor_4x_high_twr_20260624_s20260901/m1_diff_m2b_noise_floor_4x_high_twr_20260624_s20260901.json",
      "docs_dir": "/workspace/docs/m2b_noise_floor_4x_high_twr_20260624/evals/m2b_noise_floor_4x_high_twr_20260624_s20260901",
      "effective_deltas": {
        "angular_rate_max_rad_s": 0.0,
        "angular_rate_std_rad_s": 0.0,
        "final_error_m": 0.0,
        "motor_saturation_ratio": 0.0,
        "roll_pitch_max_deg": 0.0,
        "roll_pitch_std_deg": 0.0,
        "tracking_error_max_m": 0.0,
        "tracking_error_rms_m": 0.0
      },
      "elapsed_wall_s": 106.22956294612959,
      "elapsed_wall_s_outer": 106.23480497091077,
      "error": null,
      "fair_shared_state_shim_pollution": false,
      "fairness_path": "/workspace/docs/m2b_noise_floor_4x_high_twr_20260624/evals/m2b_noise_floor_4x_high_twr_20260624_s20260901/m2b_1_fairness_m2b_noise_floor_4x_high_twr_20260624_s20260901.json",
      "feature_bin": "unknown",
      "index": 0,
      "infrastructure_limited": false,
      "primary_bug": false,
      "quadrant": "boring_both_safe",
      "quality": 0.13291856054716306,
      "ran": true,
      "raptor_active_motor_nan_count": 0,
      "raptor_metrics_path": "/workspace/docs/m2b_noise_floor_4x_high_twr_20260624/evals/m2b_noise_floor_4x_high_twr_20260624_s20260901/m1_m2b_noise_floor_4x_high_twr_20260624_s20260901_raptor_metrics.json",
      "raptor_rate_max_rad_s": 0.36142931351912194,
      "raptor_safe": true,
      "raptor_tracking_max_m": 0.8050613720932479,
      "raptor_tracking_rms_m": 0.4904849933054841,
      "returncode": 0,
      "seed": 20260901,
      "severity": 0.0,
      "state_shim_topic_checks": [],
      "tag": "m2b_noise_floor_4x_high_twr_20260624_s20260901",
      "theta_path": "/workspace/docs/m2b_noise_floor_4x_high_twr_20260624/theta/m2b_noise_floor_4x_high_twr_20260624_s20260901.json"
    },
    {
      "classical_active_motor_nan_count": 0,
      "classical_metrics_path": "/workspace/docs/m2b_noise_floor_4x_high_twr_20260624/evals/m2b_noise_floor_4x_high_twr_20260624_s20260902/m1_m2b_noise_floor_4x_high_twr_20260624_s20260902_classical_metrics.json",
      "classical_rate_max_rad_s": 0.31953134462733984,
      "classical_safe": true,
      "classical_tracking_max_m": 0.915474968649807,
      "classical_tracking_rms_m": 0.5576612027600193,
      "classical_usable": true,
      "compare_path": "/workspace/docs/m2b_noise_floor_4x_high_twr_20260624/evals/m2b_noise_floor_4x_high_twr_20260624_s20260902/m1_diff_m2b_noise_floor_4x_high_twr_20260624_s20260902.json",
      "docs_dir": "/workspace/docs/m2b_noise_floor_4x_high_twr_20260624/evals/m2b_noise_floor_4x_high_twr_20260624_s20260902",
      "effective_deltas": {
        "angular_rate_max_rad_s": 0.0,