{
  "classical": {
    "controller": "classical",
    "effective_estimator_params": {
      "EKF2_DELAY_MAX": 240.0,
      "EKF2_GPS_P_GATE": 8.0,
      "EKF2_GPS_P_NOISE": 0.10000000149011612,
      "EKF2_GPS_V_GATE": 8.0,
      "EKF2_GPS_V_NOISE": 0.05000000074505806,
      "EKF2_IMU_POS_X": 0.0,
      "EKF2_IMU_POS_Y": 0.0,
      "EKF2_IMU_POS_Z": 0.0,
      "EKF2_MAG_DELAY": 0.0,
      "EKF2_MAG_GATE": 3.0,
      "EKF2_MAG_NOISE": 0.05000000074505806,
      "EKF2_TAU_POS": 0.25,
      "EKF2_TAU_VEL": 0.25,
      "SENS_GPS0_DELAY": 240,
      "SENS_GPS1_DELAY": 240
    },
    "estimator_status": {
      "filter_fault_flags_final": 0,
      "filter_fault_flags_max": 0,
      "gps_check_fail_flags_final": 0,
      "gps_check_fail_flags_max": 0,
      "hdg_test_ratio_max": 0.17380225658416748,
      "hdg_test_ratio_mean": 0.08092216505193627,
      "hgt_test_ratio_max": 0.049308642745018005,
      "hgt_test_ratio_mean": 0.022841033193149736,
      "output_tracking_error_angle_rad_max": 0.012954342179000378,
      "output_tracking_error_angle_rad_mean": 0.003206807981776357,
      "output_tracking_error_position_m_max": 0.10281731933355331,
      "output_tracking_error_position_m_mean": 0.0454114546457847,
      "output_tracking_error_velocity_m_s_max": 0.05992017686367035,
      "output_tracking_error_velocity_m_s_mean": 0.025477411359414594,
      "pos_horiz_accuracy_max": 0.3729431629180908,
      "pos_horiz_accuracy_mean": 0.3329693842660654,
      "pos_test_ratio_max": 0.02361469902098179,
      "pos_test_ratio_mean": 0.014384385032512315,
      "pos_vert_accuracy_max": 0.033131007105112076,
      "pos_vert_accuracy_mean": 0.031301808135061115,
      "present": true,
      "reset_count_pod_d_final": 2,
      "reset_count_pod_d_max": 2,
      "reset_count_pos_ne_final": 4,
      "reset_count_pos_ne_max": 4,
      "reset_count_quat_final": 1,
      "reset_count_quat_max": 1,
      "reset_count_vel_d_final": 1,
      "reset_count_vel_d_max": 1,
      "reset_count_vel_ne_final": 3,
      "reset_count_vel_ne_max": 3,
      "time_slip_max": 0.00800000037997961,
      "time_slip_mean": 0.00800000037997961,
      "vel_test_ratio_max": 0.11693322658538818,
      "vel_test_ratio_mean": 0.057690455087020504,
      "window_samples": 2002
    },
    "local_position_vs_groundtruth": {
      "position_error_final_m": 0.1903024847795339,
      "position_error_max_m": 0.24579088026436874,
      "position_error_rms_m": 0.17754441334267718,
      "present": true,
      "velocity_error_final_m_s": 0.21193740587879883,
      "velocity_error_max_m_s": 0.564703293869169,
      "velocity_error_rms_m_s": 0.27232140042116365,
      "window_samples": 2002
    },
    "raptor_input": {
      "active_samples": 0,
      "present": true
    },
    "topics_present": [
      "actuator_armed",
      "actuator_motors",
      "actuator_outputs",
      "battery_status",
      "config_overrides",
      "control_allocator_status",
      "cpuload",
      "distance_sensor",
      "distance_sensor_mode_change_request",
      "ekf2_timestamps",
      "esc_status",
      "estimator_aid_src_baro_hgt",
      "estimator_aid_src_fake_hgt",
      "estimator_aid_src_fake_pos",
      "estimator_aid_src_gnss_hgt",
      "estimator_aid_src_gnss_pos",
      "estimator_aid_src_gnss_vel",
      "estimator_aid_src_gravity",
      "estimator_aid_src_mag",
      "estimator_aid_src_rng_hgt",
      "estimator_baro_bias",
      "estimator_event_flags",
      "estimator_fusion_control",
      "estimator_gnss_hgt_bias",
      "estimator_gps_status",
      "estimator_innovation_test_ratios",
      "estimator_innovation_variances",
      "estimator_innovations",
      "estimator_sensor_bias",
      "estimator_states",
      "estimator_status",
      "estimator_status_flags",
      "event",
      "failsafe_flags",
      "failure_detector_status",
      "gripper",
      "home_position",
      "hover_thrust_estimate",
      "landing_gear",
      "logger_status",
      "manual_control_setpoint",
      "mission_result",
      "navigator_mission_item",
      "navigator_status",
      "offboard_control_mode",
      "parameter_update",
      "position_setpoint_triplet",
      "ranging_beacon",
      "raptor_input",
      "raptor_status",
      "rate_ctrl_status",
      "rtl_status",
      "rtl_time_estimate",
      "sensor_accel",
      "sensor_baro",
      "sensor_combined",
      "sensor_gps",
      "sensor_gyro",
      "sensor_gyro_fft",
      "sensor_mag",
      "sensor_selection",
      "sensors_status_imu",
      "system_power",
      "takeoff_status",
      "telemetry_status",
      "timesync_status",
      "trajectory_setpoint",
      "transponder_report",
      "vehicle_acceleration",
      "vehicle_air_data",
      "vehicle_angular_velocity",
      "vehicle_angular_velocity_groundtruth",
      "vehicle_attitude",
      "vehicle_attitude_groundtruth",
      "vehicle_attitude_setpoint",
      "vehicle_command",
      "vehicle_command_ack",
      "vehicle_constraints",
      "vehicle_control_mode",
      "vehicle_global_position",
      "vehicle_global_position_groundtruth",
      "vehicle_gps_position",
      "vehicle_imu",
      "vehicle_imu_status",
      "vehicle_land_detected",
      "vehicle_local_position",
      "vehicle_local_position_groundtruth",
      "vehicle_local_position_setpoint",
      "vehicle_magnetometer",
      "vehicle_rates_setpoint",
      "vehicle_status",
      "vehicle_thrust_setpoint",
      "vehicle_torque_setpoint",
      "yaw_estimator_status"
    ],
    "ulog": "/workspace/docs/m2_5_estimator_delay_scan_1x_20260624/evals/m2_5_estimator_delay_scan_1x_20260624_gpsdelay_240ms/m1_m2_5_estimator_delay_scan_1x_20260624_gpsdelay_240ms_classical.ulg",
    "window": {
      "active_us": 23040000,
      "mission_end_us": 42968026,
      "origin_us": 4950268,
      "trajectory_start_us": 26960000
    }
  },
  "fairness": {
    "fair_shared_estimator_pollution": true,
    "note": "Estimator-error magnitudes need not match exactly because controller trajectories differ; fairness is parameter-identical shared EKF estimate pollution, not RAPTOR-only observation modification.",
    "param_checks": {
      "EKF2_DELAY_MAX": {
        "classical": 240.0,
        "classical_matches_raptor": true,
        "classical_matches_theta": true,
        "raptor": 240.0,
        "raptor_matches_theta": true,
        "theta": 240
      },
      "EKF2_GPS_P_GATE": {
        "classical": 8.0,
        "classical_matches_raptor": true,
        "classical_matches_theta": true,
        "raptor": 8.0,
        "raptor_matches_theta": true,
        "theta": 8.0
      },
      "EKF2_GPS_P_NOISE": {
        "classical": 0.10000000149011612,
        "classical_matches_raptor": true,
        "classical_matches_theta": true,
        "raptor": 0.10000000149011612,
        "raptor_matches_theta": true,
        "theta": 0.1
      },
      "EKF2_GPS_V_GATE": {
        "classical": 8.0,
        "classical_matches_raptor": true,
        "classical_matches_theta": true,
        "raptor": 8.0,
        "raptor_matches_theta": true,
        "theta": 8.0
      },
      "EKF2_GPS_V_NOISE": {
        "classical": 0.05000000074505806,
        "classical_matches_raptor": true,
        "classical_matches_theta": true,
        "raptor": 0.05000000074505806,
        "raptor_matches_theta": true,
        "theta": 0.05
      },
      "EKF2_IMU_POS_X": {
        "classical": 0.0,
        "classical_matches_raptor": true,
        "classical_matches_theta": true,
        "raptor": 0.0,
        "raptor_matches_theta": true,
        "theta": 0.0
      },
      "EKF2_IMU_POS_Y": {
        "classical": 0.0,
        "classical_matches_raptor": true,
        "classical_matches_theta": true,
        "raptor": 0.0,
        "raptor_matches_theta": true,
        "theta": 0.0
      },
      "EKF2_IMU_POS_Z": {
        "classical": 0.0,
        "classical_matches_raptor": true,
        "classical_matches_theta": true,
        "raptor": 0.0,