{
  "analysis": {
    "actuator_rate_hz": 240.73183246744918,
    "actuator_total_counts": {
      "allocator_value_residual": 1362,
      "neural_value": 13479,
      "unknown": 172
    },
    "allocator_fraction_critical_actuator": {
      "count": 21,
      "fraction": 0.109375,
      "total": 192
    },
    "allocator_fraction_critical_output": {
      "count": 15,
      "fraction": 0.07853403141361257,
      "total": 191
    },
    "allocator_fraction_full_actuator": {
      "count": 1362,
      "fraction": 0.0907213748084993,
      "total": 15013
    },
    "allocator_fraction_full_output": {
      "count": 1200,
      "fraction": 0.08083529808016167,
      "total": 14845
    },
    "exact_switch_state": {
      "angular_rate_norm_rad_s": 2.6225404399625156,
      "angular_rate_xyz_rad_s": [
        1.434711217880249,
        -1.8582470417022705,
        1.1688627004623413
      ],
      "angular_velocity_dt_ms": 0.0,
      "angular_velocity_timestamp_us": 27912000,
      "angular_velocity_topic": "vehicle_angular_velocity_groundtruth",
      "attitude_dt_ms": 0.0,
      "attitude_timestamp_us": 27912000,
      "attitude_topic": "vehicle_attitude_groundtruth",
      "local_position_dt_ms": 0.0,
      "local_position_timestamp_us": 27912000,
      "local_position_topic": "vehicle_local_position_groundtruth",
      "pitch_deg": 24.996293250499555,
      "pitch_rate_abs_rad_s": 1.8582470417022705,
      "position_ned_m": [
        -9.031126022338867,
        -5.322804927825928,
        -2.36151123046875
      ],
      "roll_deg": 48.5655658790465,
      "roll_pitch_abs_deg": 48.5655658790465,
      "roll_rate_abs_rad_s": 1.434711217880249,
      "switch_us": 27912000,
      "velocity_ned_m_s": [
        -6.295477390289307,
        -1.0355490446090698,
        -0.0487736277282238
      ],
      "velocity_norm_m_s": 6.380264591864227,
      "yaw_rate_abs_rad_s": 1.1688627004623413
    },
    "first_loss_us": 28728000,
    "loss_dt_s": 0.796,
    "loss_reason": "tilt>90",
    "mcnn_value_selfcheck": {
      "actuator_samples": 15013,
      "all_allocator_signature_residuals": 1362,
      "exact_neural_value_matches": 13479,
      "no_simultaneous_neural_timestamp_allocator_signature_residuals": 430,
      "simultaneous_neural_timestamp_nonmatches_with_allocator_signature": 932,
      "with_simultaneous_neural_control_timestamp": 14411
    },
    "nav23_duration_s": 62.364,
    "nav23_end_us": 90296000,
    "nav23_start_us": 27932000,
    "output_rate_hz": 238.037970624078,
    "output_total_counts": {
      "allocator_value_residual": 1200,
      "neural_value": 13470,
      "unknown": 175
    },
    "severity": {
      "controlled": false,
      "evidence": {
        "active_motor_nonfinite": {
          "first_nonfinite": null,
          "nan_count": 0,
          "neginf_count": 0,
          "nonfinite_count": 0,
          "posinf_count": 0,
          "samples": 15051
        },
        "active_motor_saturation_count": 51589,
        "active_motor_saturation_ratio": 0.8569031958009434,
        "analysis_start_us": 27932000,
        "angular_velocity_topic": "vehicle_angular_velocity_groundtruth",
        "attitude_quaternion_finite": true,
        "attitude_topic": "vehicle_attitude_groundtruth",
        "console": {
          "fault": false,
          "matches": [],
          "px4_timeout_rc": false
        },
        "controller": "mcnn",
        "controller_active_us": 27932000,
        "final_error_to_hover_m": 14.60096182652808,
        "last_angular_rate_norm_rad_s": 18.64977627935793,
        "last_pitch_deg": 10.485319667077656,
        "last_position_ned_m": [
          -13.669919967651367,
          -4.479989528656006,
          0.000213623046875
        ],
        "last_roll_deg": -41.252728334594465,
        "last_window_angular_rate_max_rad_s": 19.49468541702403,
        "last_window_roll_pitch_max_deg": 179.4112423645748,
        "local_position_topic": "vehicle_local_position_groundtruth",
        "mission_end_reached": true,
        "mission_end_us": 90448000,
        "mode_confirmed": true,
        "network_output_nonfinite": {
          "first_nonfinite": null,
          "nan_count": 0,
          "neginf_count": 0,
          "nonfinite_count": 0,
          "posinf_count": 0,
          "samples": 14444
        },
        "neural_control_samples": 14444,
        "observation_nonfinite": {
          "first_nonfinite": null,
          "nan_count": 0,
          "neginf_count": 0,
          "nonfinite_count": 0,
          "posinf_count": 0,
          "samples": 14444
        },
        "post_switch_angular_rate_max_rad_s": 22.75766172973194,
        "post_switch_disarmed": false,
        "post_switch_error_to_hover_max_m": 14.62470642502669,
        "post_switch_failsafe": false,
        "post_switch_hover_ned": [
          0.0,
          0.0,
          -2.5
        ],
        "post_switch_min_altitude_agl_m": -0.022674560546875,
        "post_switch_nav_states": [
          14,
          23
        ],
        "post_switch_roll_pitch_max_deg": 179.96081694760898,
        "switch_us": 27912000,
        "task_exit_code": 0
      },
      "reasons": [
        "angular_rate_loss_of_control",
        "attitude_tumble_over_90deg"
      ],
      "severity": 3,
      "severity_label": "S3_uncontrolled_tumble_or_loc",
      "thresholds": {
        "method_a_rate_tolerance_rad_s": 0.45,
        "method_a_roll_pitch_tolerance_deg": 8.0,
        "s0_angular_rate_rad_s": 1.0,
        "s0_final_error_m": 1.5,
        "s0_last_window_s": 2.0,
        "s0_min_altitude_agl_m": 1.0,
        "s0_roll_pitch_deg": 40.0,
        "s2_ground_contact_agl_m": 0.25,
        "s3_angular_rate_rad_s": 8.0,
        "s3_roll_pitch_deg": 90.0
      },
      "uncontrolled": true
    },
    "state_trigger": {
      "event": {
        "detail": {
          "controller_switch_s": 19.534405,
          "state": {
            "angular_rate_norm_rad_s": 2.6225404399625156,
            "angular_rate_xyz_rad_s": [
              1.434711217880249,
              -1.8582470417022705,
              1.1688627004623413
            ],
            "angular_velocity_timestamp_us": 1783855985029329,
            "attitude_timestamp_us": 1783855985029329,
            "elapsed_s": 19.534405,
            "pitch_deg": 24.996293250499555,
            "pitch_rate_abs_rad_s": 1.8582470417022705,
            "roll_deg": 48.5655658790465,
            "roll_pitch_abs_deg": 48.5655658790465,
            "roll_rate_abs_rad_s": 1.434711217880249,
            "timestamp_us": 1783855985029329,
            "yaw_deg": -12.113132773310463,
            "yaw_rate_abs_rad_s": 1.1688627004623413
          },
          "trigger": {
            "angular_rate_norm_max_rad_s": 2.9,
            "angular_rate_norm_min_rad_s": 2.45,
            "deadline_s": 54.0,
            "enabled": true,
            "max_topic_age_s": 0.25,
            "method": "SIH groundtruth threshold crossing",
            "roll_pitch_abs_max_deg": 62.0,
            "roll_pitch_abs_min_deg": 48.0,
            "start_s": 18.0
          }
        },
        "elapsed_s": 19.534405,
        "name": "state_trigger",
        "timestamp_us": 1783855985029329
      },
      "fired": true,
      "match": {
        "angular_rate_error_norm_rad_s": 0.0,
        "matched": true,
        "pitch_error_deg": 3.1805546814635168e-15,
        "roll_error_deg": 0.0,
        "score": 3.1805546814635168e-15,
        "switch_us": 27912000
      },
      "task_exit_code": 0
    },
    "task": "tier05_fork_20260712T090728Z/stage3_initial/evals/pair1_H_rep18_route_a_addendum3_diag_20260629_rp48_62_rate2p45_2p90_w6_r6_f045_s20262001/mcnn_gate3_route_a_addendum3_diag_20260629_rp48_62_rate2p45_2p90_w6_r6_f045_s20262001_mcnn_task.json",