{
  "all_runs": {
    "attempts": 144,
    "invalid": 0,
    "valid": 144
  },
  "beta_pass": true,
  "beta_threshold": 0.01,
  "budget": {
    "limit": 160,
    "stage0": 20,
    "stage1_smoke": 4,
    "stage2": 20,
    "stage3": 100,
    "total": 144
  },
  "gate_a": {
    "hardened": {
      "pair1": {
        "n": 10,
        "state_covariance": [
          [
            0.08174342546972352,
            -0.0813424877269087,
            0.0010502026792352027
          ],
          [
            -0.0813424877269087,
            1.4558092780880618,
            0.027379914695234358
          ],
          [
            0.0010502026792352027,
            0.027379914695234358,
            0.0008418833938768331
          ]
        ],
        "state_generalized_variance": 2.7052784392669976e-05,
        "state_mean": [
          48.38016200058697,
          24.709988075914616,
          2.6402798446203306
        ],
        "state_order": [
          "roll_deg",
          "pitch_deg",
          "angular_rate_norm_rad_s"
        ],
        "state_range": [
          1.0324189503508094,
          3.5785596178704075,
          0.09436326546276197
        ],
        "state_std": [
          0.2859080717113868,
          1.206569218108958,
          0.029015226931334404
        ],
        "trigger_elapsed_s": {
          "max": 19.549465,
          "min": 19.523225,
          "span": 0.026240000000001373,
          "std": 0.00848540874678467
        }
      },
      "pair4": {
        "n": 10,
        "state_covariance": [
          [
            5.095450718599335,
            -0.2906184272734631,
            0.06979649067245645
          ],
          [
            -0.2906184272734631,
            1.4967723805466118,
            -0.026791331647584824
          ],
          [
            0.06979649067245645,
            -0.026791331647584824,
            0.0017746039589125132
          ]
        ],
        "state_generalized_variance": 0.003522431165988697,
        "state_mean": [
          34.93300838801457,
          -37.384195266660775,
          1.9470911052169897
        ],
        "state_order": [
          "roll_deg",
          "pitch_deg",
          "angular_rate_norm_rad_s"
        ],
        "state_range": [
          6.47130920793461,
          3.861668095450135,
          0.10994427827515141
        ],
        "state_std": [
          2.2573105055794462,
          1.2234264916808903,
          0.042126048460691325
        ],
        "trigger_elapsed_s": {
          "max": 18.013786,
          "min": 18.000099,
          "span": 0.013687000000000893,
          "std": 0.003896918214008337
        }
      }
    },
    "legacy": {
      "pair1": {
        "n": 10,
        "state_covariance": [
          [
            0.11532003019821976,
            0.3488681554461684,
            0.00528257147167535
          ],
          [
            0.3488681554461684,
            14.224974096439595,
            0.19460916311214496
          ],
          [
            0.00528257147167535,
            0.19460916311214496,
            0.004354048160123493
          ]
        ],
        "state_generalized_variance": 0.0025654189993854037,
        "state_mean": [
          48.68551008337782,
          22.31528711287963,
          2.595955205714686
        ],
        "state_order": [
          "roll_deg",
          "pitch_deg",
          "angular_rate_norm_rad_s"
        ],
        "state_range": [
          0.9706013289767981,
          9.132083767952853,
          0.19110242378590447
        ],
        "state_std": [
          0.33958803011622735,
          3.7716009991036428,
          0.06598521167749251
        ],
        "trigger_elapsed_s": {
          "max": 21.74534,
          "min": 19.521419,
          "span": 2.223920999999997,
          "std": 0.6965071447258091
        }
      },
      "pair4": {
        "n": 10,
        "state_covariance": [
          [
            7.066640543129113,
            3.6431785750657673,
            0.05337666449182574
          ],
          [
            3.6431785750657673,
            3.170726021648915,
            0.02130461326067553
          ],
          [
            0.05337666449182574,
            0.02130461326067553,
            0.0010497311799084787
          ]
        ],
        "state_generalized_variance": 0.005632609952924835,
        "state_mean": [
          34.61852534342675,
          -36.811966079056226,
          1.9532003046066115
        ],
        "state_order": [
          "roll_deg",
          "pitch_deg",
          "angular_rate_norm_rad_s"
        ],
        "state_range": [
          8.225380319206494,
          7.00695230098912,
          0.10896152601669029
        ],
        "state_std": [
          2.6583153581035326,
          1.7806532569955655,
          0.0323995552424486
        ],
        "trigger_elapsed_s": {
          "max": 18.026546,
          "min": 18.00002,
          "span": 0.026526000000000494,
          "std": 0.008804100994549077
        }
      }
    },
    "pair1_generalized_variance_reduction": 94.83012772912613,
    "pair1_trigger_span_reduction": 84.75308689023936,
    "pass": true
  },
  "stage3": {
    "dense_low_modal": {
      "attempts": 60,
      "flip_rate": 0.0,
      "flip_rate_wilson95": [
        0.0,
        0.06017185214208986
      ],
      "flips": 0,
      "invalid": 0,
      "modal_outcome": "S3",
      "outcome_counts": {
        "S0": 0,
        "S1": 0,
        "S2": 0,
        "S3": 60,
        "S4": 0
      },
      "pairwise_consistency": 1.0,
      "pairwise_consistency_wilson95": [
        0.9978343843517742,
        1.0
      ],
      "pairwise_consistent": 1770,
      "pairwise_pairs": 1770,
      "timing_state": {
        "n": 60,
        "state_covariance": [
          [
            245.11088276742433,
            75.8307510875868,
            -0.39538536217315223
          ],
          [
            75.8307510875868,
            47.73655290667743,
            -0.16212466642960213
          ],
          [
            -0.39538536217315223,
            -0.16212466642960213,
            0.002197525894292567
          ]
        ],
        "state_generalized_variance": 8.892792092324743,
        "state_mean": [
          30.593796562357575,
          7.499060010229874,
          0.8441914268632635
        ],
        "state_order": [
          "roll_deg",
          "pitch_deg",
          "angular_rate_norm_rad_s"
        ],
        "state_range": [
          69.56865614294477,
          49.382359710810746,
          0.23712527680297502
        ],
        "state_std": [
          15.656017461903403,
          6.909164414506102,
          0.04687777612358086
        ],
        "trigger_elapsed_s": {
          "max": 20.2928,
          "min": 18.20762,
          "span": 2.085180000000001,
          "std": 0.4487534535072199
        }
      },
      "valid": 60
    },
    "pair1": {
      "attempts": 20,
      "flip_rate": 0.0,
      "flip_rate_wilson95": [
        0.0,
        0.16112515805281938
      ],
      "flips": 0,
      "invalid": 0,
      "modal_outcome": "S3",
      "outcome_counts": {
        "S0": 0,
        "S1": 0,
        "S2": 0,
        "S3": 20,
        "S4": 0
      },
      "pairwise_consistency": 1.0,
      "pairwise_consistency_wilson95": [
        0.9801824705402803,
        0.9999999999999999
      ],
      "pairwise_consistent": 190,
      "pairwise_pairs": 190,
      "timing_state": {
        "n": 20,
        "state_covariance": [
          [
            0.12469101071425215,
            -0.10115297099962209,
            -0.0012726184549336809
          ],
          [
            -0.10115297099962209,
            2.2499336601649844,
            0.04612222434477083
          ],
          [
            -0.0012726184549336809,
            0.04612222434477083,
            0.0017525646613630052
          ]
        ],
        "state_generalized_variance": 0.0002167242818603266,