{
  "analysis": {
    "actuator_rate_hz": 234.7248209561907,
    "actuator_total_counts": {
      "allocator_value_residual": 1490,
      "neural_value": 12971,
      "unknown": 91
    },
    "allocator_fraction_critical_actuator": {
      "count": 47,
      "fraction": 0.11633663366336634,
      "total": 404
    },
    "allocator_fraction_critical_output": {
      "count": 46,
      "fraction": 0.11528822055137844,
      "total": 399
    },
    "allocator_fraction_full_actuator": {
      "count": 1490,
      "fraction": 0.10239142385926334,
      "total": 14552
    },
    "allocator_fraction_full_output": {
      "count": 1406,
      "fraction": 0.09756436055790715,
      "total": 14411
    },
    "exact_switch_state": {
      "angular_rate_norm_rad_s": 2.019505020838127,
      "angular_rate_xyz_rad_s": [
        -0.9835872650146484,
        -1.0508651733398438,
        1.416558861732483
      ],
      "angular_velocity_dt_ms": 0.0,
      "angular_velocity_timestamp_us": 28344000,
      "angular_velocity_topic": "vehicle_angular_velocity_groundtruth",
      "attitude_dt_ms": 0.0,
      "attitude_timestamp_us": 28344000,
      "attitude_topic": "vehicle_attitude_groundtruth",
      "local_position_dt_ms": 0.0,
      "local_position_timestamp_us": 28344000,
      "local_position_topic": "vehicle_local_position_groundtruth",
      "pitch_deg": -35.72016852810743,
      "pitch_rate_abs_rad_s": 1.0508651733398438,
      "position_ned_m": [
        -3.9918899536132812,
        -2.7376675605773926,
        -2.13958740234375
      ],
      "roll_deg": 38.67239217001466,
      "roll_pitch_abs_deg": 38.67239217001466,
      "roll_rate_abs_rad_s": 0.9835872650146484,
      "switch_us": 28344000,
      "velocity_ned_m_s": [
        -3.1551551818847656,
        3.9533588886260986,
        0.2184833139181137
      ],
      "velocity_norm_m_s": 5.062784380409056,
      "yaw_rate_abs_rad_s": 1.416558861732483
    },
    "first_loss_us": 30104000,
    "loss_dt_s": 1.732,
    "loss_reason": "rate>8",
    "mcnn_value_selfcheck": {
      "actuator_samples": 14552,
      "all_allocator_signature_residuals": 1490,
      "exact_neural_value_matches": 12971,
      "no_simultaneous_neural_timestamp_allocator_signature_residuals": 216,
      "simultaneous_neural_timestamp_nonmatches_with_allocator_signature": 1274,
      "with_simultaneous_neural_control_timestamp": 14245
    },
    "nav23_duration_s": 61.996,
    "nav23_end_us": 90368000,
    "nav23_start_us": 28372000,
    "output_rate_hz": 232.45048067617265,
    "output_total_counts": {
      "allocator_value_residual": 1406,
      "neural_value": 12919,
      "unknown": 86
    },
    "severity": {
      "controlled": false,
      "evidence": {
        "active_motor_nonfinite": {
          "first_nonfinite": null,
          "nan_count": 0,
          "neginf_count": 0,
          "nonfinite_count": 0,
          "posinf_count": 0,
          "samples": 14585
        },
        "active_motor_saturation_count": 3621,
        "active_motor_saturation_ratio": 0.062067192320877616,
        "analysis_start_us": 28372000,
        "angular_velocity_topic": "vehicle_angular_velocity_groundtruth",
        "attitude_quaternion_finite": true,
        "attitude_topic": "vehicle_attitude_groundtruth",
        "console": {
          "fault": false,
          "matches": [],
          "px4_timeout_rc": false
        },
        "controller": "mcnn",
        "controller_active_us": 28372000,
        "final_error_to_hover_m": 0.7384960063958041,
        "last_angular_rate_norm_rad_s": 0.17323572962774944,
        "last_pitch_deg": -1.2567686831036922,
        "last_position_ned_m": [
          0.4445655345916748,
          -0.37770941853523254,
          -2.047149658203125
        ],
        "last_roll_deg": -2.9138520208703755,
        "last_window_angular_rate_max_rad_s": 0.7373991084619043,
        "last_window_roll_pitch_max_deg": 10.17103510294532,
        "local_position_topic": "vehicle_local_position_groundtruth",
        "mission_end_reached": true,
        "mission_end_us": 90512000,
        "mode_confirmed": true,
        "network_output_nonfinite": {
          "first_nonfinite": null,
          "nan_count": 0,
          "neginf_count": 0,
          "nonfinite_count": 0,
          "posinf_count": 0,
          "samples": 14273
        },
        "neural_control_samples": 14273,
        "observation_nonfinite": {
          "first_nonfinite": null,
          "nan_count": 0,
          "neginf_count": 0,
          "nonfinite_count": 0,
          "posinf_count": 0,
          "samples": 14273
        },
        "post_switch_angular_rate_max_rad_s": 11.949617110609315,
        "post_switch_disarmed": false,
        "post_switch_error_to_hover_max_m": 5.145359732560228,
        "post_switch_failsafe": false,
        "post_switch_hover_ned": [
          0.0,
          0.0,
          -2.5
        ],
        "post_switch_min_altitude_agl_m": -0.016204833984375,
        "post_switch_nav_states": [
          14,
          23
        ],
        "post_switch_roll_pitch_max_deg": 82.46388303173053,
        "switch_us": 28344000,
        "task_exit_code": 0
      },
      "reasons": [
        "angular_rate_loss_of_control"
      ],
      "severity": 3,
      "severity_label": "S3_uncontrolled_tumble_or_loc",
      "thresholds": {
        "method_a_rate_tolerance_rad_s": 0.45,
        "method_a_roll_pitch_tolerance_deg": 8.0,
        "s0_angular_rate_rad_s": 1.0,
        "s0_final_error_m": 1.5,
        "s0_last_window_s": 2.0,
        "s0_min_altitude_agl_m": 1.0,
        "s0_roll_pitch_deg": 40.0,
        "s2_ground_contact_agl_m": 0.25,
        "s3_angular_rate_rad_s": 8.0,
        "s3_roll_pitch_deg": 90.0
      },
      "uncontrolled": true
    },
    "state_trigger": {
      "event": {
        "detail": {
          "controller_switch_s": 18.006297,
          "state": {
            "angular_rate_norm_rad_s": 2.019505020838127,
            "angular_rate_xyz_rad_s": [
              -0.9835872650146484,
              -1.0508651733398438,
              1.416558861732483
            ],
            "angular_velocity_timestamp_us": 1783609264371995,
            "attitude_timestamp_us": 1783609264371995,
            "elapsed_s": 18.006297,
            "pitch_deg": -35.72016852810743,
            "pitch_rate_abs_rad_s": 1.0508651733398438,
            "roll_deg": 38.67239217001466,
            "roll_pitch_abs_deg": 38.67239217001466,
            "roll_rate_abs_rad_s": 0.9835872650146484,
            "timestamp_us": 1783609264371995,
            "yaw_deg": -13.454584712460077,
            "yaw_rate_abs_rad_s": 1.416558861732483
          },
          "trigger": {
            "angular_rate_norm_max_rad_s": 2.15,
            "angular_rate_norm_min_rad_s": 1.55,
            "deadline_s": 54.0,
            "enabled": true,
            "max_topic_age_s": 0.25,
            "method": "SIH groundtruth threshold crossing",
            "roll_pitch_abs_max_deg": 44.0,
            "roll_pitch_abs_min_deg": 36.0,
            "start_s": 18.0
          }
        },
        "elapsed_s": 18.006297,
        "name": "state_trigger",
        "timestamp_us": 1783609264371995
      },
      "fired": true,
      "match": {
        "angular_rate_error_norm_rad_s": 0.0,
        "matched": true,
        "pitch_error_deg": 0.0,
        "roll_error_deg": 0.0,
        "score": 0.0,
        "switch_us": 28344000
      },
      "task_exit_code": 0
    },
    "task": "docs/px4_race_r4_gate_20260709/evals/pair4_A_rep01_route_a_addendum3_diag_20260629_rp36_44_rate1p55_2p15_w3_r4_f038_s20261902/mcnn_gate3_route_a_addendum3_diag_20260629_rp36_44_rate1p55_2p15_w3_r4_f038_s20261902_mcnn_task.json",
    "ulog": "docs/px4_race_r4_gate_20260709/evals/pair4_A_rep01_route_a_addendum3_diag_20260629_rp36_44_rate1p55_2p15_w3_r4_f038_s20261902/mcnn_gate3_route_a_addendum3_diag_20260629_rp36_44_rate1p55_2p15_w3_r4_f038_s20261902_mcnn.ulg"
  },
  "arm": "A",
  "case_label": "pair4",