{
  "analysis": {
    "actuator_rate_hz": 240.7815947053262,
    "actuator_total_counts": {
      "allocator_value_residual": 1262,
      "neural_value": 13831,
      "unknown": 187
    },
    "allocator_fraction_critical_actuator": {
      "count": 20,
      "fraction": 0.0847457627118644,
      "total": 236
    },
    "allocator_fraction_critical_output": {
      "count": 15,
      "fraction": 0.06521739130434782,
      "total": 230
    },
    "allocator_fraction_full_actuator": {
      "count": 1262,
      "fraction": 0.08259162303664921,
      "total": 15280
    },
    "allocator_fraction_full_output": {
      "count": 1111,
      "fraction": 0.07347397658884994,
      "total": 15121
    },
    "exact_switch_state": {
      "angular_rate_norm_rad_s": 0.8595834015303262,
      "angular_rate_xyz_rad_s": [
        0.3461611270904541,
        -0.7650090456008911,
        0.18389469385147095
      ],
      "angular_velocity_dt_ms": 0.0,
      "angular_velocity_timestamp_us": 26652000,
      "angular_velocity_topic": "vehicle_angular_velocity_groundtruth",
      "attitude_dt_ms": 0.0,
      "attitude_timestamp_us": 26652000,
      "attitude_topic": "vehicle_attitude_groundtruth",
      "local_position_dt_ms": 0.0,
      "local_position_timestamp_us": 26652000,
      "local_position_topic": "vehicle_local_position_groundtruth",
      "pitch_deg": 11.526837844096294,
      "pitch_rate_abs_rad_s": 0.7650090456008911,
      "position_ned_m": [
        -0.6919006109237671,
        -2.816302537918091,
        -2.350372314453125
      ],
      "roll_deg": 34.582855360338506,
      "roll_pitch_abs_deg": 34.582855360338506,
      "roll_rate_abs_rad_s": 0.3461611270904541,
      "switch_us": 26652000,
      "velocity_ned_m_s": [
        -3.1556737422943115,
        1.1714611053466797,
        0.11655016243457794
      ],
      "velocity_norm_m_s": 3.368112502501865,
      "yaw_rate_abs_rad_s": 0.18389469385147095
    },
    "first_loss_us": 27744000,
    "loss_dt_s": 0.972,
    "loss_reason": "rate>8",
    "mcnn_value_selfcheck": {
      "actuator_samples": 15280,
      "all_allocator_signature_residuals": 1262,
      "exact_neural_value_matches": 13831,
      "no_simultaneous_neural_timestamp_allocator_signature_residuals": 453,
      "simultaneous_neural_timestamp_nonmatches_with_allocator_signature": 809,
      "with_simultaneous_neural_control_timestamp": 14640
    },
    "nav23_duration_s": 63.46,
    "nav23_end_us": 90232000,
    "nav23_start_us": 26772000,
    "output_rate_hz": 238.27607942010715,
    "output_total_counts": {
      "allocator_value_residual": 1111,
      "neural_value": 13824,
      "unknown": 186
    },
    "severity": {
      "controlled": false,
      "evidence": {
        "active_motor_nonfinite": {
          "first_nonfinite": null,
          "nan_count": 0,
          "neginf_count": 0,
          "nonfinite_count": 0,
          "posinf_count": 0,
          "samples": 15309
        },
        "active_motor_saturation_count": 30388,
        "active_motor_saturation_ratio": 0.496244039453916,
        "analysis_start_us": 26772000,
        "angular_velocity_topic": "vehicle_angular_velocity_groundtruth",
        "attitude_quaternion_finite": true,
        "attitude_topic": "vehicle_attitude_groundtruth",
        "console": {
          "fault": false,
          "matches": [],
          "px4_timeout_rc": false
        },
        "controller": "mcnn",
        "controller_active_us": 26772000,
        "final_error_to_hover_m": 5.854616406443366,
        "last_angular_rate_norm_rad_s": 21.920767923680916,
        "last_pitch_deg": 48.65391307191761,
        "last_position_ned_m": [
          -4.7706146240234375,
          2.290499687194824,
          0.0042724609375
        ],
        "last_roll_deg": -37.123537641172014,
        "last_window_angular_rate_max_rad_s": 22.015081077936557,
        "last_window_roll_pitch_max_deg": 179.92798183136358,
        "local_position_topic": "vehicle_local_position_groundtruth",
        "mission_end_reached": true,
        "mission_end_us": 90352000,
        "mode_confirmed": true,
        "network_output_nonfinite": {
          "first_nonfinite": null,
          "nan_count": 0,
          "neginf_count": 0,
          "nonfinite_count": 0,
          "posinf_count": 0,
          "samples": 14674
        },
        "neural_control_samples": 14674,
        "observation_nonfinite": {
          "first_nonfinite": null,
          "nan_count": 0,
          "neginf_count": 0,
          "nonfinite_count": 0,
          "posinf_count": 0,
          "samples": 14674
        },
        "post_switch_angular_rate_max_rad_s": 22.420901623454004,
        "post_switch_disarmed": false,
        "post_switch_error_to_hover_max_m": 6.1018965708824355,
        "post_switch_failsafe": false,
        "post_switch_hover_ned": [
          0.0,
          0.0,
          -2.5
        ],
        "post_switch_min_altitude_agl_m": -0.01580810546875,
        "post_switch_nav_states": [
          14,
          23
        ],
        "post_switch_roll_pitch_max_deg": 179.99421130845963,
        "switch_us": 26652000,
        "task_exit_code": 0
      },
      "reasons": [
        "angular_rate_loss_of_control",
        "attitude_tumble_over_90deg"
      ],
      "severity": 3,
      "severity_label": "S3_uncontrolled_tumble_or_loc",
      "thresholds": {
        "method_a_rate_tolerance_rad_s": 0.45,
        "method_a_roll_pitch_tolerance_deg": 8.0,
        "s0_angular_rate_rad_s": 1.0,
        "s0_final_error_m": 1.5,
        "s0_last_window_s": 2.0,
        "s0_min_altitude_agl_m": 1.0,
        "s0_roll_pitch_deg": 40.0,
        "s2_ground_contact_agl_m": 0.25,
        "s3_angular_rate_rad_s": 8.0,
        "s3_roll_pitch_deg": 90.0
      },
      "uncontrolled": true
    },
    "state_trigger": {
      "event": {
        "detail": {
          "controller_switch_s": 18.324385,
          "state": {
            "angular_rate_norm_rad_s": 0.8595834015303262,
            "angular_rate_xyz_rad_s": [
              0.3461611270904541,
              -0.7650090456008911,
              0.18389469385147095
            ],
            "angular_velocity_timestamp_us": 1783852057351227,
            "attitude_timestamp_us": 1783852057351227,
            "elapsed_s": 18.234385,
            "pitch_deg": 11.526837844096294,
            "pitch_rate_abs_rad_s": 0.7650090456008911,
            "roll_deg": 34.582855360338506,
            "roll_pitch_abs_deg": 34.582855360338506,
            "roll_rate_abs_rad_s": 0.3461611270904541,
            "timestamp_us": 1783852057351227,
            "yaw_deg": -7.185723977725465,
            "yaw_rate_abs_rad_s": 0.18389469385147095
          },
          "trigger": {
            "angular_rate_norm_max_rad_s": 1.3278,
            "angular_rate_norm_min_rad_s": 0.6278,
            "deadline_s": 54.0,
            "enabled": true,
            "max_topic_age_s": 0.25,
            "method": "SIH groundtruth threshold crossing",
            "roll_pitch_abs_max_deg": 42.5,
            "roll_pitch_abs_min_deg": 34.5,
            "start_s": 18.0,
            "switch_delay_s": 0.09
          }
        },
        "elapsed_s": 18.234385,
        "name": "state_trigger",
        "timestamp_us": 1783852057351227
      },
      "fired": true,
      "match": {
        "angular_rate_error_norm_rad_s": 0.0,
        "matched": true,
        "pitch_error_deg": 0.0,
        "roll_error_deg": 0.0,
        "score": 0.0,
        "switch_us": 26652000
      },
      "task_exit_code": 0
    },
    "task": "tier05_fork_20260712T090728Z/stage3_initial/evals/dense_low_modal_H_rep08_switch_severity_dense_sweep_20260630_wind_m_s_0_s2026062942/mcnn_gate3_switch_severity_dense_sweep_20260630_wind_m_s_0_s2026062942_mcnn_task.json",