{
  "analysis": {
    "actuator_rate_hz": 240.6444572822389,
    "actuator_total_counts": {
      "allocator_value_residual": 1342,
      "neural_value": 13484,
      "unknown": 170
    },
    "allocator_fraction_critical_actuator": {
      "count": 19,
      "fraction": 0.11046511627906977,
      "total": 172
    },
    "allocator_fraction_critical_output": {
      "count": 18,
      "fraction": 0.10650887573964497,
      "total": 169
    },
    "allocator_fraction_full_actuator": {
      "count": 1342,
      "fraction": 0.08949053080821552,
      "total": 14996
    },
    "allocator_fraction_full_output": {
      "count": 1206,
      "fraction": 0.0814974996621165,
      "total": 14798
    },
    "exact_switch_state": {
      "angular_rate_norm_rad_s": 2.6174479326817464,
      "angular_rate_xyz_rad_s": [
        1.4501992464065552,
        -1.847744345664978,
        1.154901146888733
      ],
      "angular_velocity_dt_ms": 0.0,
      "angular_velocity_timestamp_us": 27900000,
      "angular_velocity_topic": "vehicle_angular_velocity_groundtruth",
      "attitude_dt_ms": 0.0,
      "attitude_timestamp_us": 27900000,
      "attitude_topic": "vehicle_attitude_groundtruth",
      "local_position_dt_ms": 0.0,
      "local_position_timestamp_us": 27900000,
      "local_position_topic": "vehicle_local_position_groundtruth",
      "pitch_deg": 24.73831972369463,
      "pitch_rate_abs_rad_s": 1.847744345664978,
      "position_ned_m": [
        -9.223278999328613,
        -5.291054725646973,
        -2.1162109375
      ],
      "roll_deg": 48.44715185568382,
      "roll_pitch_abs_deg": 48.44715185568382,
      "roll_rate_abs_rad_s": 1.4501992464065552,
      "switch_us": 27900000,
      "velocity_ned_m_s": [
        -6.2488532066345215,
        -1.0733190774917603,
        -0.06872104853391647
      ],
      "velocity_norm_m_s": 6.3407336186505985,
      "yaw_rate_abs_rad_s": 1.154901146888733
    },
    "first_loss_us": 28620000,
    "loss_dt_s": 0.7,
    "loss_reason": "tilt>90",
    "mcnn_value_selfcheck": {
      "actuator_samples": 14996,
      "all_allocator_signature_residuals": 1342,
      "exact_neural_value_matches": 13484,
      "no_simultaneous_neural_timestamp_allocator_signature_residuals": 411,
      "simultaneous_neural_timestamp_nonmatches_with_allocator_signature": 931,
      "with_simultaneous_neural_control_timestamp": 14415
    },
    "nav23_duration_s": 62.316,
    "nav23_end_us": 90236000,
    "nav23_start_us": 27920000,
    "output_rate_hz": 237.46710315167854,
    "output_total_counts": {
      "allocator_value_residual": 1206,
      "neural_value": 13425,
      "unknown": 167
    },
    "severity": {
      "controlled": false,
      "evidence": {
        "active_motor_nonfinite": {
          "first_nonfinite": null,
          "nan_count": 0,
          "neginf_count": 0,
          "nonfinite_count": 0,
          "posinf_count": 0,
          "samples": 15033
        },
        "active_motor_saturation_count": 50253,
        "active_motor_saturation_ratio": 0.8357114348433446,
        "analysis_start_us": 27920000,
        "angular_velocity_topic": "vehicle_angular_velocity_groundtruth",
        "attitude_quaternion_finite": true,
        "attitude_topic": "vehicle_attitude_groundtruth",
        "console": {
          "fault": false,
          "matches": [],
          "px4_timeout_rc": false
        },
        "controller": "mcnn",
        "controller_active_us": 27920000,
        "final_error_to_hover_m": 14.775587543890802,
        "last_angular_rate_norm_rad_s": 13.557124593827478,
        "last_pitch_deg": -77.24541590183776,
        "last_position_ned_m": [
          -13.703075408935547,
          -4.928586483001709,
          0.00054931640625
        ],
        "last_roll_deg": 117.30338140890846,
        "last_window_angular_rate_max_rad_s": 18.243576506681702,
        "last_window_roll_pitch_max_deg": 179.91334848956092,
        "local_position_topic": "vehicle_local_position_groundtruth",
        "mission_end_reached": true,
        "mission_end_us": 90384000,
        "mode_confirmed": true,
        "network_output_nonfinite": {
          "first_nonfinite": null,
          "nan_count": 0,
          "neginf_count": 0,
          "nonfinite_count": 0,
          "posinf_count": 0,
          "samples": 14452
        },
        "neural_control_samples": 14452,
        "observation_nonfinite": {
          "first_nonfinite": null,
          "nan_count": 0,
          "neginf_count": 0,
          "nonfinite_count": 0,
          "posinf_count": 0,
          "samples": 14452
        },
        "post_switch_angular_rate_max_rad_s": 22.802473650816136,
        "post_switch_disarmed": false,
        "post_switch_error_to_hover_max_m": 14.78588913403898,
        "post_switch_failsafe": false,
        "post_switch_hover_ned": [
          0.0,
          0.0,
          -2.5
        ],
        "post_switch_min_altitude_agl_m": -0.026123046875,
        "post_switch_nav_states": [
          14,
          23
        ],
        "post_switch_roll_pitch_max_deg": 179.98953583737782,
        "switch_us": 27900000,
        "task_exit_code": 0
      },
      "reasons": [
        "angular_rate_loss_of_control",
        "attitude_tumble_over_90deg"
      ],
      "severity": 3,
      "severity_label": "S3_uncontrolled_tumble_or_loc",
      "thresholds": {
        "method_a_rate_tolerance_rad_s": 0.45,
        "method_a_roll_pitch_tolerance_deg": 8.0,
        "s0_angular_rate_rad_s": 1.0,
        "s0_final_error_m": 1.5,
        "s0_last_window_s": 2.0,
        "s0_min_altitude_agl_m": 1.0,
        "s0_roll_pitch_deg": 40.0,
        "s2_ground_contact_agl_m": 0.25,
        "s3_angular_rate_rad_s": 8.0,
        "s3_roll_pitch_deg": 90.0
      },
      "uncontrolled": true
    },
    "state_trigger": {
      "event": {
        "detail": {
          "controller_switch_s": 19.530219,
          "state": {
            "angular_rate_norm_rad_s": 2.6174479326817464,
            "angular_rate_xyz_rad_s": [
              1.4501992464065552,
              -1.847744345664978,
              1.154901146888733
            ],
            "angular_velocity_timestamp_us": 1783854964439929,
            "attitude_timestamp_us": 1783854964439929,
            "elapsed_s": 19.530219,
            "pitch_deg": 24.73831972369463,
            "pitch_rate_abs_rad_s": 1.847744345664978,
            "roll_deg": 48.44715185568382,
            "roll_pitch_abs_deg": 48.44715185568382,
            "roll_rate_abs_rad_s": 1.4501992464065552,
            "timestamp_us": 1783854964439929,
            "yaw_deg": -11.77583442376441,
            "yaw_rate_abs_rad_s": 1.154901146888733
          },
          "trigger": {
            "angular_rate_norm_max_rad_s": 2.9,
            "angular_rate_norm_min_rad_s": 2.45,
            "deadline_s": 54.0,
            "enabled": true,
            "max_topic_age_s": 0.25,
            "method": "SIH groundtruth threshold crossing",
            "roll_pitch_abs_max_deg": 62.0,
            "roll_pitch_abs_min_deg": 48.0,
            "start_s": 18.0
          }
        },
        "elapsed_s": 19.530219,
        "name": "state_trigger",
        "timestamp_us": 1783854964439929
      },
      "fired": true,
      "match": {
        "angular_rate_error_norm_rad_s": 0.0,
        "matched": true,
        "pitch_error_deg": 0.0,
        "roll_error_deg": 0.0,
        "score": 0.0,
        "switch_us": 27900000
      },
      "task_exit_code": 0
    },
    "task": "tier05_fork_20260712T090728Z/stage3_initial/evals/pair1_H_rep05_route_a_addendum3_diag_20260629_rp48_62_rate2p45_2p90_w6_r6_f045_s20262001/mcnn_gate3_route_a_addendum3_diag_20260629_rp48_62_rate2p45_2p90_w6_r6_f045_s20262001_mcnn_task.json",
    "ulog": "tier05_fork_20260712T090728Z/stage3_initial/evals/pair1_H_rep05_route_a_addendum3_diag_20260629_rp48_62_rate2p45_2p90_w6_r6_f045_s20262001/mcnn_gate3_route_a_addendum3_diag_20260629_rp48_62_rate2p45_2p90_w6_r6_f045_s20262001_mcnn.ulg"
  },
  "arm": "H",