{
  "created_utc": "2026-06-24T08:46:17.568150+00:00",
  "cutoffs_hz": [
    30.0,
    12.0,
    8.0,
    5.0
  ],
  "eval_timeout_s": 480,
  "noise_floor_applied": {
    "angular_rate_max_rad_s": 0.10308727359543512,
    "angular_rate_std_rad_s": 0.02,
    "final_error_m": 0.20935669437563864,
    "motor_saturation_ratio": 0.01,
    "roll_pitch_max_deg": 4.421915645610252,
    "roll_pitch_std_deg": 1.2023678527504846,
    "tracking_error_max_m": 0.5427140020103318,
    "tracking_error_rms_m": 0.24398915338883098
  },
  "noise_floor_json": "docs/m2_6_noise_floor_1x_20260624/noise_floor_summary.json",
  "px4_commit": "3042f906abaab7ab59ae838ad5a530a9ef3df9a6",
  "run_id": "m2_6_unshielded_scan_1x_20260624",
  "run_timeout_s": 180,
  "scope_note": "M2.6 targeted unshielded angular-rate channel scan only; not full M2b or M3.",
  "sim_speed_factor": 1.0,
  "sine_amplitude_m": 0.45,
  "sine_frequency_hz": 6.0,
  "thrust_to_weight_ratios": [
    1.743,
    2.3
  ]
}
