{
  "analysis": {
    "actuator_rate_hz": 241.04842864502834,
    "actuator_total_counts": {
      "allocator_value_residual": 1275,
      "neural_value": 13599,
      "unknown": 98
    },
    "allocator_fraction_critical_actuator": {
      "count": 19,
      "fraction": 0.07450980392156863,
      "total": 255
    },
    "allocator_fraction_critical_output": {
      "count": 18,
      "fraction": 0.07114624505928854,
      "total": 253
    },
    "allocator_fraction_full_actuator": {
      "count": 1275,
      "fraction": 0.08515896339834357,
      "total": 14972
    },
    "allocator_fraction_full_output": {
      "count": 1149,
      "fraction": 0.07754606195586151,
      "total": 14817
    },
    "exact_switch_state": {
      "angular_rate_norm_rad_s": 0.8243393017699419,
      "angular_rate_xyz_rad_s": [
        0.3962612748146057,
        -0.7074769735336304,
        0.14828559756278992
      ],
      "angular_velocity_dt_ms": 0.0,
      "angular_velocity_timestamp_us": 28032000,
      "angular_velocity_topic": "vehicle_angular_velocity_groundtruth",
      "attitude_dt_ms": 0.0,
      "attitude_timestamp_us": 28032000,
      "attitude_topic": "vehicle_attitude_groundtruth",
      "local_position_dt_ms": 0.0,
      "local_position_timestamp_us": 28032000,
      "local_position_topic": "vehicle_local_position_groundtruth",
      "pitch_deg": 13.133007909342586,
      "pitch_rate_abs_rad_s": 0.7074769735336304,
      "position_ned_m": [
        -0.5566205978393555,
        -3.151318073272705,
        -2.23114013671875
      ],
      "roll_deg": 34.63353972206045,
      "roll_pitch_abs_deg": 34.63353972206045,
      "roll_rate_abs_rad_s": 0.3962612748146057,
      "switch_us": 28032000,
      "velocity_ned_m_s": [
        -3.005460500717163,
        0.9700126647949219,
        0.26562005281448364
      ],
      "velocity_norm_m_s": 3.1692698534032684,
      "yaw_rate_abs_rad_s": 0.14828559756278992
    },
    "first_loss_us": 29216000,
    "loss_dt_s": 1.064,
    "loss_reason": "rate>8",
    "mcnn_value_selfcheck": {
      "actuator_samples": 14972,
      "all_allocator_signature_residuals": 1275,
      "exact_neural_value_matches": 13599,
      "no_simultaneous_neural_timestamp_allocator_signature_residuals": 390,
      "simultaneous_neural_timestamp_nonmatches_with_allocator_signature": 885,
      "with_simultaneous_neural_control_timestamp": 14484
    },
    "nav23_duration_s": 62.112,
    "nav23_end_us": 90264000,
    "nav23_start_us": 28152000,
    "output_rate_hz": 238.55293663060277,
    "output_total_counts": {
      "allocator_value_residual": 1149,
      "neural_value": 13573,
      "unknown": 95
    },
    "severity": {
      "controlled": false,
      "evidence": {
        "active_motor_nonfinite": {
          "first_nonfinite": null,
          "nan_count": 0,
          "neginf_count": 0,
          "nonfinite_count": 0,
          "posinf_count": 0,
          "samples": 15009
        },
        "active_motor_saturation_count": 31979,
        "active_motor_saturation_ratio": 0.5326637350922779,
        "analysis_start_us": 28152000,
        "angular_velocity_topic": "vehicle_angular_velocity_groundtruth",
        "attitude_quaternion_finite": true,
        "attitude_topic": "vehicle_attitude_groundtruth",
        "console": {
          "fault": false,
          "matches": [],
          "px4_timeout_rc": false
        },
        "controller": "mcnn",
        "controller_active_us": 28152000,
        "final_error_to_hover_m": 4.231612202968993,
        "last_angular_rate_norm_rad_s": 6.27851720618775,
        "last_pitch_deg": 35.72202094876204,
        "last_position_ned_m": [
          -3.212740182876587,
          1.15005624294281,
          0.00244140625
        ],
        "last_roll_deg": 60.99210715610611,
        "last_window_angular_rate_max_rad_s": 12.962325543945237,
        "last_window_roll_pitch_max_deg": 149.67468028989452,
        "local_position_topic": "vehicle_local_position_groundtruth",
        "mission_end_reached": true,
        "mission_end_us": 90420000,
        "mode_confirmed": true,
        "network_output_nonfinite": {
          "first_nonfinite": null,
          "nan_count": 0,
          "neginf_count": 0,
          "nonfinite_count": 0,
          "posinf_count": 0,
          "samples": 14519
        },
        "neural_control_samples": 14519,
        "observation_nonfinite": {
          "first_nonfinite": null,
          "nan_count": 0,
          "neginf_count": 0,
          "nonfinite_count": 0,
          "posinf_count": 0,
          "samples": 14519
        },
        "post_switch_angular_rate_max_rad_s": 22.543248526337894,
        "post_switch_disarmed": false,
        "post_switch_error_to_hover_max_m": 5.618756478802515,
        "post_switch_failsafe": false,
        "post_switch_hover_ned": [
          0.0,
          0.0,
          -2.5
        ],
        "post_switch_min_altitude_agl_m": -0.027313232421875,
        "post_switch_nav_states": [
          14,
          23
        ],
        "post_switch_roll_pitch_max_deg": 179.99811688786735,
        "switch_us": 28032000,
        "task_exit_code": 0
      },
      "reasons": [
        "angular_rate_loss_of_control",
        "attitude_tumble_over_90deg"
      ],
      "severity": 3,
      "severity_label": "S3_uncontrolled_tumble_or_loc",
      "thresholds": {
        "method_a_rate_tolerance_rad_s": 0.45,
        "method_a_roll_pitch_tolerance_deg": 8.0,
        "s0_angular_rate_rad_s": 1.0,
        "s0_final_error_m": 1.5,
        "s0_last_window_s": 2.0,
        "s0_min_altitude_agl_m": 1.0,
        "s0_roll_pitch_deg": 40.0,
        "s2_ground_contact_agl_m": 0.25,
        "s3_angular_rate_rad_s": 8.0,
        "s3_roll_pitch_deg": 90.0
      },
      "uncontrolled": true
    },
    "state_trigger": {
      "event": {
        "detail": {
          "controller_switch_s": 18.298878,
          "state": {
            "angular_rate_norm_rad_s": 0.8243393017699419,
            "angular_rate_xyz_rad_s": [
              0.3962612748146057,
              -0.7074769735336304,
              0.14828559756278992
            ],
            "angular_velocity_timestamp_us": 1783851509069949,
            "attitude_timestamp_us": 1783851509069949,
            "elapsed_s": 18.208878,
            "pitch_deg": 13.133007909342586,
            "pitch_rate_abs_rad_s": 0.7074769735336304,
            "roll_deg": 34.63353972206045,
            "roll_pitch_abs_deg": 34.63353972206045,
            "roll_rate_abs_rad_s": 0.3962612748146057,
            "timestamp_us": 1783851509069949,
            "yaw_deg": -9.095673935756219,
            "yaw_rate_abs_rad_s": 0.14828559756278992
          },
          "trigger": {
            "angular_rate_norm_max_rad_s": 1.3278,
            "angular_rate_norm_min_rad_s": 0.6278,
            "deadline_s": 54.0,
            "enabled": true,
            "max_topic_age_s": 0.25,
            "method": "SIH groundtruth threshold crossing",
            "roll_pitch_abs_max_deg": 42.5,
            "roll_pitch_abs_min_deg": 34.5,
            "start_s": 18.0,
            "switch_delay_s": 0.09
          }
        },
        "elapsed_s": 18.208878,
        "name": "state_trigger",
        "timestamp_us": 1783851509069949
      },
      "fired": true,
      "match": {
        "angular_rate_error_norm_rad_s": 0.0,
        "matched": true,
        "pitch_error_deg": 0.0,
        "roll_error_deg": 0.0,
        "score": 0.0,
        "switch_us": 28032000
      },
      "task_exit_code": 0
    },
    "task": "tier05_fork_20260712T090728Z/stage3_initial/evals/dense_low_modal_H_rep01_switch_severity_dense_sweep_20260630_wind_m_s_0_s2026062942/mcnn_gate3_switch_severity_dense_sweep_20260630_wind_m_s_0_s2026062942_mcnn_task.json",
    "ulog": "tier05_fork_20260712T090728Z/stage3_initial/evals/dense_low_modal_H_rep01_switch_severity_dense_sweep_20260630_wind_m_s_0_s2026062942/mcnn_gate3_switch_severity_dense_sweep_20260630_wind_m_s_0_s2026062942_mcnn.ulg"
  },