{
  "analysis": {
    "actuator_rate_hz": 241.37715179968703,
    "actuator_total_counts": {
      "allocator_value_residual": 1346,
      "neural_value": 13793,
      "unknown": 285
    },
    "allocator_fraction_critical_actuator": {
      "count": 10,
      "fraction": 0.08403361344537816,
      "total": 119
    },
    "allocator_fraction_critical_output": {
      "count": 9,
      "fraction": 0.0782608695652174,
      "total": 115
    },
    "allocator_fraction_full_actuator": {
      "count": 1346,
      "fraction": 0.08726659751037344,
      "total": 15424
    },
    "allocator_fraction_full_output": {
      "count": 1212,
      "fraction": 0.07963206307490145,
      "total": 15220
    },
    "exact_switch_state": {
      "angular_rate_norm_rad_s": 2.014482322937204,
      "angular_rate_xyz_rad_s": [
        -0.9030037522315979,
        -1.1666278839111328,
        1.3717516660690308
      ],
      "angular_velocity_dt_ms": 0.0,
      "angular_velocity_timestamp_us": 26348000,
      "angular_velocity_topic": "vehicle_angular_velocity_groundtruth",
      "attitude_dt_ms": 0.0,
      "attitude_timestamp_us": 26348000,
      "attitude_topic": "vehicle_attitude_groundtruth",
      "local_position_dt_ms": 0.0,
      "local_position_timestamp_us": 26348000,
      "local_position_topic": "vehicle_local_position_groundtruth",
      "pitch_deg": -38.90692815885429,
      "pitch_rate_abs_rad_s": 1.1666278839111328,
      "position_ned_m": [
        -4.662302017211914,
        -2.7096309661865234,
        -2.509857177734375
      ],
      "roll_deg": 36.857330664163605,
      "roll_pitch_abs_deg": 38.90692815885429,
      "roll_rate_abs_rad_s": 0.9030037522315979,
      "switch_us": 26348000,
      "velocity_ned_m_s": [
        -2.704782247543335,
        3.8854966163635254,
        -0.4909932613372803
      ],
      "velocity_norm_m_s": 4.759622395219667,
      "yaw_rate_abs_rad_s": 1.3717516660690308
    },
    "first_loss_us": 26852000,
    "loss_dt_s": 0.484,
    "loss_reason": "tilt>90",
    "mcnn_value_selfcheck": {
      "actuator_samples": 15424,
      "all_allocator_signature_residuals": 1346,
      "exact_neural_value_matches": 13793,
      "no_simultaneous_neural_timestamp_allocator_signature_residuals": 453,
      "simultaneous_neural_timestamp_nonmatches_with_allocator_signature": 893,
      "with_simultaneous_neural_control_timestamp": 14686
    },
    "nav23_duration_s": 63.9,
    "nav23_end_us": 90268000,
    "nav23_start_us": 26368000,
    "output_rate_hz": 238.1846635367762,
    "output_total_counts": {
      "allocator_value_residual": 1212,
      "neural_value": 13732,
      "unknown": 276
    },
    "severity": {
      "controlled": false,
      "evidence": {
        "active_motor_nonfinite": {
          "first_nonfinite": null,
          "nan_count": 0,
          "neginf_count": 0,
          "nonfinite_count": 0,
          "posinf_count": 0,
          "samples": 15448
        },
        "active_motor_saturation_count": 52917,
        "active_motor_saturation_ratio": 0.856372993267737,
        "analysis_start_us": 26368000,
        "angular_velocity_topic": "vehicle_angular_velocity_groundtruth",
        "attitude_quaternion_finite": true,
        "attitude_topic": "vehicle_attitude_groundtruth",
        "console": {
          "fault": false,
          "matches": [],
          "px4_timeout_rc": false
        },
        "controller": "mcnn",
        "controller_active_us": 26368000,
        "final_error_to_hover_m": 8.463071974426308,
        "last_angular_rate_norm_rad_s": 21.019122396830504,
        "last_pitch_deg": -2.1037664993827536,
        "last_position_ned_m": [
          -8.038060188293457,
          0.8226906061172485,
          0.0172119140625
        ],
        "last_roll_deg": -15.064269402709987,
        "last_window_angular_rate_max_rad_s": 22.82936953430303,
        "last_window_roll_pitch_max_deg": 179.99262944173796,
        "local_position_topic": "vehicle_local_position_groundtruth",
        "mission_end_reached": true,
        "mission_end_us": 90364000,
        "mode_confirmed": true,
        "network_output_nonfinite": {
          "first_nonfinite": null,
          "nan_count": 0,
          "neginf_count": 0,
          "nonfinite_count": 0,
          "posinf_count": 0,
          "samples": 14703
        },
        "neural_control_samples": 14703,
        "observation_nonfinite": {
          "first_nonfinite": null,
          "nan_count": 0,
          "neginf_count": 0,
          "nonfinite_count": 0,
          "posinf_count": 0,
          "samples": 14703
        },
        "post_switch_angular_rate_max_rad_s": 24.48501702539581,
        "post_switch_disarmed": false,
        "post_switch_error_to_hover_max_m": 8.463073274209618,
        "post_switch_failsafe": false,
        "post_switch_hover_ned": [
          0.0,
          0.0,
          -2.5
        ],
        "post_switch_min_altitude_agl_m": -0.0228271484375,
        "post_switch_nav_states": [
          14,
          23
        ],
        "post_switch_roll_pitch_max_deg": 179.99507727320528,
        "switch_us": 26348000,
        "task_exit_code": 0
      },
      "reasons": [
        "angular_rate_loss_of_control",
        "attitude_tumble_over_90deg"
      ],
      "severity": 3,
      "severity_label": "S3_uncontrolled_tumble_or_loc",
      "thresholds": {
        "method_a_rate_tolerance_rad_s": 0.45,
        "method_a_roll_pitch_tolerance_deg": 8.0,
        "s0_angular_rate_rad_s": 1.0,
        "s0_final_error_m": 1.5,
        "s0_last_window_s": 2.0,
        "s0_min_altitude_agl_m": 1.0,
        "s0_roll_pitch_deg": 40.0,
        "s2_ground_contact_agl_m": 0.25,
        "s3_angular_rate_rad_s": 8.0,
        "s3_roll_pitch_deg": 90.0
      },
      "uncontrolled": true
    },
    "state_trigger": {
      "event": {
        "detail": {
          "controller_switch_s": 18.002714,
          "state": {
            "angular_rate_norm_rad_s": 2.014482322937204,
            "angular_rate_xyz_rad_s": [
              -0.9030037522315979,
              -1.1666278839111328,
              1.3717516660690308
            ],
            "angular_velocity_timestamp_us": 1783854412573276,
            "attitude_timestamp_us": 1783854412573276,
            "elapsed_s": 18.002714,
            "pitch_deg": -38.90692815885429,
            "pitch_rate_abs_rad_s": 1.1666278839111328,
            "roll_deg": 36.857330664163605,
            "roll_pitch_abs_deg": 38.90692815885429,
            "roll_rate_abs_rad_s": 0.9030037522315979,
            "timestamp_us": 1783854412573276,
            "yaw_deg": -12.314401515571515,
            "yaw_rate_abs_rad_s": 1.3717516660690308
          },
          "trigger": {
            "angular_rate_norm_max_rad_s": 2.15,
            "angular_rate_norm_min_rad_s": 1.55,
            "deadline_s": 54.0,
            "enabled": true,
            "max_topic_age_s": 0.25,
            "method": "SIH groundtruth threshold crossing",
            "roll_pitch_abs_max_deg": 44.0,
            "roll_pitch_abs_min_deg": 36.0,
            "start_s": 18.0
          }
        },
        "elapsed_s": 18.002714,
        "name": "state_trigger",
        "timestamp_us": 1783854412573276
      },
      "fired": true,
      "match": {
        "angular_rate_error_norm_rad_s": 0.0,
        "matched": true,
        "pitch_error_deg": 0.0,
        "roll_error_deg": 0.0,
        "score": 0.0,
        "switch_us": 26348000
      },
      "task_exit_code": 0
    },
    "task": "tier05_fork_20260712T090728Z/stage3_initial/evals/pair4_H_rep18_route_a_addendum3_diag_20260629_rp36_44_rate1p55_2p15_w3_r4_f038_s20261902/mcnn_gate3_route_a_addendum3_diag_20260629_rp36_44_rate1p55_2p15_w3_r4_f038_s20261902_mcnn_task.json",
    "ulog": "tier05_fork_20260712T090728Z/stage3_initial/evals/pair4_H_rep18_route_a_addendum3_diag_20260629_rp36_44_rate1p55_2p15_w3_r4_f038_s20261902/mcnn_gate3_route_a_addendum3_diag_20260629_rp36_44_rate1p55_2p15_w3_r4_f038_s20261902_mcnn.ulg"
  },