{
  "analysis": {
    "actuator_rate_hz": 228.89804390213223,
    "actuator_total_counts": {
      "allocator_value_residual": 1067,
      "neural_value": 13291,
      "unknown": 199
    },
    "allocator_fraction_critical_actuator": {
      "count": 7,
      "fraction": 0.043478260869565216,
      "total": 161
    },
    "allocator_fraction_critical_output": {
      "count": 5,
      "fraction": 0.030864197530864196,
      "total": 162
    },
    "allocator_fraction_full_actuator": {
      "count": 1067,
      "fraction": 0.07329806965720959,
      "total": 14557
    },
    "allocator_fraction_full_output": {
      "count": 923,
      "fraction": 0.06350626118067978,
      "total": 14534
    },
    "exact_switch_state": {
      "angular_rate_norm_rad_s": 2.640876168114891,
      "angular_rate_xyz_rad_s": [
        1.5010358095169067,
        -1.8355677127838135,
        1.1626734733581543
      ],
      "angular_velocity_dt_ms": 0.0,
      "angular_velocity_timestamp_us": 26852000,
      "angular_velocity_topic": "vehicle_angular_velocity_groundtruth",
      "attitude_dt_ms": 0.0,
      "attitude_timestamp_us": 26852000,
      "attitude_topic": "vehicle_attitude_groundtruth",
      "local_position_dt_ms": 0.0,
      "local_position_timestamp_us": 26852000,
      "local_position_topic": "vehicle_local_position_groundtruth",
      "pitch_deg": 27.32407197730494,
      "pitch_rate_abs_rad_s": 1.8355677127838135,
      "position_ned_m": [
        -9.93004035949707,
        -4.888622760772705,
        -2.58154296875
      ],
      "roll_deg": 49.072076178994486,
      "roll_pitch_abs_deg": 49.072076178994486,
      "roll_rate_abs_rad_s": 1.5010358095169067,
      "switch_us": 26852000,
      "velocity_ned_m_s": [
        -6.609743595123291,
        -0.6164814829826355,
        -0.2745961844921112
      ],
      "velocity_norm_m_s": 6.644107379977498,
      "yaw_rate_abs_rad_s": 1.1626734733581543
    },
    "first_loss_us": 27600000,
    "loss_dt_s": 0.72,
    "loss_reason": "tilt>90",
    "mcnn_value_selfcheck": {
      "actuator_samples": 14557,
      "all_allocator_signature_residuals": 1067,
      "exact_neural_value_matches": 13291,
      "no_simultaneous_neural_timestamp_allocator_signature_residuals": 365,
      "simultaneous_neural_timestamp_nonmatches_with_allocator_signature": 702,
      "with_simultaneous_neural_control_timestamp": 13993
    },
    "nav23_duration_s": 63.596,
    "nav23_end_us": 90476000,
    "nav23_start_us": 26880000,
    "output_rate_hz": 228.53638593622242,
    "output_total_counts": {
      "allocator_value_residual": 923,
      "neural_value": 13412,
      "unknown": 199
    },
    "severity": {
      "controlled": false,
      "evidence": {
        "active_motor_nonfinite": {
          "first_nonfinite": null,
          "nan_count": 0,
          "neginf_count": 0,
          "nonfinite_count": 0,
          "posinf_count": 0,
          "samples": 14568
        },
        "active_motor_saturation_count": 55223,
        "active_motor_saturation_ratio": 0.9476764140582098,
        "analysis_start_us": 26880000,
        "angular_velocity_topic": "vehicle_angular_velocity_groundtruth",
        "attitude_quaternion_finite": true,
        "attitude_topic": "vehicle_attitude_groundtruth",
        "console": {
          "fault": false,
          "matches": [],
          "px4_timeout_rc": false
        },
        "controller": "mcnn",
        "controller_active_us": 26880000,
        "final_error_to_hover_m": 15.610615653240469,
        "last_angular_rate_norm_rad_s": 21.00920308751483,
        "last_pitch_deg": 45.59972527190179,
        "last_position_ned_m": [
          -15.046088218688965,
          -3.3198041915893555,
          0.007080078125
        ],
        "last_roll_deg": 151.04313176317507,
        "last_window_angular_rate_max_rad_s": 21.473325473230112,
        "last_window_roll_pitch_max_deg": 178.89598135254505,
        "local_position_topic": "vehicle_local_position_groundtruth",
        "mission_end_reached": true,
        "mission_end_us": 90520000,
        "mode_confirmed": true,
        "network_output_nonfinite": {
          "first_nonfinite": null,
          "nan_count": 0,
          "neginf_count": 0,
          "nonfinite_count": 0,
          "posinf_count": 0,
          "samples": 14021
        },
        "neural_control_samples": 14021,
        "observation_nonfinite": {
          "first_nonfinite": null,
          "nan_count": 0,
          "neginf_count": 0,
          "nonfinite_count": 0,
          "posinf_count": 0,
          "samples": 14021
        },
        "post_switch_angular_rate_max_rad_s": 24.344695709936204,
        "post_switch_disarmed": false,
        "post_switch_error_to_hover_max_m": 15.610615653240469,
        "post_switch_failsafe": false,
        "post_switch_hover_ned": [
          0.0,
          0.0,
          -2.5
        ],
        "post_switch_min_altitude_agl_m": -0.020904541015625,
        "post_switch_nav_states": [
          14,
          23
        ],
        "post_switch_roll_pitch_max_deg": 179.99336117034028,
        "switch_us": 26852000,
        "task_exit_code": 0
      },
      "reasons": [
        "angular_rate_loss_of_control",
        "attitude_tumble_over_90deg"
      ],
      "severity": 3,
      "severity_label": "S3_uncontrolled_tumble_or_loc",
      "thresholds": {
        "method_a_rate_tolerance_rad_s": 0.45,
        "method_a_roll_pitch_tolerance_deg": 8.0,
        "s0_angular_rate_rad_s": 1.0,
        "s0_final_error_m": 1.5,
        "s0_last_window_s": 2.0,
        "s0_min_altitude_agl_m": 1.0,
        "s0_roll_pitch_deg": 40.0,
        "s2_ground_contact_agl_m": 0.25,
        "s3_angular_rate_rad_s": 8.0,
        "s3_roll_pitch_deg": 90.0
      },
      "uncontrolled": true
    },
    "state_trigger": {
      "event": {
        "detail": {
          "controller_switch_s": 19.526495,
          "state": {
            "angular_rate_norm_rad_s": 2.640876168114891,
            "angular_rate_xyz_rad_s": [
              1.5010358095169067,
              -1.8355677127838135,
              1.1626734733581543
            ],
            "angular_velocity_timestamp_us": 1783848449149035,
            "attitude_timestamp_us": 1783848449149035,
            "elapsed_s": 19.526495,
            "pitch_deg": 27.32407197730494,
            "pitch_rate_abs_rad_s": 1.8355677127838135,
            "roll_deg": 49.072076178994486,
            "roll_pitch_abs_deg": 49.072076178994486,
            "roll_rate_abs_rad_s": 1.5010358095169067,
            "timestamp_us": 1783848449149035,
            "yaw_deg": -11.908814785141784,
            "yaw_rate_abs_rad_s": 1.1626734733581543
          },
          "trigger": {
            "angular_rate_norm_max_rad_s": 2.9,
            "angular_rate_norm_min_rad_s": 2.45,
            "deadline_s": 54.0,
            "enabled": true,
            "max_topic_age_s": 0.25,
            "method": "SIH groundtruth threshold crossing",
            "roll_pitch_abs_max_deg": 62.0,
            "roll_pitch_abs_min_deg": 48.0,
            "start_s": 18.0
          }
        },
        "elapsed_s": 19.526495,
        "name": "state_trigger",
        "timestamp_us": 1783848449149035
      },
      "fired": true,
      "match": {
        "angular_rate_error_norm_rad_s": 0.0,
        "matched": true,
        "pitch_error_deg": 0.0,
        "roll_error_deg": 0.0,
        "score": 0.0,
        "switch_us": 26852000
      },
      "task_exit_code": 0
    },
    "task": "tier05_fork_20260712T090728Z/stage0_legacy/evals/pair1_A_rep04_route_a_addendum3_diag_20260629_rp48_62_rate2p45_2p90_w6_r6_f045_s20262001/mcnn_gate3_route_a_addendum3_diag_20260629_rp48_62_rate2p45_2p90_w6_r6_f045_s20262001_mcnn_task.json",
    "ulog": "tier05_fork_20260712T090728Z/stage0_legacy/evals/pair1_A_rep04_route_a_addendum3_diag_20260629_rp48_62_rate2p45_2p90_w6_r6_f045_s20262001/mcnn_gate3_route_a_addendum3_diag_20260629_rp48_62_rate2p45_2p90_w6_r6_f045_s20262001_mcnn.ulg"
  },